Item ID,Name,Description,Image,Category,Vendor,Purchase Cost,Sale Price,Location,Stock,Minimum Inventory,¿Discontinued?,UOM
MTTO-0001,"SOLERA 1"" X ¼"" X 6MTS",USO GENERAL DE HERRERIA,Items_Images/MTTO-0001.Image.163526.png,e4249c50,3900dab9,$1.00,$260.00,7066317f,0,1,FALSE,PIEZAS
MTTO-0002,FILTRO ACEITE B252 BALDWIN,FILTRO DE ACEITE PARA BOMBAS DE VACIO DE PALETAS ROTATIVAS,Items_Images/MTTO-0002.Image.071009.jpg,CAT002,804de554,,,LOC0021,35,1,FALSE,PIEZAS
MTTO-0003,ACEITE TRANSMISION ISO 220,ACEITE PARA TRANSMISION PRINCIPAL Y ENGRANAJES,Items_Images/MTTO-0003.Image.190453.jpg,CAT002,,,,26813a72,806,1,FALSE,LITROS
MTTO-0004,ACEITE MOLYKOTE L-1668 FM,ACEITE USADO PARA LAS BOMBAS DE VACIO DE PALETAS ROTATIVAS,Items_Images/MTTO-0004.Image.171041.jpg,CAT002,,,,26813a72,0,2,TRUE,LITROS
MTTO-0005,"MATRACA INALÁMBRICA DEWALT DE 12V, 1/4 PULG SIN BATERIA",MATRACA INALAMBRICA,Items_Images/MTTO-0005.Image.210151.png,CAT001,PROV001,,,84e30ac4,1,1,FALSE,PIEZAS
MTTO-0006,"DISCO CORTE PARA METAL DE 4 1/2""",DISCO PARA ESMERILADORA ANGULAR,Items_Images/MTTO-0006.Image.223407.jpg,CAT002,PROV001,$14.95,,LOC0120,23,1,FALSE,PIEZAS
MTTO-0007,"DISCO DESBASTE PARA METAL 4 1/2""",DISCO PARA ESMERILADORA ANGULAR,Items_Images/MTTO-0007.Image.223602.jpg,CAT002,PROV001,,,LOC0120,5,1,FALSE,PIEZAS
MTTO-0008,DADO PARA EXTRUSOR USADO,DADO ESTRUSOR,,,,,,,0,1,FALSE,PIEZAS
MTTO-0009,"VALVULA DE BOLA 1"" CON ACTUADOR NEUMATICO SIMPLE EFECTO RETORNO CON MUELLE, G1/4",VALVULA CON ACTUADOR NEUMATICO 1”,Items_Images/MTTO-0009.Image.213608.jpg,CAT004,,,,LOC0082,2,1,FALSE,PIEZAS
MTTO-0010,"VALVULA DE BOLA 1/2"" CON ACTUADOR NEUMATICO DOBLE EFECTO, G1/4","VALVULA DE BOLA 1/2"" CON ACTUADOR NEUMATICO DOBLE EFECTO",Items_Images/MTTO-0010.Image.213844.jpg,CAT004,,,,LOC0082,1,1,FALSE,PIEZAS
MTTO-0011,"TORNILLO HEXAGONAL M16 X 55MM, PASO 2.0, PAVONADO",TORNILLO USO GENERAL,Items_Images/MTTO-0011.Image.163650.png,CAT010,fc5645e9,,,LOC0044,3,1,FALSE,PIEZAS
MTTO-0012,PISTON NEUMATICO PARA COMPUERTA ALIMENTADORES,PISTON PARA COMPUERTA DE ALIMENTADORES,Items_Images/MTTO-0012.Image.214130.jpg,CAT004,,,,LOC0082,2,2,FALSE,PIEZAS
MTTO-0013,ELIMINADOR DE 9VDC,CONVIERTE CORRIENTE ALTARNA,Items_Images/MTTO-0013.Image.165410.png,CAT006,,,,,0,1,FALSE,PIEZAS
MTTO-0014,INTERRUPTOR TERMOMAGNETICO RIEL DIN 20AMP 2 FASES,INTERRUPTOR TERMOMAGNETICO,Items_Images/MTTO-0014.Image.191848.jpg,CAT006,1ce673ed,,,LOC0064,0,1,FALSE,PIEZAS
MTTO-0015,BOMBA DE ANILLO LIQUIDO GRANDE,BOMBA DE ANILLO G,,CAT003,,,,,0,1,FALSE,PIEZAS
MTTO-0016,BOMBA DE PALETA ROTATIVA,BOMBA ROTATIVA,,CAT003,,,,,0,1,FALSE,PIEZAS
MTTO-0017,"RELEVADOR ESTADO SOLIDO 20AMP 1POLO, 3-32VDC.",RELEVADOR SOLIDO 1 POLO,Items_Images/MTTO-0017.Image.151901.jpg,CAT006,1ce673ed,,,LOC0058,5,1,FALSE,PIEZAS
MTTO-0018,"LAMINA EMPAQUE DE GRAFITO, 60"" X 60""",EMPAQUE PARA ACOPLAMIENTO DE SECCIONES DE CANON,Items_Images/MTTO-0018.Image.142122.png,CAT008,e0a455a9,"$9,999.20",,7066317f,2,1,FALSE,METROS
MTTO-0019,BALERO HK 1816B,BALERO HK,Items_Images/MTTO-0019.Image.220332.jpg,CAT009,e0a455a9,,,LOC0022,3,1,FALSE,PIEZAS
MTTO-0020,CABLE UNIPOLAR NEGRO CALIBRE 10AWG,CABLE UNIPOLAR NEGRO CALIBRE 10AWG,Items_Images/MTTO-0020.Image.144245.jpg,CAT006,,,,LOC0069,72,1,FALSE,METROS
MTTO-0021,CINTA MOMIA PARA TUBERIA DE AIRE ACONDICIONADO,CINTA DECORATIVA PARA TUBERIA DE AIRES ACONDICIONADOS,Items_Images/MTTO-0021.Image.141549.png,CAT002,PROV001,,,LOC0093,8,1,FALSE,PIEZAS
MTTO-0022,"INTERRUPTOR TERMOMAGNETICO 200A, 3 FASES, DS1250-200",INTERRUPTOR TERMOMAGNETICO,Items_Images/MTTO-0022.Image.192108.jpg,CAT006,1ce673ed,,,LOC0063,1,1,FALSE,PIEZAS
MTTO-0023,PERNO M5 X 60MM PARA SEGUROS DE TINAS TURBINAS ALIMENTACION,PERNO M5 X 60MM,,,,,,,0,1,FALSE,PIEZAS
MTTO-0024,"BROCA ALTA VELOCIDAD 3/4"" ENTRADA DE 1/2""",BROCA USO GENERAL,Items_Images/MTTO-0024.Image.135253.png,CAT001,PROV001,,,c44b408e,2,1,FALSE,PIEZAS
MTTO-0025,CONECTOR RAPIDO NEUMATICO RECTO DE 8MM,CONECTOR RAPIDO NEUMATICO,Items_Images/MTTO-0025.Image.214054.png,CAT004,2c6c8db2,,,LOC0083,20,1,FALSE,PIEZAS
MTTO-0026,"BROCA ALTA VELOCIDAD 15/16"" ENTRADA DE 1/2""",BROCA 15/16,Items_Images/MTTO-0026.Image.140252.png,CAT001,PROV001,,,c44b408e,1,1,FALSE,PIEZAS
MTTO-0027,"BROCA ALTA VELOCIDAD 7/8"" ENTRADAD DE 1/2""",BROCA 7/8,Items_Images/MTTO-0027.Image.010555.jpg,CAT001,PROV001,,,c44b408e,2,1,FALSE,PIEZAS
MTTO-0028,"BROCA ALTA VELOCIDAD 5/8"" ENTRADA DE 1/2""",BROCA USO GENERAL,Items_Images/MTTO-0028.Image.135007.png,CAT001,PROV001,,,c44b408e,3,1,FALSE,PIEZAS
MTTO-0029,"BROCA ALTA VELOCIDAD 1/2"" ENTRADA DE 1/2""",BROCA 1/2,Items_Images/MTTO-0029.Image.135456.png,CAT001,PROV001,,,c44b408e,1,1,FALSE,PIEZAS
MTTO-0030,"MACHUELO M24, PASO 3.0 RECTO",MACHUELO RECTO,Items_Images/MTTO-0030.Image.205425.jpg,CAT001,PROV001,,,LOC0120,3,1,FALSE,PIEZAS
MTTO-0031,"ABRAZADERA DE PERNOS PARA TUBOS (COMPLES MORRIS) 2 1/2""",ABRAZADERAS PARA LOS TUBOS INOXIDABLES DE LAS TURBINAS DE ALIMENTACION.,Items_Images/MTTO-0031.Image.145910.png,CAT003,a5eff119,"$1,525.13",,7066317f,0,1,FALSE,PIEZAS
MTTO-0032,"JUEGO DE CLAVIJAS PARA TERMOPARES, MACHO Y HEMBRA",JUEGO DE CLAVIJAS,Items_Images/MTTO-0032.Image.165015.png,CAT006,,,,LOC0071,1,1,FALSE,PIEZAS
MTTO-0033,TERMINAL ZAPATA CAL. 1/0 OJILLO DE 12MM,TERMINAL ZAPATA 12MM,Items_Images/MTTO-0033.Image.152126.png,CAT002,,,,LOC0094,28,1,FALSE,PIEZAS
MTTO-0034,"BISAGRA TUBULAR SOLDABLE 3/8"" X 1 7/8""",BISAGRA TOBULAR 3/8,Items_Images/MTTO-0034.Image.214848.png,CAT003,PROV001,,,LOC0046,2,1,FALSE,PIEZAS
MTTO-0035,"CONECTOR RAPIDO NEUMATICO 1/8"" NPT, 90°, A MANGUERA DE 12MM",CONECTOR RAPIDO 90° 1/8,Items_Images/MTTO-0035.Image.214654.jpg,CAT004,2c6c8db2,,,LOC0083,5,1,FALSE,PIEZAS
MTTO-0036,FUSIBLES DE CRISTAL FAME 10 AMP,FUSIBLE FAME,Items_Images/MTTO-0036.Image.162013.jpg,CAT006,,,,LOC0094,3,1,FALSE,PIEZAS
MTTO-0037,FUSIBLES DE CRISTAL FAME 2 AMP,FUSIBLE FAME,Items_Images/MTTO-0037.Image.162223.jpg,CAT006,,,,LOC0094,3,1,FALSE,PIEZAS
MTTO-0038,FUSIBLES DE CRISTAL FEUR 2 AMP,FUSIBLE FEUR,Items_Images/MTTO-0038.Image.175826.png,CAT006,,,,LOC0094,6,1,FALSE,PIEZAS
MTTO-0039,FUSIBLES DE CRISTAL FEUR 0.5 AMP,FUSIBLE FEUR,Items_Images/MTTO-0039.Image.175258.png,CAT006,,,,LOC0094,7,1,FALSE,PIEZAS
MTTO-0040,FUSIBLES DE CRISTAL FEUR 1 AMP,FUSIBLE FEUR,Items_Images/MTTO-0040.Image.175555.png,CAT006,,,,LOC0094,5,1,FALSE,PIEZAS
MTTO-0041,FUSIBLES DE CRISTAL FEUR 3 AMP,FUSIBLE FEUR,Items_Images/MTTO-0041.Image.180049.png,CAT006,,,,LOC0094,1,1,FALSE,PIEZAS
MTTO-0042,"FUNDA DE CABLE TRENZADO NEGRO EXTENSIBLE 1/2""",FUNDA DE CLABLE,Items_Images/MTTO-0042.Image.204419.png,CAT002,,,,,0,1,FALSE,PIEZAS
MTTO-0043,FUSIBLES DE CRISTAL FEUR 6.3 AMP,FUSIBLE FEUR,Items_Images/MTTO-0043.Image.180156.png,CAT006,,,,LOC0094,10,1,FALSE,PIEZAS
MTTO-0044,"CONECTOR RAPIDO NEUMATICO RECTO MACHO 3/8"" NPT A MANGUERA 8MM",CONECTOR RAPIDO PARA MANGUERA NEUMATICA,Items_Images/MTTO-0044.Image.214837.jpg,CAT004,2c6c8db2,,,LOC0083,36,1,FALSE,PIEZAS
MTTO-0045,"CONECTOR RAPIDO NEUMATICO 1/4"" NPT, 90°, A MANGUERA DE 12MM",CONECTOR RAPIDO 1/4 90°,Items_Images/MTTO-0045.Image.215022.jpg,CAT004,2c6c8db2,,,LOC0083,8,1,FALSE,PIEZAS
MTTO-0046,"CONECTOR RAPIDO NEUMATICO RECTO MACHO 1/4"" NPT A MANGUERA 10MM",CONECTOR RAPIDO NEUMATICO,Items_Images/MTTO-0046.Image.140251.png,CAT004,2c6c8db2,,,LOC0083,16,1,FALSE,PIEZAS
MTTO-0047,"CONECTOR RAPIDO NEUMATICO RECTO MACHO 3/8"" NPT A MANGUERA 12MM",CONECTOR RAPIDO NEUMATICO,Items_Images/MTTO-0047.Image.215501.jpg,CAT004,2c6c8db2,,,LOC0083,11,1,FALSE,PIEZAS
MTTO-0048,CONECTOR RAPIDO NEUMATICO RECTO DE 6MM,CONECTOR RAPIDO NEUMATICO,Items_Images/MTTO-0048.Image.214035.png,CAT004,2c6c8db2,,,LOC0083,14,1,FALSE,PIEZAS
MTTO-0049,"CONTACTO AUXILIAR SIEMENS 3RH2911-1FA22, 2NO-2NC",CONTACTO AUXILIAR 1FA22 2NO-2NC,Items_Images/MTTO-0049.Image.214414.jpg,CAT006,1ce673ed,,,LOC0076,2,1,FALSE,PIEZAS
MTTO-0050,"REGULADOR DE CAUDAL NEUMATICO CKD, SC3W-8-8",REFACCIÓN NEUMATICA PARA PISTONES,Items_Images/MTTO-0050.Image.151122.png,CAT004,2c6c8db2,,,LOC0082,0,1,FALSE,PIEZAS
MTTO-0051,"CONECTOR RAPIDO NEUMATICO RECTO MACHO 1/4"" NPT A MANGUERA 6MM",CONECTOR RAPIDO NEUMATICO,Items_Images/MTTO-0051.Image.190951.png,CAT004,2c6c8db2,,,LOC0083,1,1,FALSE,PIEZAS
MTTO-0052,CONECTOR RAPIDO NEUMATICO EN YEE DE 8MM,CONECTOR RAPIDO NEUMATICO,Items_Images/MTTO-0052.Image.215138.png,CAT004,2c6c8db2,$77.24,,LOC0083,11,1,FALSE,PIEZAS
MTTO-0053,"BISAGRA TUBULAR SOLDABLE 5/8"" X 2 5/8""",BISAGRA TOBULAR 5/8,Items_Images/MTTO-0053.Image.214809.png,CAT003,PROV001,,,LOC0046,0,1,FALSE,PIEZAS
MTTO-0054,"BISAGRA TUBULAR SOLDABLE 1/2"" X 2 1/8""",BISAGRA TABULAR 1/2,Items_Images/MTTO-0054.Image.214931.png,CAT003,PROV001,,,LOC0046,0,1,FALSE,PIEZAS
MTTO-0055,LAMINA DE METAL ANTIDERRAPANTE 1.25MTS X 3MTS X 2MM,LAMINA DE METAL 1.25MTS,Items_Images/MTTO-0055.Image.214303.png,db498a61,,,,7066317f,12,1,FALSE,PIEZAS
MTTO-0056,"BISAGRA PARA PUERTA 3"" X 3""",BISAGRA PARA PUERTA 3X3,Items_Images/MTTO-0056.Image.143930.png,CAT003,PROV001,,,LOC0010,0,1,FALSE,PIEZAS
MTTO-0057,"CLAVIJA DE MEDIA VUELTA 3 FASES, 1 TIERRA, NEMA L16-20",CLAVIJA DE MEDIA VUELTA,Items_Images/MTTO-0057.Image.152907.png,CAT003,,,,LOC0053,0,1,FALSE,PIEZAS
MTTO-0058,JUEGO DE FRESAS DE CARBURO PARA MOTOTOOL 20PZA,"DESBASTAR, CORTAR Y PULIR MATERIALES DUROS",Items_Images/MTTO-0058.Image.165619.png,CAT001,PROV001,,,,0,1,FALSE,PIEZAS
MTTO-0059,"RESISTENCIA CARTUCHO 3/8"" X 27.55"", 780W, 220V",RESISTENCIA CALEFACTORA,Items_Images/MTTO-0059.Image.222130.png,CAT003,a5e797e4,,,LOC0033,0,1,FALSE,PIEZAS
MTTO-0060,"RESISTENCIA CARTUCHO 155 MM X 19.90 MM, 1100W, 440V",RESISTENCIA CALEFACTORA,Items_Images/MTTO-0060.Image.150449.jpg,CAT003,a5e797e4,,,LOC0034,6,1,FALSE,PIEZAS
MTTO-0061,"RESISTENCIA CARTUCHO 170 MM X 16.90 MM, 600W, 260V",RESISTENCIA CALEFACTORA,Items_Images/MTTO-0061.Image.144220.jpg,CAT003,a5e797e4,,,LOC0034,22,1,FALSE,PIEZAS
MTTO-0062,"RESISTENCIA CARTUCHO 160 MM X 11.90 MM, 600W, 250V",RESISTENCIA CALEFACTORA,Items_Images/MTTO-0062.Image.144335.jpg,CAT003,a5e797e4,,,LOC0034,1,1,FALSE,PIEZAS
MTTO-0063,"BROCA ALTA VELOCIDAD 7/16"" ENTRADAD DE 1/2""",BROCA USO GENERAL,Items_Images/MTTO-0063.Image.135944.png,CAT001,PROV001,,,c44b408e,2,1,FALSE,PIEZAS
MTTO-0064,"VALVULA SOLENOIDE 220V AB41-03-5-B2E-AC220V, CKD",VALVULA SOLENOIDE,Items_Images/MTTO-0064.Image.152553.png,CAT004,,,,LOC0081,1,1,FALSE,PIEZAS
MTTO-0065,FLUXOMETRO DE BOTON PARA MIGITORIO 4401,FLUXOMETRO DE BOTON,Items_Images/MTTO-0065.Image.215013.jpg,CAT007,,,,LOC0011,0,1,FALSE,PIEZAS
MTTO-0066,AIRE COMPRIMIDO LATA 330ML (REMOVEDOR DE POLVO),AIRE COMPRIMIDO,Items_Images/MTTO-0066.Image.160530.jpg,CAT002,,,,LOC0004,0,1,FALSE,PIEZAS
MTTO-0067,"CONECTOR MACHO POW STS 6 6,0 40AG, 70.210.0653",CONECTOR MACHO,Items_Images/MTTO-0067.Image.233125.png,CAT006,,,,LOC0099,0,1,FALSE,PIEZAS
MTTO-0068,MANGUERA NEUMATICA NARANJA EXTENSIBLE,MANGUERA,Items_Images/MTTO-0068.Image.213940.png,CAT004,2c6c8db2,,,LOC0083,9,1,FALSE,PIEZAS
MTTO-0069,PALETAS DE BAQUELITA 220MM X 57MM X 6MM (B#2),PALETAS PARA BOMBAS,,,,,,,0,1,FALSE,PIEZAS
MTTO-0070,"SILENCIADORES DE AIRE 1/4"" NPT",SILENCIADOR NEUMATICO DE BRONCE SINTERIZADO,Items_Images/MTTO-0070.Image.211059.png,CAT010,,,,LOC0083,7,1,FALSE,PIEZAS
MTTO-0071,"CONTACTO AUXILIAR SCHNEIDER LANN20N, NO-NO",CONTACTO LANN20N NO-NO,Items_Images/MTTO-0071.Image.203539.jpg,CAT006,1ce673ed,,,LOC0076,4,1,FALSE,PIEZAS
MTTO-0072,"CONTACTO AUXILIAR SIEMENS 3RH2921-1DA11, NO-NC",CONTACTO 1DA11 NO-NC,Items_Images/MTTO-0072.Image.203958.jpg,CAT006,1ce673ed,,,LOC0076,2,1,FALSE,PIEZAS
MTTO-0073,"CONTACTO AUXILIAR SCHNEIDER LANN11N, NO-NC",CONTACTO LANN11N NO-NC,Items_Images/MTTO-0073.Image.204148.jpg,CAT006,1ce673ed,,,LOC0076,1,1,FALSE,PIEZAS
MTTO-0074,SOPORTE PARA EXTINTORES,SOPORTE PARA EXTINTORES,Items_Images/MTTO-0074.Image.134128.png,CAT002,,,,LOC0052,10,1,FALSE,PIEZAS
MTTO-0075,"CLAVIJA DE MEDIA VUELTA 3 FASES, 1 TIERRA, NEMA L19-30",CLAVIJA DE MEDIA VUELTA PARA REVOLVEDORAS CHICAS ESTANDAR,Items_Images/MTTO-0075.Image.141323.png,CAT006,,,,LOC0053,4,1,FALSE,PIEZAS
MTTO-0076,RETEN 3547-7 VITON,RETEN DE VITON,Items_Images/MTTO-0076.Image.165107.jpg,CAT008,32918d31,,,LOC0015,14,1,FALSE,PIEZAS
MTTO-0077,BANDAS B-125,BANDAS B-125,Items_Images/MTTO-0077.Image.151906.jpg,CAT003,e0a455a9,,,LOC0014,9,1,FALSE,PIEZAS
MTTO-0078,CABLE 25HILOS CALIBRE 20AWG,CABLE 25 HILOS,Items_Images/MTTO-0078.Image.213931.png,CAT006,,,,LOC0069,0,1,FALSE,METROS
MTTO-0079,"SILENCIADORES DE AIRE 1/8"" NPT",SILENCIADOR NEUMATICO DE BRONCE SINTERIZADO,Items_Images/MTTO-0079.Image.211242.png,CAT010,,,,LOC0083,5,1,FALSE,PIEZAS
MTTO-0080,CABLE UNIPOLAR NEGRO CALIBRE 12AWG,CABLE UNIPOLAR NEGRO CALIBRE 12AWG,Items_Images/MTTO-0080.Image.215313.jpg,CAT006,,,,LOC0069,130,1,FALSE,METROS
MTTO-0081,CABLE PARA TERMOPARES ACERADO DE 2HILOS,CABLE DOS HILOS,Items_Images/MTTO-0081.Image.182406.png,CAT006,,,,LOC0054,1,1,FALSE,METROS
MTTO-0082,CONTACTO DUPLEX ALTA RESISTENCIA 125V-20A,CONTACTO DUPLEX COMPLETOS 125V-20A,Items_Images/MTTO-0082.Image.144605.jpg,CAT006,PROV001,,,LOC0071,1,1,FALSE,PIEZAS
MTTO-0083,"TERMOMETRO BIMETALICO RG-1350-03406, CARATULA 3"", VASTAGO 6"", CONEXION 1/2"" NPTF, 0-300°C",TERMOMETRO,Items_Images/MTTO-0083.Image.134907.jpg,CAT003,,,,LOC0100,2,1,FALSE,PIEZAS
MTTO-0084,SIERRA CIRCULAR SC907A,CORTADORA USO GENERAL,Items_Images/MTTO-0084.Image.213609.png,CAT001,PROV001,,,7066317f,0,1,FALSE,PIEZAS
MTTO-0085,"CINTA DE ALUMINIO 2"" X 50YDS",CINTA DE ALUMINIO PARA SELLADO DE TUBERIAS DE ALIMENTADORES,Items_Images/MTTO-0085.Image.152132.jpg,CAT002,PROV001,,,218b4280,4,1,FALSE,PIEZAS
MTTO-0086,CINTA SCOTCH BLUE #2090,CINTA DE PAPEL AZUL,Items_Images/MTTO-0086.Image.164502.jpg,CAT002,PROV001,,,LOC0120,0,1,FALSE,PIEZAS
MTTO-0087,CINTA DELIMITADORA DE AREA NEGRO-AMARILLO,CINTA DELIMITADORA,Items_Images/MTTO-0087.Image.193003.jpg,CAT002,PROV001,,,LOC0093,0,1,FALSE,PIEZAS
MTTO-0088,HOJA LIJA DE ESMERIL GRANO 80,HOJA DE LIJA GRAND 80,Items_Images/MTTO-0088.Image.164014.jpg,CAT002,,,,LOC0106,28,1,FALSE,PIEZAS
MTTO-0089,HOJA LIJA DE AGUA GRANO 1200,HOJA LIJA DE AGUA 1200,Items_Images/MTTO-0089.Image.164310.jpg,CAT002,,,,LOC0106,99,1,FALSE,PIEZAS
MTTO-0090,"DISCO CORTE PARA CONCRETO 4 1/2""",DISCO PARA EMSERILADORA ANGULAR,Items_Images/MTTO-0090.Image.143910.png,CAT002,PROV001,,,LOC0106,0,1,FALSE,PIEZAS
MTTO-0091,"CEPILLO DE ALAMBRE ONDULADO, CARDA 6""",USO GENERAL,Items_Images/MTTO-0091.Image.224257.jpg,CAT002,PROV001,,,LOC0106,1,1,FALSE,PIEZAS
MTTO-0092,"RUEDA DE ESMERIL DE 6"" X 1/2"" X 1"" GRANO 60",ESMERIL USO GENERAL,Items_Images/MTTO-0092.Image.223500.jpg,CAT002,,,,LOC0106,2,1,FALSE,PIEZAS
MTTO-0093,"DISCO CORTE PARA MADERA 7 1/4""",DISCO PARA CORTADORA DE BANCO,Items_Images/MTTO-0093.Image.143756.png,CAT002,PROV001,,,LOC0106,0,1,TRUE,PIEZAS
MTTO-0094,VENTILADOR 15050B2HT 220-240V,VENTILADORES PARA LOS HORNOS SECADORES,Items_Images/MTTO-0094.Image.165345.jpg,CAT003,1ce673ed,,,LOC0101,0,1,FALSE,PIEZAS
MTTO-0095,"TRANSFORMADOR 220V-36V, BK-25VA",TRANSFORMADOR 220V-36V,Items_Images/MTTO-0095.Image.192821.jpg,CAT006,,,,LOC0063,3,1,FALSE,PIEZAS
MTTO-0096,CINTA PAPEL PARA JUNTAS PANEL REY 5.3 X 76.25 CM,CINTA PARA TRABAJOS DE TABLAROCA,Items_Images/MTTO-0096.Image.141752.png,CAT002,PROV001,,,LOC0093,13,1,FALSE,METROS
MTTO-0097,"CINTA MASKING 1""",CINTA MASKING,Items_Images/MTTO-0097.Image.165003.jpg,CAT002,PROV001,,,LOC0120,3,1,FALSE,PIEZAS
MTTO-0098,"CORDON DE TEFLON GRAFITADO CUADRADO 1/2""",CORDON DE TEFLON,Items_Images/MTTO-0098.Image.154829.jpg,CAT002,,,,LOC0003,3,1,FALSE,METROS
MTTO-0099,"VALVULA CHECK DE LATON 2""",VALVULA,Items_Images/MTTO-0099.Image.163429.png,CAT007,,,,e3c7b211,1,1,FALSE,PIEZAS
MTTO-0100,INTERRUPTOR TERMOMAGNETICO RIEL DIN 63AMP 3 FASES,INTERRUPTOR TERMOMAGNETICO,Items_Images/MTTO-0100.Image.192952.jpg,CAT006,1ce673ed,,,LOC0064,2,1,FALSE,PIEZAS
MTTO-0101,PORTAFUSIBLE 32AMP 3 POLOS 10X38MM,PORTAFUSIBLE 3 POLOS,Items_Images/MTTO-0101.Image.193148.jpg,CAT006,1ce673ed,,,LOC0064,6,1,FALSE,PIEZAS
MTTO-0102,"INTERRUPTOR TERMOMAGNETICO RIEL DIN 4AMP, 3 FASES",INTERRUPTOR TERMOMAGNETICO,Items_Images/MTTO-0102.Image.145004.png,CAT006,1ce673ed,,,LOC0064,0,1,FALSE,PIEZAS
MTTO-0103,PORTAFUSIBLE 125AMP 1 POLO 22X58MM,PORTAFUSIBLE 125AMP,Items_Images/MTTO-0103.Image.193421.jpg,CAT006,1ce673ed,,,LOC0064,4,1,FALSE,PIEZAS
MTTO-0104,"CONECTOR RAPIDO NEUMATICO RECTO MACHO 3/8"" NPT A MANGUERA 6MM",CONECTOR RAPIDO NEUMATICO,Items_Images/MTTO-0104.Image.191750.png,CAT004,2c6c8db2,,,LOC0083,10,1,FALSE,PIEZAS
MTTO-0105,"CONTACTOR TRIFASICO SIEMENS 110V, 3RT2026-1AK60",CONTACTOR TRIFASICO,Items_Images/MTTO-0105.Image.221258.jpg,CAT006,1ce673ed,,,LOC0076,0,1,FALSE,PIEZAS
MTTO-0106,"INTERRUPTOR TERMOMAGNETICO RIEL DIN 20AMP, 3 FASES",INTERRUPTOR TERMOMAGNETICO 3 FASES,Items_Images/MTTO-0106.Image.145253.jpg,CAT006,1ce673ed,,,LOC0064,2,1,FALSE,PIEZAS
MTTO-0107,RELEVADOR ESTADO SOLIDO 50AMP 1POLO-SAP4050D-4-32VDC.,RELEVADOR DE ESTADO SOLIDO 50 AMP,Items_Images/MTTO-0107.Image.194800.jpg,CAT006,1ce673ed,,,LOC0058,6,1,FALSE,PIEZAS
MTTO-0108,PISTON NEUMATICO SDA- 40X100,PISTON SDA,Items_Images/MTTO-0108.Image.140852.jpg,CAT006,,,,LOC0082,2,1,FALSE,PIEZAS
MTTO-0109,"CONTACTOR TRIFASICO SIEMENS 110V, 3RT2017-1AK61",CONTACTOR TRIFASICO,Items_Images/MTTO-0109.Image.165633.jpg,CAT006,1ce673ed,,,LOC0076,3,1,FALSE,PIEZAS
MTTO-0110,"INTERRUPTOR TERMOMAGNETICO RIEL DIN 50AMP, 3 FASES",INTERRUPTOR TERMOMAGNETICO,Items_Images/MTTO-0110.Image.145239.png,CAT006,1ce673ed,,,LOC0063,0,1,FALSE,PIEZAS
MTTO-0111,"CONTACTOR TRIFASICO ANDELI 36V, CJX2-1201",CONTROL ELECTRICO,Items_Images/MTTO-0111.Image.170001.jpg,CAT006,1ce673ed,,,LOC0076,1,1,FALSE,PIEZAS
MTTO-0112,"CAUDALIMETRO LZM-25 20-170LPM, 1""BSPT",CAUDALIMETRO,Items_Images/MTTO-0112.Image.162557.png,CAT004,,,,LOC0093,3,1,FALSE,PIEZAS
MTTO-0113,"VALVULA SOLENOIDE 220V ADCCOM PU225 SS 03, 0-10KGF/CM2",VALVULA SOLENOIDE 220V,Items_Images/MTTO-0113.Image.150310.jpg,CAT005,,,,LOC0081,17,1,FALSE,PIEZAS
MTTO-0114,"CONTACTOR TRIFASICO SIEMENS 220V, 3RU1116-1GB0",CONTACTOR TRIFASICO,Items_Images/MTTO-0114.Image.222228.jpg,CAT006,1ce673ed,,,LOC0076,1,1,FALSE,PIEZAS
MTTO-0115,"RELE TERMOMAGNETICO SIEMENS, 20-25A, 3RU2126-4DB0",RELE TERMOMAGNETICO,Items_Images/MTTO-0115.Image.153654.jpg,CAT006,1ce673ed,,,LOC0076,4,1,FALSE,PIEZAS
MTTO-0116,"RELE TERMOMAGNETICO SIEMENS, 7-10A, 3RU2116-1JB0",RELE TERMOMAGNETICO,Items_Images/MTTO-0116.Image.155151.jpg,CAT006,1ce673ed,,,LOC0076,6,1,FALSE,PIEZAS
MTTO-0117,ACOPLAMIENTO ESTRELLA  L090,COMPONENTE MECÁNICO UTILIZADO PARA CONECTAR DOS EJES,Items_Images/MTTO-0117.Image.184138.png,CAT003,,,,LOC0074,1,1,FALSE,PIEZAS
MTTO-0118,"DISYUNTOR TRIFASICO SIEMENS, 10-16A, 3RV2021-4AA15",CONTACTOR USO GENERAL,Items_Images/MTTO-0118.Image.143615.png,CAT006,1ce673ed,,,LOC0064,0,1,FALSE,PIEZAS
MTTO-0119,"CONTACTOR TRIFASICO SIEMENS 220V, 3RU2116-1HB0",CONTACTOR TRIFASICO,Items_Images/MTTO-0119.Image.222626.jpg,CAT006,1ce673ed,,,LOC0076,1,1,FALSE,PIEZAS
MTTO-0120,"DISYUNTOR TRIFASICO SCHNEIDER, 6-10A, GZ1N14N",DISYUNTOR TRIFASICO,Items_Images/MTTO-0120.Image.161115.jpg,CAT006,1ce673ed,,,LOC0076,1,1,FALSE,PIEZAS
MTTO-0121,"INTERRUPTOR TERMOMAGNETICO ENCHUFABLE 30A, 2 FASES, SQUARE D",INTERRUPTOR TERMOMAGNETICO,Items_Images/MTTO-0121.Image.134923.png,CAT006,1ce673ed,,,LOC0064,0,1,FALSE,PIEZAS
MTTO-0122,LAMPARA TUBO LED T5,LAMPARA DE TUBO,Items_Images/MTTO-0122.Image.152935.png,CAT006,,,,LOC0078,0,1,FALSE,PIEZAS
MTTO-0123,RELEVADOR OMRON G2R-2-SND 24VDC 8 PUNTAS,RELEVADOR USO GENERAL CONTROL ELECTRICO,Items_Images/MTTO-0123.Image.162652.png,CAT006,1ce673ed,$675.08,,LOC0065,15,1,FALSE,PIEZAS
MTTO-0124,"INTERRUPTOR TERMOMAGNETICO 230/400V, IC60N, C 10A",INTERRUPTOR TERMOMAGNETICO C10 A,Items_Images/MTTO-0124.Image.213345.png,CAT006,1ce673ed,,,LOC0064,1,1,FALSE,PIEZAS
MTTO-0125,"CONECTOR RAPIDO NEUMATICO RECTO HEMBRA 1/4"" NPT A MANGUERA 10MM",CONECTOR RAPIDO NEUMATICO,Items_Images/MTTO-0125.Image.191143.png,CAT004,2c6c8db2,,,LOC0083,10,1,FALSE,PIEZAS
MTTO-0126,"TUERCA HEXAGONAL, 1/4",TUERCA HEXAGONAL,Items_Images/MTTO-0126.Image.194720.png,CAT010,fc5645e9,,,LOC0094,28,1,FALSE,PIEZAS
MTTO-0127,CINTA DELIMITADORA DE PRECAUCION AMARILLA,CINTA DELIMITADORA DE PRECAUCION,Items_Images/MTTO-0127.Image.170316.jpg,CAT002,PROV001,,,92bd79f5,3,1,FALSE,PIEZAS
MTTO-0128,"MANGUERA INDUSTRIAL TRANSPARENTE DE 1/2""",MANGUERA USO GENERAL,Items_Images/MTTO-0128.Image.143234.png,CAT002,,,,7066317f,7,1,FALSE,PIEZAS
MTTO-0129,"RECEPTACULO 3 FASES, 1 TIERRA, NEMA L15-30",RECEPTACULO 3 FASES,Items_Images/MTTO-0129.Image.215327.png,CAT006,,,,LOC0053,2,1,FALSE,PIEZAS
MTTO-0130,"RECEPTACULO 3 FASES, 1 TIERRA, NEMA L16-30",RECEPTACULO 3 FASES,Items_Images/MTTO-0130.Image.215812.png,CAT006,,,,LOC0053,2,1,FALSE,PIEZAS
MTTO-0131,LAMPARA DE EMERGENCIA LED LLOYD'S LP-331,LED DE EMERGENCIA,Items_Images/MTTO-0131.Image.162434.png,CAT006,,,,LOC0060,3,1,FALSE,PIEZAS
MTTO-0132,"VALVULA MANUAL NEUMATICA PULL-PUSH, 3 VIAS, 2 POSICIONES, 1/4"", MODELO: 3R210-08",VALVULA MANUAL,Items_Images/MTTO-0132.Image.163135.png,CAT004,,,,LOC0082,2,1,FALSE,PIEZAS
MTTO-0133,PORTAFUSIBLE 50AMP 1 POLO 14X51MM,PORTAFUSIBLE 50AMP,Items_Images/MTTO-0133.Image.193612.jpg,CAT006,1ce673ed,$274.55,,LOC0064,18,1,FALSE,PIEZAS
MTTO-0134,"LAMPARA TUBO LED T8 OSRAM 16W, 6500K, 120CM, G13",LAMPARA DE TUBO,Items_Images/MTTO-0134.Image.152817.png,CAT006,1ce673ed,,,LOC0078,10,1,FALSE,PIEZAS
MTTO-0135,"LAMINA DE SILICON 20"" X 40"" ESPESOR 3MM",LAMINA PARA  EMPAQUES,Items_Images/MTTO-0135.Image.193202.png,CAT002,,,,7066317f,4,1,FALSE,PIEZAS
MTTO-0136,CABLE UNIPOLAR AZUL CALIBRE 20AWG,CABLE CALIBRE 20AWG,Items_Images/MTTO-0136.Image.214411.png,CAT002,,,,7066317f,0,1,FALSE,METROS
MTTO-0137,MOBIL ACEITE SINTETICO SHC 627 CUBETA 4 LT,LUBRICANTE INDUSTRIAL,Items_Images/MTTO-0137.Image.142042.png,CAT002,,,,26813a72,4,1,TRUE,LITROS
MTTO-0138,"TAQUETE TIPO Z EXPANSIVO 5/8"" X 2"" SIN TORNILLO 3/8""",USO GENERAL,Items_Images/MTTO-0138.Image.201940.png,CAT002,PROV001,,,LOC0094,7,1,FALSE,PIEZAS
MTTO-0139,FUSIBLES DE CRISTAL FAME 15 AMP,FUSIBLE FAME,Items_Images/MTTO-0139.Image.174912.png,CAT006,,,,LOC0094,3,1,FALSE,PIEZAS
MTTO-0140,FUSIBLES DE CRISTAL FAME 1 AMP,FUSIBLE FAME,Items_Images/MTTO-0140.Image.174537.png,CAT006,,,,LOC0094,13,1,FALSE,PIEZAS
MTTO-0141,FUSIBLES DE CRISTAL FAME 25 AMP,FUSIBLE FAME,Items_Images/MTTO-0141.Image.175039.png,CAT006,,,,LOC0094,3,1,FALSE,PIEZAS
MTTO-0142,FUSIBLES DE CRISTAL FAME 5 AMP,FUSIBLE FAME,Items_Images/MTTO-0142.Image.174733.png,CAT006,,,,LOC0094,3,1,FALSE,PIEZAS
MTTO-0143,CABLE 3X4/0AWG - 1X2/0AWG (PRIMER TRAMO),CABLE ELECTRICO,Items_Images/MTTO-0143.Image.214343.jpg,CAT006,,,,c4b19a8c,10,1,FALSE,METROS
MTTO-0144,"PIJAS CABEZA COMBINADA DE #8 X 1""",USO GENERAL,Items_Images/MTTO-0144.Image.195135.png,CAT010,fc5645e9,,,LOC0046,96,10,FALSE,PIEZAS
MTTO-0145,"PIJABROCA CABEZA HEXAGONAL #8 X 1/2""",TORNILLERIA USO GENERAL,Items_Images/MTTO-0145.Image.213120.jpg,CAT010,fc5645e9,,,LOC0094,0,1,FALSE,PIEZAS
MTTO-0146,BISAGRA PARA MARCO DE ALUMINIO,BISAGRA PARA MARCO DE ALUMINIO,Items_Images/MTTO-0146.Image.211349.jpg,CAT003,PROV001,,,LOC0010,6,1,FALSE,PIEZAS
MTTO-0147,CHUMACERA DE CORREDERA SKF YAR 205-2F,CHUMACERA PARA RODILLOS JALADORES,Items_Images/MTTO-0147.Image.000309.jpg,CAT003,e0a455a9,,,LOC0029,1,1,FALSE,PIEZAS
MTTO-0148,"CLAVIJA DE MEDIA VUELTA 2 FASES, 1 TIERRA, NEMA L7-15",CLAVIJA DE MEDIA VUELTA,Items_Images/MTTO-0148.Image.144952.png,CAT006,,,,LOC0053,2,1,FALSE,PIEZAS
MTTO-0149,"PIJABROCA CABEZA CRUZ  #8 X 3/4""",TORNILLERIA USO GENERAL,Items_Images/MTTO-0149.Image.210354.jpg,CAT010,fc5645e9,,,LOC0094,0,1,FALSE,PIEZAS
MTTO-0150,"PREZURIZADOR 12A, 1HP/1.5HP, 1""X1"", 110/220V 1F AUTORESET EVANS",PRESURIZADOR 12A,Items_Images/MTTO-0150.Image.143157.jpg,CAT005,3a4110bf,,,LOC0011,1,1,FALSE,PIEZAS
MTTO-0151,"PIJASBROCA CABEZA HEXAGONAL #14 X 3/4""",TORNILLERIA USO GENERAL,Items_Images/MTTO-0151.Image.212146.jpg,CAT002,fc5645e9,,,LOC0094,18,1,FALSE,PIEZAS
MTTO-0152,"PIJABROCA CABEZA HEXAGONAL #14 X 1""",TORNILLERIA USO GENERAL,Items_Images/MTTO-0152.Image.212308.jpg,CAT010,fc5645e9,,,LOC0094,300,1,FALSE,PIEZAS
MTTO-0153,"TAQUETE DE FIJACION 3/8""",USO GENERAL,Items_Images/MTTO-0153.Image.201651.png,CAT002,PROV001,,,LOC0106,59,1,FALSE,PIEZAS
MTTO-0154,ARNES PARA TRANSDUCTOR 0-10V,CONEXIONES PARA SEÑALES PRECISAS,Items_Images/MTTO-0154.Image.191745.png,CAT006,1ce673ed,,,LOC0065,0,1,FALSE,PIEZAS
MTTO-0155,CLEMA CERAMICA 2 POLOS CALIBRE 8,CLEMA CERMICA,Items_Images/MTTO-0155.Image.200348.png,CAT006,,,,LOC0118,22,1,FALSE,PIEZAS
MTTO-0156,"TAQUETE PARA TABLAROCA DE 1/4""",USO EN TABLAROCA,Items_Images/MTTO-0156.Image.201728.png,CAT002,PROV001,,,LOC0106,0,1,FALSE,PIEZAS
MTTO-0157,"CINTA TEFLON 1/2 """,CINTA PARA SELLAR UNIONES DE TUBERIAS,Items_Images/MTTO-0157.Image.162841.jpg,CAT002,PROV001,,,218b4280,0,1,FALSE,PIEZAS
MTTO-0158,ARNES PARA TRANSDUCTOR 4-20MA,CONEXION PARA SEÑALES PRECISAS,Items_Images/MTTO-0158.Image.191918.png,CAT006,1ce673ed,,,LOC0065,12,1,FALSE,PIEZAS
MTTO-0159,"TORNILLO HEXAGONAL M16 X 60MM, PASO 2.0, PAVONADO",TORNILLERIA USO GENERAL,Items_Images/MTTO-0159.Image.164642.png,CAT010,fc5645e9,,,LOC0044,4,1,FALSE,PIEZAS
MTTO-0160,"PUSHBUTTON 4 PINES, TARJETAS ELECTRONICAS",BOTON DE TRAJETAS ELECTRONICAS,Items_Images/MTTO-0160.Image.144006.png,CAT006,PROV001,,,LOC0056,0,1,FALSE,PIEZAS
MTTO-0161,FUSIBLES CERAMICOS 22X58 80 AMP,FUSIBLES USO GENERAL,Items_Images/MTTO-0161.Image.153000.png,CAT006,1ce673ed,,,LOC0118,1,1,FALSE,PIEZAS
MTTO-0162,FUSIBLES CERAMICOS 14X51 32 AMP,FUSIBLES USO GENERAL,Items_Images/MTTO-0162.Image.151646.png,CAT006,1ce673ed,,,LOC0118,6,3,FALSE,PIEZAS
MTTO-0163,FUSIBLES CERAMICOS 22X58 63 AMP,FUSIBLES USO GENERAL,Items_Images/MTTO-0163.Image.152849.png,CAT006,1ce673ed,,,LOC0118,18,1,FALSE,PIEZAS
MTTO-0164,FUSIBLES CERAMICOS 10X38 32 AMP,FUSIBLES USO GENERAL,Items_Images/MTTO-0164.Image.151856.png,CAT006,1ce673ed,,,LOC0118,0,3,FALSE,PIEZAS
MTTO-0165,FUSIBLES DE CRISTAL FAME 30 AMP,FUSIBLE FAME,Items_Images/MTTO-0165.Image.175736.png,CAT006,,,,LOC0094,5,1,FALSE,PIEZAS
MTTO-0166,"PASADOR DE BARRIL CROMO 3"" LARGO",PASADOR DE BARRIL,Items_Images/MTTO-0166.Image.211621.jpg,CAT003,bc0b8156,,,LOC0010,6,1,FALSE,PIEZAS
MTTO-0167,"CONECTOR RAPIDO NEUMATICO RECTO MACHO 1/8"" NPT A MANGUERA 8MM",CONECTOR RAPIDO NEUMATICO,Items_Images/MTTO-0167.Image.215636.png,CAT004,2c6c8db2,,,LOC0083,11,1,FALSE,PIEZAS
MTTO-0168,"CONECTOR RAPIDO NEUMATICO RECTO MACHO 1/4"" NPT A MANGUERA 8MM",CONECTOR RAPIDO PARA MANGUERA NEUMATICA,Items_Images/MTTO-0168.Image.214615.png,CAT004,2c6c8db2,$48.72,,LOC0083,206,1,FALSE,PIEZAS
MTTO-0169,"TORNILLO ALLEN CABEZA PLANA 6 X 30MM, PASO 16, INOXIDABLE",TORNILLERIA USO GENERAL,Items_Images/MTTO-0169.Image.211722.png,CAT010,fc5645e9,,,LOC0094,4,1,FALSE,PIEZAS
MTTO-0170,"ADAPTADORES DE MANGUERA HIDRAULICA RECTO, JIC ABOCINADO DE 37, 7001, 8-8",ADAPTADOR HIDRAULICO,Items_Images/MTTO-0170.Image.153512.jpg,CAT003,344207b0,,,LOC0083,10,1,FALSE,PIEZAS
MTTO-0171,"TORNILLO ALLEN CILINDRICO M8 X 50MM, PASO 1.25 PAVONADO",TORNILLERIA USO GENERAL,Items_Images/MTTO-0171.Image.184813.png,CAT010,fc5645e9,,,LOC0046,94,1,FALSE,PIEZAS
MTTO-0172,"BISAGRA PARA PUERTA 3"" X 2""",BISAGRA PARA PUERTA 3X2,Items_Images/MTTO-0172.Image.144035.png,CAT003,PROV001,,,LOC0010,0,1,FALSE,PIEZAS
MTTO-0173,"TORNILLO ALLEN CILINDRICO M10 X 15MM, PASO 1.50, PAVONADO",PARA TAPAS DEL CAMBIAMALLAS,Items_Images/MTTO-0173.Image.173817.png,CAT010,fc5645e9,,,LOC0045,186,1,FALSE,PIEZAS
MTTO-0174,"SOPLETE CON MANGUERA PARA GAS,  ANTORCHAS",SOPLETE CON MANGUERA,Items_Images/MTTO-0174.Image.154004.jpg,CAT001,PROV001,,,LOC0032,2,1,FALSE,PIEZAS
MTTO-0175,VACIO 02,,,,,,,,0,0,FALSE,PIEZAS
MTTO-0176,BANDAS B-65,BANDAS B-65 MOLINO DE REFIL L3,Items_Images/MTTO-0176.Image.152104.jpg,CAT003,e0a455a9,$81.20,,LOC0014,12,1,FALSE,PIEZAS
MTTO-0177,NAVAJAS PARA EL REFIL / CUCHILLAS CIRCULARES,NAJAVAS DE REFIL,Items_Images/MTTO-0177.Image.212504.png,CAT003,,,,LOC0113,84,1,FALSE,PIEZAS
MTTO-0178,BANDAS B-73,BANDAS B-73,Items_Images/MTTO-0178.Image.152327.jpg,CAT003,e0a455a9,,,LOC0014,3,1,FALSE,PIEZAS
MTTO-0179,BANDAS B-162,BANDAS B-162,Items_Images/MTTO-0179.Image.210856.jpg,CAT003,e0a455a9,,,LOC0020,3,1,FALSE,PIEZAS
MTTO-0180,BANDAS B-88,BANDAS B-88,Items_Images/MTTO-0180.Image.152706.jpg,CAT003,e0a455a9,,,LOC0014,6,1,FALSE,PIEZAS
MTTO-0181,BANDAS B-148,BANDAS B-148,Items_Images/MTTO-0181.Image.211131.jpg,CAT003,e0a455a9,,,LOC0020,9,1,FALSE,PIEZAS
MTTO-0182,PANTALLA SIEMENS- 6AV2 124-OMC01-OAXO,PANTALLA SIEMENS,Items_Images/MTTO-0182.Image.154031.jpg,CAT006,,,,LOC0036,5,2,FALSE,CAJAS
MTTO-0183,BANDAS 5V1060,BANDAS 5V1060,Items_Images/MTTO-0183.Image.155303.jpg,CAT002,e0a455a9,,,LOC0026,11,1,FALSE,PIEZAS
MTTO-0184,CHUMACERA DE PARED FY 1.3/4 TF,CHUMACERA PARA REVOLVEDORA CHICA,Items_Images/MTTO-0184.Image.203449.jpg,CAT003,e0a455a9,,,LOC0029,1,1,FALSE,PIEZAS
MTTO-0185,"TORNILLO ALLEN CILINDRICO M12 X 40MM, PASO 1.75",TORNILLERIA USO GENERAL,Items_Images/MTTO-0185.Image.142740.png,CAT010,fc5645e9,$0.00,,LOC0045,41,1,FALSE,PIEZAS
MTTO-0186,EMBUDO CUELLO FLEXIBLE,EMBUDO CUELLO FLEXIBLE,Items_Images/MTTO-0186.Image.211020.png,CAT002,PROV001,,,84e30ac4,1,1,FALSE,PIEZAS
MTTO-0187,CUÑA CUADRADA DE ACERO,USO GENERAL EN MAQUINARIA,Items_Images/MTTO-0187.Image.211122.png,CAT003,,,,LOC0042,15,1,FALSE,PIEZAS
MTTO-0188,"TORNILLO HEXAGONAL M16 X 45MM, PASO 2.0, PAVONADO",TORNILLO USO GENERAL,Items_Images/MTTO-0188.Image.163457.png,CAT010,fc5645e9,,,LOC0044,18,1,FALSE,PIEZAS
MTTO-0189,SAL DE MAR,SAL DE GRANO/ MAR,Items_Images/MTTO-0189.Image.194929.png,CAT002,,,,c6acf83a,640,1,FALSE,KILOGRAMOS
MTTO-0190,JUEGO DE EXTRACTORES COLA DE COCHINO Y BROCAS,JUEGO USO GENERAL,Items_Images/MTTO-0190.Image.140817.png,CAT001,PROV001,,,c44b408e,1,1,FALSE,PIEZAS
MTTO-0191,"CLEMA CERAMICA 2 POLOS, 220V, 30AMP",CLEMA CERMICA,Items_Images/MTTO-0191.Image.212641.png,CAT006,,,,LOC0118,6,1,FALSE,PIEZAS
MTTO-0192,"TORNILLO HEXAGONAL M16 X 20MM, PASO 2.0, PAVONADO",TORNILLO USO GENERAL,Items_Images/MTTO-0192.Image.164053.png,CAT010,fc5645e9,,,LOC0044,4,1,FALSE,PIEZAS
MTTO-0193,"ADAPTADORES DE MANGUERA HIDRAULICA RECTO, JIC ABOCINADO DE 37 NPTF, 2404-16-16",ADAPTADOR HIDRAULICO,Items_Images/MTTO-0193.Image.214840.png,CAT003,344207b0,,,LOC0083,5,1,FALSE,PIEZAS
MTTO-0194,"FLOTADOR ELECTRICO CON CONTRAPESO, CABLE 3M",FLOTADOR ELECTRICO,Items_Images/MTTO-0194.Image.145929.jpg,CAT007,,,,LOC0011,8,1,FALSE,PIEZAS
MTTO-0195,ESTATOR NETZSCH NM008 03 S NEMOLAST S459,UTILIZADO EN BOMBAS,Items_Images/MTTO-0195.Image.000222.jpg,CAT002,,,,LOC0107,2,1,FALSE,PIEZAS
MTTO-0196,ESTATOR SEEPEX 103/0005-24 FPM SPECIAL 0677,USO GENERAL,Items_Images/MTTO-0196.Image.000433.jpg,CAT007,,,,LOC0107,2,2,FALSE,PIEZAS
MTTO-0197,BALERO NA4914-XL,BALEROS,Items_Images/MTTO-0197.Image.142709.jpg,CAT009,e0a455a9,,,LOC0023,2,1,FALSE,PIEZAS
MTTO-0198,ARRANCADOR DIRECTO KRIPAL UKQ-1818-220V,ARRANCADOR DIRECTO KRIPAL UKQ,Items_Images/MTTO-0198.Image.133916.png,CAT006,,,,LOC0077,0,1,FALSE,PIEZAS
MTTO-0199,BALERO 23026-E1A-XL-M-C3,BALEROS PARA RODILLOS CROMADOS L3,Items_Images/MTTO-0199.Image.145747.jpg,CAT009,e0a455a9,"$6,368.40",,LOC0023,2,1,FALSE,PIEZAS
MTTO-0200,BALERO NA6914-ZW,BALEROS,Items_Images/MTTO-0200.Image.193221.jpg,CAT009,e0a455a9,"$2,563.60",,LOC0023,3,1,FALSE,PIEZAS
MTTO-0201,RETEN 5080-10 VITON,RETEN DE VITON,Items_Images/MTTO-0201.Image.195625.jpg,CAT008,32918d31,,,LOC0016,5,1,FALSE,PIEZAS
MTTO-0202,RETEN 3042-7 VITON,RETEN DE VITON,Items_Images/MTTO-0202.Image.153942.jpg,CAT008,32918d31,,,LOC0015,28,1,FALSE,PIEZAS
MTTO-0203,RETEN 4565-10 VITON,RETEN DE VITON,Items_Images/MTTO-0203.Image.154204.jpg,CAT008,32918d31,,,LOC0015,10,1,FALSE,PIEZAS
MTTO-0204,RETEN 2238-7 VITON,RETEN DE VITON,Items_Images/MTTO-0204.Image.161139.png,CAT008,32918d31,,,LOC0015,0,1,FALSE,PIEZAS
MTTO-0205,RETEN 3572-10 VITON,RETEN DE VITON,Items_Images/MTTO-0205.Image.154503.jpg,CAT008,32918d31,,,LOC0015,11,1,FALSE,PIEZAS
MTTO-0206,RETEN 2545-7 VITON,RETEN DE VITON,Items_Images/MTTO-0206.Image.195446.jpg,CAT008,32918d31,,,LOC0015,7,1,FALSE,PIEZAS
MTTO-0207,RETEN 2547-7 VITON,RETEN DE VITON,Items_Images/MTTO-0207.Image.155244.jpg,CAT008,32918d31,,,LOC0015,8,1,FALSE,PIEZAS
MTTO-0208,RETEN 2535-7 VITON,RETEN DE VITON,Items_Images/MTTO-0208.Image.155659.jpg,CAT008,32918d31,,,LOC0015,3,1,FALSE,PIEZAS
MTTO-0209,RETEN 2035-7 VITON,RETEN DE VITON,Items_Images/MTTO-0209.Image.160001.jpg,CAT008,32918d31,,,LOC0015,10,1,FALSE,PIEZAS
MTTO-0210,RETEN 4055-8 VITON,RETEN DE VITON,Items_Images/MTTO-0210.Image.160328.jpg,CAT008,32918d31,,,LOC0015,6,1,FALSE,PIEZAS
MTTO-0211,RETEN 4565-8 VITON,RETEN DE VITON,Items_Images/MTTO-0211.Image.160518.jpg,CAT008,32918d31,,,LOC0015,3,1,FALSE,PIEZAS
MTTO-0212,RETEN 4060-10 VITON,RETEN DE VITON,Items_Images/MTTO-0212.Image.161407.png,CAT008,e0a455a9,,,LOC0015,15,1,FALSE,PIEZAS
MTTO-0213,RETEN 4562-7 VITON,RETEN DE VITON,Items_Images/MTTO-0213.Image.163739.jpg,CAT008,32918d31,,,LOC0015,4,1,FALSE,PIEZAS
MTTO-0214,"INTERRUPTOR TERMOMAGNETICO 60A, 3 FASES, HDA36060",INTERRUPTOR TERMOMAGNETICO 60A,Items_Images/MTTO-0214.Image.194253.jpg,CAT006,1ce673ed,,,LOC0063,1,1,FALSE,PIEZAS
MTTO-0215,BALERO 6204-2Z,BALERO,Items_Images/MTTO-0215.Image.131910.jpg,CAT009,e0a455a9,,,LOC0022,6,1,FALSE,PIEZAS
MTTO-0216,RETEN 5062-8 VITON,RETEN DE VITON,Items_Images/MTTO-0216.Image.163941.jpg,CAT008,32918d31,,,LOC0015,2,1,FALSE,PIEZAS
MTTO-0217,RETEN 5062-10 VITON,RETEN DE VITON,Items_Images/MTTO-0217.Image.164120.jpg,CAT008,32918d31,,,LOC0015,1,1,FALSE,PIEZAS
MTTO-0218,BALERO 6207-2Z,BALEROS DE USO GENERAL,Items_Images/MTTO-0218.Image.155605.jpg,CAT009,e0a455a9,$139.20,,LOC0028,1,1,FALSE,PIEZAS
MTTO-0219,BALERO 6208-2Z,BALEROS,Items_Images/MTTO-0219.Image.201501.jpg,CAT009,e0a455a9,,,LOC0028,13,1,FALSE,PIEZAS
MTTO-0220,BALERO 6308-2Z,BALEROS USO GENERAL,Items_Images/MTTO-0220.Image.165622.png,CAT009,e0a455a9,$246.00,,LOC0022,3,1,FALSE,PIEZAS
MTTO-0221,BALERO 6905-2Z,BALERO,Items_Images/MTTO-0221.Image.132453.jpg,CAT009,e0a455a9,,,LOC0022,8,1,FALSE,PIEZAS
MTTO-0222,BALERO 6210-2Z,BALEROS,Items_Images/MTTO-0222.Image.201840.jpg,CAT009,e0a455a9,,,LOC0028,5,1,FALSE,PIEZAS
MTTO-0223,BALERO 6008-2ZR,BALERO,Items_Images/MTTO-0223.Image.185130.jpg,CAT009,e0a455a9,,,LOC0028,3,1,FALSE,PIEZAS
MTTO-0224,BALERO NA4906-XL,BALEROS,Items_Images/MTTO-0224.Image.202029.jpg,CAT009,e0a455a9,"$1,055.60",,LOC0028,21,1,FALSE,PIEZAS
MTTO-0225,"REMACHE 1/8"" X 1/4""",REMACHERA USO GENERAL,Items_Images/MTTO-0225.Image.191704.png,CAT002,PROV001,,,LOC0094,12,1,FALSE,PIEZAS
MTTO-0226,"TORRETA DE SENAL LUMINICA, AMBAR, ROJO, VERDE, Q-LIGHT, 220VAC, ST56ELF-3",TORRETA DE SENAL LUMINICA,Items_Images/MTTO-0226.Image.190947.jpg,CAT003,,,,LOC0056,1,1,FALSE,PIEZAS
MTTO-0227,"MANGUERA POLIFLEX NEGRA 3/4"".",MANGUERA USO GENERAL,Items_Images/MTTO-0227.Image.220355.png,CAT002,,,,LOC0098,0,1,FALSE,METROS
MTTO-0228,SILICON RTV 100 ROJO ALTA TEMPERATURA,SILICON ROJO ALTA TEMPERATURA,Items_Images/MTTO-0228.Image.141012.jpg,CAT002,PROV001,,,LOC0107,0,1,FALSE,PIEZAS
MTTO-0229,"MANGUERA POLIFLEX NEGRA 1"".",MANGUERA FLEXIBLE USO GENERAL,Items_Images/MTTO-0229.Image.220213.png,CAT002,,,,LOC0098,3,1,FALSE,METROS
MTTO-0230,CONECTOR RAPIDO NEUMATICO EN TEE DE 8MM,CONECTOR RAPIDO NEUMATICO,Items_Images/MTTO-0230.Image.171805.jpg,CAT004,2c6c8db2,,,LOC0083,11,1,FALSE,PIEZAS
MTTO-0231,"INTERRUPTOR TERMOMAGNETICO RIEL DIN 32AMP, 3 FASES",INTERRUPTOR TERMOMAGNETICO,Items_Images/MTTO-0231.Image.194500.jpg,CAT006,1ce673ed,,,LOC0064,3,1,FALSE,PIEZAS
MTTO-0232,"RELE TERMOMAGNETICO SIEMENS, 3.5-5A, 3RU2116-1FB0",RELE TERMOMAGNETICO,Items_Images/MTTO-0232.Image.223000.jpg,CAT006,1ce673ed,,,LOC0076,1,1,FALSE,PIEZAS
MTTO-0233,BOMBA SUMERGIBLE 1/4-NPT LITTLE GIANT 501500,BOMBA SUMERGIBLE,Items_Images/MTTO-0233.Image.172552.jpg,CAT005,f0d77596,"$1,758.56",,LOC0053,4,1,FALSE,PIEZAS
MTTO-0234,HOJAS DE SEGUETA 18 DPP,USO GENERAL,Items_Images/MTTO-0234.Image.223127.jpg,CAT002,,,,LOC0106,18,1,FALSE,PIEZAS
MTTO-0235,HOJAS DE SEGUETA 24 DPP,USO GENERAL,Items_Images/MTTO-0235.Image.223247.jpg,CAT002,,,,LOC0106,6,1,FALSE,PIEZAS
MTTO-0236,PELICULA DE HULE ANTIDERRAPANTE NEGRA,MALLA ANTIDERRAPANTE,Items_Images/MTTO-0236.Image.214407.png,CAT002,,,,7066317f,20,2,FALSE,METROS
MTTO-0237,JUEGO DE BROCAS DE COBALTO DE 29PZS,BROCA DE COVALTO,Items_Images/MTTO-0237.Image.185920.png,CAT001,PROV001,,,LOC0117,1,1,FALSE,KITS
MTTO-0238,SIRENA TIPO CORNETA HARDEN 30W,SIRENA TIPO CORNETA,Items_Images/MTTO-0238.Image.191607.jpg,84388e9b,,,,LOC0057,1,1,FALSE,PIEZAS
MTTO-0239,TORRETA KOJAC ROJA,TORRETA KOJAC ROJA,Items_Images/MTTO-0239.Image.191711.jpg,CAT006,,,,LOC0057,1,1,FALSE,PIEZAS
MTTO-0240,"SENSOR DE FLUJO FS1 FLOW SWITCH 1/2"" NPT",SENSOR DE FLUJO 1/2”,Items_Images/MTTO-0240.Image.200157.jpg,CAT005,,,,LOC0017,1,1,FALSE,PIEZAS
MTTO-0241,VOLTIMETRO ANALOGICO 0-450V,VOLTIMETRO 0-450V,Items_Images/MTTO-0241.Image.195547.jpg,CAT006,,,,LOC0058,2,1,FALSE,PIEZAS
MTTO-0242,"MANOMETRO CONEXION INFERIOR 1/4"" NPT, CARATULA 63MM, 0 - 160 PSI CON GLICERINA",MANOMETRO USO GENERAL,Items_Images/MTTO-0242.Image.191407.jpg,84388e9b,e0a455a9,,,LOC0100,0,1,FALSE,PIEZAS
MTTO-0243,"MANOMETRO CONEXION POSTERIOR 1/8"" NPT, CARATULA 63MM, 0 - 15 MPA CON GLICERINA",MANOMETRO USO GENERAL,Items_Images/MTTO-0243.Image.140341.jpg,84388e9b,e0a455a9,,,LOC0100,1,1,FALSE,PIEZAS
MTTO-0244,"MANOMETRO CONEXION INFERIOR 1/4"" NPT, CARATULA 63MM, 0 - 5000 PSI CON GLICERINA",MANOMETRO USO GENERAL,Items_Images/MTTO-0244.Image.140131.jpg,CAT003,e0a455a9,,,LOC0100,1,1,FALSE,PIEZAS
MTTO-0245,"MANOMETRO CONEXION POSTERIOR 1/4"" NPT, CARATULA 63MM, 0 - -14 PSI CON GLICERINA",MANOMETRO USO GENERAL,Items_Images/MTTO-0245.Image.140437.jpg,CAT003,e0a455a9,,,LOC0100,1,1,FALSE,PIEZAS
MTTO-0246,"VACUOMETRO CONEXION INFERIOR 1/4"" NPT, DE -30 -0 INHG, CARATULA 2.5"" CON GLICERINA",VACUOMETROS PARA LAS BOMBAS DE VACIO,Items_Images/MTTO-0246.Image.155258.png,CAT003,e0a455a9,,,LOC0100,1,1,FALSE,PIEZAS
MTTO-0247,"REMACHE 3/16"" X 5/8""",REMACHE USO GENERAL,Items_Images/MTTO-0247.Image.191615.png,CAT002,PROV001,,,LOC0094,11,1,FALSE,PIEZAS
MTTO-0248,"INTERRUPTOR TERMOMAGNETICO RIEL DIN 25AMP, 3 FASES",INTERRUPTOR TERMOMAGNETICO,Items_Images/MTTO-0248.Image.145135.png,CAT006,1ce673ed,,,LOC0064,0,1,FALSE,PIEZAS
MTTO-0249,VARIADOR DE FRECUENCIA DELTA VFD-037EL23A-5HP 220V 6.5 KVA,VARIADOS DE FRECUENCIA,Items_Images/MTTO-0249.Image.212641.jpg,CAT006,,,,LOC0058,1,1,FALSE,PIEZAS
MTTO-0250,"LAMINA EMPAQUE NITRILO VERDE,  60""",EMPAQUES PARA JUNTAS,Items_Images/MTTO-0250.Image.195005.png,CAT008,e0a455a9,"$2,865.20",,7066317f,0,1,FALSE,METROS
MTTO-0251,"TEMPORIZADOR AUTONICS AT8N, 110-240VAC, 24-240VDC",TIMMER ANALOGICO,Items_Images/MTTO-0251.Image.195951.jpg,CAT006,1ce673ed,,,LOC0058,4,1,FALSE,PIEZAS
MTTO-0252,VOLTIMETRO ANALOGICO 0-300V,VOLTIMETRO 0-300V,Items_Images/MTTO-0252.Image.200137.jpg,CAT006,,,,LOC0058,1,1,FALSE,PIEZAS
MTTO-0253,VARIADOR DE FRECUENCIA DELTA VFD-015E43A-2HP 480V 3.3 KVA,VARIADOR DE FRECUENCIA,Items_Images/MTTO-0253.Image.224051.jpg,CAT006,,,,LOC0059,1,1,FALSE,PIEZAS
MTTO-0254,"POTENCIOMETRO MULTIVUELTA 10KOHM, 3540S-1-103 1942",POTENCIOMETRO 10KOHM,Items_Images/MTTO-0254.Image.191147.jpg,CAT006,,,,LOC0056,2,1,FALSE,PIEZAS
MTTO-0255,"CONTACTOR TRIFASICO ANDELI 220V, CJX2-8011",CONTACTOR TRIFASICO,Items_Images/MTTO-0255.Image.150544.jpg,CAT006,1ce673ed,,,LOC0077,2,1,FALSE,PIEZAS
MTTO-0256,CABLE ALTA TEMPERATURA FIBRA DE VIDRIO CALIBRE 12AWG,CABLE DE ALTA TEMPERATURA PARA DADO CAMBIAMALLAS O CANON,Items_Images/MTTO-0256.Image.165649.png,CAT006,a5e797e4,$219.21,,LOC0069,99,1,FALSE,METROS
MTTO-0257,"SENSOR DE PROXIMIDAD INDUCTIVO 4MM, PNP, 24VDC, AUTONICS PR12-4DP",SENSOR DE MOVIMIENTO,Items_Images/MTTO-0257.Image.193435.png,CAT006,,,,LOC0056,4,1,FALSE,PIEZAS
MTTO-0258,"SENSOR DE PROXIMIDAD CAPACITIVO PEPPERL+FUCHS, CCN15-30GS60-A2-V1",SENSOR DE MOVIMIENTO,Items_Images/MTTO-0258.Image.193521.png,CAT006,,,,LOC0056,3,1,FALSE,PIEZAS
MTTO-0259,BALERO 7308-2Z,BALEROS,Items_Images/MTTO-0259.Image.202612.jpg,CAT009,e0a455a9,,,LOC0028,3,1,FALSE,PIEZAS
MTTO-0260,LAMPARA SS-050F/S BELLA I TECNOLITE,LAMPARA PARA CALANDRIA,Items_Images/MTTO-0260.Image.231310.jpg,CAT006,,,,LOC0060,0,3,FALSE,PIEZAS
MTTO-0261,LAMPARA PANEL LED AJUSTABLE DLM 6500K,LAMPARA PANEL LED,Items_Images/MTTO-0261.Image.231507.jpg,CAT006,,,,LOC0060,1,1,FALSE,PIEZAS
MTTO-0262,RETEN 4562-8 VITON,RETEN DE VITON,Items_Images/MTTO-0262.Image.164410.jpg,CAT008,32918d31,,,LOC0015,7,1,FALSE,PIEZAS
MTTO-0263,"MACHUELO 7/8"", PASO 9 RECTO",MACHUELO RECTO,Items_Images/MTTO-0263.Image.212126.png,CAT001,PROV001,,,LOC0120,2,1,FALSE,PIEZAS
MTTO-0264,"MACHUELO 1 1/4"", PASO 12 RECTO",MACHUELO RECTO,Items_Images/MTTO-0264.Image.212032.png,CAT001,PROV001,,,LOC0120,1,1,FALSE,PIEZAS
MTTO-0265,"BROCHA SEMI PROFESIONAL 4""",BROCHA DE 4”,Items_Images/MTTO-0265.Image.160759.jpg,CAT002,,,,LOC0004,3,1,FALSE,PIEZAS
MTTO-0266,CONECTOR  MILITAR PARA TRANSDUCTORES RECTO PT06W-10-6S,CLAVIJA PARA TRANSDUCTORES DE PRESION,Items_Images/MTTO-0266.Image.171232.png,CAT003,344207b0,,,LOC0070,8,1,FALSE,PIEZAS
MTTO-0267,"BROCHA SEMI PROFESIONAL 2""",BROCHA 2”,Items_Images/MTTO-0267.Image.160941.jpg,CAT002,PROV001,,,LOC0004,4,1,FALSE,PIEZAS
MTTO-0268,FOCO FLUORESCENTE 2700K 120V-60HS 23W,FOCO,Items_Images/MTTO-0268.Image.194739.png,CAT006,,,,LOC0077,1,1,FALSE,PIEZAS
MTTO-0269,LAMINA DE NEOPRENO 5MM,LAMINA,Items_Images/MTTO-0269.Image.193944.png,CAT002,,,,7066317f,14,1,FALSE,METROS
MTTO-0270,"TORNILLO ALLEN CILINDRICO M8 X 100MM, PASO 1.25, PAVONADO",TORNILLERIA USO GENERAL,Items_Images/MTTO-0270.Image.185231.png,CAT010,fc5645e9,,,LOC0046,14,1,FALSE,PIEZAS
MTTO-0271,"MANGUERA POLIFLEX NARANJA 1/2"".",MANGUERA,Items_Images/MTTO-0271.Image.215426.png,CAT002,,,,LOC0098,30,2,FALSE,METROS
MTTO-0272,"INTERRUPTOR TERMOMAGNETICO 100A, 3 FASES, ED63B100MX",INTERRUPTOR TERMOMAGNETICO,Items_Images/MTTO-0272.Image.194720.jpg,CAT006,1ce673ed,,,LOC0063,2,2,FALSE,PIEZAS
MTTO-0273,"TORNILLO ALLEN CILINDRICO M8 X 45MM, PASO 1.25, PAVONADO",TORNILLERIA USO GENERAL,Items_Images/MTTO-0273.Image.184645.png,CAT010,fc5645e9,,,LOC0046,12,1,FALSE,PIEZAS
MTTO-0274,"TORNILLO ALLEN CILINDRICO M8 X 30MM, PASO 1.25, PAVONADO",TORNILLERIA USO GENERAL,Items_Images/MTTO-0274.Image.144255.png,CAT010,fc5645e9,,,LOC0046,0,1,FALSE,PIEZAS
MTTO-0275,"TORNILLO DE ACERO PARA MADERA, CABEZA PLANA, M5 X 62MM",TORNILLO PARA MADERA,Items_Images/MTTO-0275.Image.145412.png,CAT010,fc5645e9,,,LOC0046,24,1,FALSE,METROS
MTTO-0276,RETEN 3545-7 VITON,RETEN DE VITON,Items_Images/MTTO-0276.Image.164647.jpg,CAT008,32918d31,,,LOC0015,17,1,FALSE,PIEZAS
MTTO-0277,"RELEVADOR IDEC 24VDC, RJ2S-CL, 8PINES",RELEVADOR IDEC 8 PINES,Items_Images/MTTO-0277.Image.204717.jpg,CAT002,1ce673ed,,,LOC0065,9,1,FALSE,PIEZAS
MTTO-0278,CORDON VITON 6MM CIRCULAR,CORDON VITON USO GENERAL,Items_Images/MTTO-0278.Image.193156.png,CAT002,32918d31,$730.80,,b563a079,24,1,FALSE,METROS
MTTO-0279,VENTILADOR SUSTITUTO MOTORES PRINCIPALES,VENTILADOR SUSTITUTO,Items_Images/MTTO-0279.Image.143013.jpg,CAT003,,,,769ef04d,1,1,FALSE,PIEZAS
MTTO-0280,"TORNILLO ALLEN CILINDRICO M8 X 25MM, PASO 1.25, PAVONADO",TORNILLERIA USO GENERAL,Items_Images/MTTO-0280.Image.184616.png,CAT010,fc5645e9,,,LOC0046,0,1,TRUE,PIEZAS
MTTO-0281,"REGULADOR DE CAUDAL NEUMATICO CKD, SC3W-10-8 (3/8"")",REFACCIÓN NEUMATICA PARA PISTONES,Items_Images/MTTO-0281.Image.151126.png,CAT004,2c6c8db2,,,LOC0082,10,1,FALSE,PIEZAS
MTTO-0282,POTENCIOMETRO 500KOHM,POTENCIOMETRO ROTATIVO,Items_Images/MTTO-0282.Image.161844.png,CAT006,,,,LOC0056,13,1,FALSE,PIEZAS
MTTO-0283,POTENCIOMETRO 1KOHM,POTENCIOMETRO ROTATIVO,Items_Images/MTTO-0283.Image.153258.png,CAT006,,,,LOC0056,10,1,FALSE,PIEZAS
MTTO-0284,"TAQUETE TIPO MARIPOSA 1/4"" X 3""",USO GENERAL,Items_Images/MTTO-0284.Image.214955.png,CAT002,PROV001,,,LOC0100,89,1,FALSE,PIEZAS
MTTO-0285,"VALVULA DE BOLA LATON 3/8""",VALVULA DE BOLA 3/8,Items_Images/MTTO-0285.Image.214013.jpg,CAT007,,,,LOC0009,10,1,FALSE,PIEZAS
MTTO-0286,"VALVULA DE BOLA LATON 1/4""",VALVULA DE BOLA 1/4,Items_Images/MTTO-0286.Image.211921.jpg,CAT007,,,,LOC0010,0,2,FALSE,PIEZAS
MTTO-0287,INTERRUPTOR COLA DE RATA DE 3 POSICIONES,INTERRUPTOR COLA DE RATA,Items_Images/MTTO-0287.Image.150957.jpg,CAT006,1ce673ed,,,LOC0056,0,1,FALSE,PIEZAS
MTTO-0288,"SEGUROS OMEGA PARA EXTERIOR, DIAMETRO INTERNO 9/16""",SEGUROS USO GENERAL,Items_Images/MTTO-0288.Image.182246.png,CAT003,,,,LOC0051,22,1,FALSE,PIEZAS
MTTO-0289,LAMPARA PROYECTOR LED TECNOLITE 50LQLEDT30MVN ZIBAL IV,LAMPARA PROYECTOR LED,Items_Images/MTTO-0289.Image.231716.jpg,CAT006,,,,LOC0060,0,1,FALSE,PIEZAS
MTTO-0290,"TORNILLO ALLEN CILINDRICO M12 X 75MM, PASO 1.75",TORNILLERIA USO GENERAL,Items_Images/MTTO-0290.Image.160212.png,CAT010,fc5645e9,,,LOC0045,6,1,FALSE,PIEZAS
MTTO-0291,TAPONES RESPIRADEROS PARA REDUCTORES DE JALADORES,TAPONES PARA JALADORES,Items_Images/MTTO-0291.Image.161957.png,CAT003,,,,LOC0056,0,1,FALSE,PIEZAS
MTTO-0292,FILTROS PARA COMPRESORES MODELO GA-12,FILTROS PARA COMPRESORES,Items_Images/MTTO-0292.Image.171116.jpg,CAT002,1a085ed4,$97.44,,LOC0027,9,1,FALSE,PIEZAS
MTTO-0293,CARBONES PARA MOTORES CD,CARBONES PARA MOTORES CD,Items_Images/MTTO-0293.Image.134544.png,CAT002,,,,LOC0094,6,1,FALSE,PIEZAS
MTTO-0294,"TORNILLO HEXAGONAL M12 X 55MM, PASO 1.75, PAVONADO",TORNILLERIA USO GENERAL,Items_Images/MTTO-0294.Image.154845.png,CAT010,fc5645e9,,,LOC0044,7,1,FALSE,PIEZAS
MTTO-0295,ANTIAFERRANTE LOCTITE 453GR,ANTIAFERRANTE,Items_Images/MTTO-0295.Image.151152.jpg,CAT002,,,,26813a72,3,1,FALSE,PIEZAS
MTTO-0296,"TORNILLO HEXAGONAL M12 X 50MM, PASO 1.75, PAVONADO",TORNILLERIA USO GENERAL,Items_Images/MTTO-0296.Image.154814.png,CAT010,fc5645e9,,,LOC0044,43,1,FALSE,PIEZAS
MTTO-0297,"TORNILLO HEXAGONAL M13 X 50MM, PASO 1.75, PAVONADO",TORNILLERIA USO GENERAL,Items_Images/MTTO-0297.Image.154922.png,CAT010,fc5645e9,,,LOC0044,12,1,FALSE,PIEZAS
MTTO-0298,"TORNILLO HEXAGONAL M12 X 40MM, PASO 1.75, PAVONADO",TORNILLERIA USO GENERAL,Items_Images/MTTO-0298.Image.154800.png,CAT010,fc5645e9,,,LOC0044,17,1,FALSE,PIEZAS
MTTO-0299,"TORNILLO HEXAGONAL M12 X 35MM, PASO 1.75, PAVONADO",TORNILLERIA USO GENERAL,Items_Images/MTTO-0299.Image.154751.png,CAT010,fc5645e9,,,LOC0044,14,1,FALSE,PIEZAS
MTTO-0300,ESMALTE ACRILICO EN AEROSOL DARK GREEN,AEROSOL / PINTURA,Items_Images/MTTO-0300.Image.141010.png,CAT002,PROV001,,,26813a72,0,1,FALSE,PIEZAS
MTTO-0301,"TORNILLO ALLEN CILINDRICO M10 X 25MM, PASO 1.50, PAVONADO",TORNILLERIA USO GENERAL,Items_Images/MTTO-0301.Image.174417.png,CAT010,fc5645e9,,,LOC0045,78,1,FALSE,PIEZAS
MTTO-0302,RETEN 3047-7 VITON,RETEN DE VITON,Items_Images/MTTO-0302.Image.233615.png,CAT008,32918d31,,,LOC0015,0,1,FALSE,PIEZAS
MTTO-0303,"TORNILLO ALLEN CILINDRICO M10 X 40MM, PASO 1.50, PAVONADO",TORNILLERIA USO GENERAL,Items_Images/MTTO-0303.Image.175217.png,CAT010,fc5645e9,,,LOC0045,25,1,FALSE,PIEZAS
MTTO-0304,"RODILLO CHICO DE GOMA, DIAMETRO 110MM, LARGO 160CM, DUREZA 55°",RODILLO PARA LAMINA DE PLASTICO,Items_Images/MTTO-0304.Image.190550.png,CAT003,,,,7066317f,0,1,FALSE,PIEZAS
MTTO-0305,"RODILLO GRANDE DE GOMA, DIAMETRO 166MM, LARGO 160CM, DUREZA 60°",RODILLO PARA LAMINA DE PLASTICO,Items_Images/MTTO-0305.Image.190805.png,CAT003,,,,7066317f,0,1,FALSE,PIEZAS
MTTO-0306,CABLE DE RED UTP AZUL,CABLE UTP,Items_Images/MTTO-0306.Image.145900.jpg,CAT006,,,,LOC0069,120,1,FALSE,METROS
MTTO-0307,"TORNILLO ALLEN CILINDRICO M8 X 15MM, PASO 1.25, PAVONADO",TORNILLO ALLEN USO GENERAL,Items_Images/MTTO-0307.Image.212811.png,CAT010,fc5645e9,,,LOC0094,0,1,FALSE,PIEZAS
MTTO-0308,ETIQUETAS PARA DISTINTAS AREAS,ETIQUETAS PARA MAQUINAS,Items_Images/MTTO-0308.Image.163629.png,CAT002,,,,LOC0048,100,1,FALSE,PIEZAS
MTTO-0309,VACIO 10,,,,,,,,0,0,FALSE,PIEZAS
MTTO-0310,VACIO 09,,,,,,,,0,0,FALSE,PIEZAS
MTTO-0311,VACIO 08,,,,,,,,0,0,FALSE,PIEZAS
MTTO-0312,"TORNILLO ALLEN CILINDRICO M10 X 45MM, PASO 1.50, PAVONADO",TORNILLERIA USO GENERAL,Items_Images/MTTO-0312.Image.175307.png,CAT010,fc5645e9,,,LOC0045,8,1,FALSE,PIEZAS
MTTO-0313,"TORNILLO ALLEN CILINDRICO M10 X 50MM, PASO 1.50, PAVONADO",TORNILLERIA USO GENERAL,Items_Images/MTTO-0313.Image.175609.png,CAT010,fc5645e9,,,LOC0045,24,1,FALSE,PIEZAS
MTTO-0314,CABLE 3X6AWG + TIERRA,CABLE 3X6,Items_Images/MTTO-0314.Image.213831.png,CAT006,,,,LOC0069,100,1,FALSE,METROS
MTTO-0315,"TORNILLO ALLEN CILINDRICO M8 X 20MM, PASO 1.25, PAVONADO",TORNILLERIA USO GENERAL,Items_Images/MTTO-0315.Image.195119.png,CAT010,fc5645e9,,,LOC0094,0,1,FALSE,PIEZAS
MTTO-0316,BANDAS C-59,BANDAS C-59,Items_Images/MTTO-0316.Image.211549.jpg,CAT003,e0a455a9,$226.20,,LOC0020,9,1,FALSE,PIEZAS
MTTO-0317,RODILLO GOMA DURA GRANDE JALADOR (FLECHA CORTA),RODILLO PARA LAMINA DE PLASTICO,Items_Images/MTTO-0317.Image.000219.png,CAT003,,,,7066317f,0,1,FALSE,PIEZAS
MTTO-0318,"MANGUERA MALLA INOXIDABLE CON BRIDAS 4"" X 2.5MTS",,,CAT006,,,,,0,1,FALSE,METROS
MTTO-0319,"TRANSDUCTOR SAND 0-50MPA, 1/2"", 0-10V, 24VDC, PT1236B",TRASFORMADOR DE ENERGIA,Items_Images/MTTO-0319.Image.183441.png,CAT003,,,,LOC0099,1,1,FALSE,PIEZAS
MTTO-0320,"CABLE DE ACERO 1/8"" ROLLO",ROLLO DE CABLE DE ACERO,Items_Images/MTTO-0320.Image.193522.jpg,CAT002,,,,LOC0007,20,1,FALSE,METROS
MTTO-0321,CABLE PROFIBUS PARA PLC Y/O HMI,CABLE PLC,Items_Images/MTTO-0321.Image.214310.png,CAT006,,,,LOC0012,0,1,FALSE,PIEZAS
MTTO-0322,PORTA LAMPARA DE CERAMICA BLANCA CASQUILLO E27,PORTA LAMPARA,Items_Images/MTTO-0322.Image.194223.png,CAT006,PROV001,,,LOC0077,1,1,FALSE,PIEZAS
MTTO-0323,"TORNILLO ALLEN CILINDRICO M10 X 30MM, PASO 1.50, PAVONADO",TORNILLERIA USO GENERAL,Items_Images/MTTO-0323.Image.174559.png,CAT010,fc5645e9,,,LOC0045,35,1,FALSE,PIEZAS
MTTO-0324,"TORNILLO ALLEN CILINDRICO M10 X 35MM, PASO 1.50, PAVONADO",TORNILLERIA USO GENERAL,Items_Images/MTTO-0324.Image.174853.png,CAT010,fc5645e9,,,LOC0045,21,1,FALSE,PIEZAS
MTTO-0325,FILTRO SEPARADOR ACEITE BV NUEVO (NEGRO),FILTROS PARA EL CONDENSADO DEL ACEITE EXPULSADO DE LAS BOMBAS DE VACIO,Items_Images/MTTO-0325.Image.151847.jpg,CAT003,,,,15a6e401,96,1,FALSE,PIEZAS
MTTO-0326,CHUMACERA DE PARED CIRCULAR UCFC 208,CHUMACERA,Items_Images/MTTO-0326.Image.132750.jpg,CAT003,e0a455a9,$371.20,,LOC0022,3,1,FALSE,PIEZAS
MTTO-0327,FILTRO SEPARADOR ACEITE BV NUEVOS (BLANCOS BOSH V532 140 159),FILTROS SEPARADORES PARA BOMBA DE VACIO,Items_Images/MTTO-0327.Image.191110.jpg,CAT003,,,,15a6e401,24,1,FALSE,PIEZAS
MTTO-0328,DIVISOR VGA DE 2 VIAS STEREN,ADAPTADOR PASIVO PARA DUPLICAR UNA SEÑAL,Items_Images/MTTO-0328.Image.190929.png,CAT006,955f69ca,,,LOC0077,2,1,FALSE,PIEZAS
MTTO-0329,MOBIL LUBRICANTE SINTETICO SHC 624 CUBETA DE 19LT,LUBRICANTE INDUSTRIAL,Items_Images/MTTO-0329.Image.142020.png,CAT002,,,,26813a72,19,1,TRUE,LITROS
MTTO-0330,SELLO MECANICO INNOVASEALS MG11 25MM-SIC/SIC/V - SS316-G60,SELLO MECANICO,Items_Images/MTTO-0330.Image.203029.jpg,CAT008,,,,LOC0017,2,1,FALSE,PIEZAS
MTTO-0331,"ACEITE NEVASTANE, AW 68",ACEITE GRADO ALIMENTICIO PARA LOS SISTEMAS HIDRAULICOS CM Y CALANDRA,Items_Images/MTTO-0331.Image.192843.png,CAT002,a7cc6f64,,,26813a72,129,1,FALSE,LITROS
MTTO-0332,PORTAFUSIBLE 63AMP 1 POLO 14X51MM,INTERRUPTOR TERMOMAGNETICO,Items_Images/MTTO-0332.Image.134219.png,CAT006,1ce673ed,,,LOC0064,3,1,FALSE,PIEZAS
MTTO-0333,RODILLO GOMA DURA GRANDES JALADOR (FLECHA LARGA),,,,,,,,0,1,FALSE,PIEZAS
MTTO-0334,"CABLE DE ACERO 3/8"" DE 7X19 HILOS",CABLE 7X19 HILOS,Items_Images/MTTO-0334.Image.214028.png,CAT003,,,,LOC0007,30,1,FALSE,METROS
MTTO-0335,BOMBA DE GRASA NEUMATICA 30-150 PSI 30KG URREA,BONBA NEUMATICA,Items_Images/MTTO-0335.Image.203146.png,CAT003,,,,7066317f,1,1,FALSE,PIEZAS
MTTO-0336,CEDAZOS PARA BOMBAS DE VACIO,CEDAZOS PARA BOMBA DE VACIO,Items_Images/MTTO-0336.Image.165748.jpg,CAT002,ab7dd31c,,,LOC0042,19,1,FALSE,PIEZAS
MTTO-0337,"TRANSDUCTOR DYNISCO 0-35MPA, 6/18"", 4-20MA, 24VDC, PT4624",TRASFORMADOR DE ENERGIA,Items_Images/MTTO-0337.Image.182918.png,CAT006,,,,LOC0099,5,1,FALSE,PIEZAS
MTTO-0338,LAMINA DE ACRILICO 5MM TRANSPARENTE,LAMINA ACRILICO TRASPARENTE,Items_Images/MTTO-0338.Image.140349.png,CAT002,ab7dd31c,,,7066317f,1,1,FALSE,PIEZAS
MTTO-0339,"LUZ ROJA TORRETA APT, TL-703A",,,,,,,,0,1,FALSE,PIEZAS
MTTO-0340,"REMACHADORA MANUAL 10"" URREA",REMACHADORA USO GENERAL,Items_Images/MTTO-0340.Image.235524.png,CAT001,PROV001,,,b563a079,3,1,FALSE,PIEZAS
MTTO-0341,"BASE RECEPTACULO TORK, MODELO 2224-16 PARA FOTOCELDAS",BASE PARA FOTOCELDAS,Items_Images/MTTO-0341.Image.182147.png,CAT003,,,,LOC0077,5,1,FALSE,PIEZAS
MTTO-0342,"RELEVADOR ESTADO SOLIDO RZ3A60A55-55AMP, 600VAC, 3POLOS, 24-50VDC.",RELEVADOR ESTADO SOLIDO 3 POLOS,Items_Images/MTTO-0342.Image.200349.jpg,CAT006,1ce673ed,,,LOC0065,7,1,FALSE,PIEZAS
MTTO-0343,SERVOPACK SGD7S-330A00A002,SERVOPACK,Items_Images/MTTO-0343.Image.000637.jpg,84388e9b,,,,LOC0030,2,1,FALSE,PIEZAS
MTTO-0344,TANQUE DE 3GALONES PARA OSMOSIS INVERSA,GAS OSMOSIS INVERSA,Items_Images/MTTO-0344.Image.160957.png,CAT006,,,,7066317f,0,1,FALSE,PIEZAS
MTTO-0345,"CAPACITOR GESCAP, 15MFD, 400VCA",CAPACITOR GESCAP,Items_Images/MTTO-0345.Image.195506.jpg,CAT006,,,,LOC0063,2,1,FALSE,PIEZAS
MTTO-0346,"TAQUETE PLASTICO 1/4"" X 1""",USO GENERAL,Items_Images/MTTO-0346.Image.201806.png,CAT002,PROV001,,,LOC0106,0,1,FALSE,PIEZAS
MTTO-0347,FIBRAS SCOTCH-BRITE 152MM X 228MM,FIBRAS PARA LIMPIEZA,Items_Images/MTTO-0347.Image.161720.jpg,CAT002,,,,LOC0004,6,1,FALSE,PIEZAS
MTTO-0348,EQUIPO DE SEGURIDAD LAVA OJOS,SEGURIDAD VISUAL,Items_Images/MTTO-0348.Image.164921.png,db498a61,,,,7066317f,1,1,FALSE,PIEZAS
MTTO-0349,"TORNILLO HEXAGONAL M16 X 90MM, PASO 2.0, PAVONADO",TORNILLO USO GENERAL,Items_Images/MTTO-0349.Image.165133.png,CAT010,fc5645e9,,,LOC0044,3,1,FALSE,PIEZAS
MTTO-0350,"TUBO METALICO FLEXIBLE SAGRA DE 2.5""",USO EN LAS REVOLVEDORAS GRANDES PARA SUBIR MATERIAL,Items_Images/MTTO-0350.Image.170607.jpg,CAT004,a5eff119,,,e7c03846,15,1,FALSE,METROS
MTTO-0351,"INTERRUPTOR TERMOMAGNETICO RIEL DIN 80AMP, 3 FASES, SCB8-125",INTERRUPTOR TERMOMAGNETICO,Items_Images/MTTO-0351.Image.145431.png,CAT006,1ce673ed,,,LOC0064,0,1,FALSE,PIEZAS
MTTO-0352,"LAMPARA FLUORESCENTE F8T5/DL, 8W",LAMPARAS PARA TABLERO DE CONTROL PRINCIPAL DE L3,Items_Images/MTTO-0352.Image.141637.jpg,CAT006,,,,LOC0119,10,1,FALSE,PIEZAS
MTTO-0353,"TUBO METALICO FLEXIBLE SAGRA DE 3""",USO EN LOS MOLINOS DE REFIL,Items_Images/MTTO-0353.Image.170525.jpg,CAT004,a5eff119,,,e7c03846,15,1,FALSE,METROS
MTTO-0354,"UNIDAD DE MANTENIMIENTO DE AIRE COMPRIMIDO, GUSS & ROCH, AC-401A-04",UNIDAD COMPRIMIDA 401A-04,Items_Images/MTTO-0354.Image.163040.png,CAT005,,,,LOC0082,1,1,FALSE,PIEZAS
MTTO-0355,"UNIDAD DE MANTENIMIENTO DE AIRE COMPRIMIDO, CKD W3000-8-W, L3000-8-8W",UNIDAD COMPRIMIDA L300-8-8W,Items_Images/MTTO-0355.Image.162954.png,CAT005,,,,LOC0082,1,2,FALSE,PIEZAS
MTTO-0356,BOMBA DE CONDENSADO DE AGUA PARA MINISPLIT,BOMBA DE AGUA,,CAT003,,,,,0,1,FALSE,PIEZAS
MTTO-0357,"SOLERA 3"" X ¼"" X 6MTS",USO GENERAL DE HERRERIA,Items_Images/MTTO-0357.Image.163635.png,CAT001,PROV001,,,7066317f,0,1,FALSE,PIEZAS
MTTO-0358,CABLES PARA MULTIMETRO FLUKE 323,CABLE MULTIMETRO,Items_Images/MTTO-0358.Image.214605.png,CAT001,PROV001,,,3d9eb8e3,1,1,FALSE,KITS
MTTO-0359,BALERO RME 60-N,BALEROS,Items_Images/MTTO-0359.Image.150120.jpg,CAT009,e0a455a9,,,LOC0023,2,1,FALSE,PIEZAS
MTTO-0360,BALERO 6206-2Z,PARA MOTOREDUCTOR DE EMBOBINADOR DE REFIL,Items_Images/MTTO-0360.Image.190338.jpg,CAT009,e0a455a9,,,LOC0028,4,1,FALSE,PIEZAS
MTTO-0361,BALERO 6001-2Z,BALERO,Items_Images/MTTO-0361.Image.132950.jpg,CAT009,e0a455a9,,,LOC0022,9,1,FALSE,PIEZAS
MTTO-0362,BALERO NJ2314-E-XL-M1,BALERO PARA TRANSMISION PRINCIPAL,Items_Images/MTTO-0362.Image.133243.jpg,CAT009,e0a455a9,"$5,672.40",,LOC0022,1,1,FALSE,PIEZAS
MTTO-0363,BALERO 6307-2Z,BALEROS,Items_Images/MTTO-0363.Image.202904.jpg,CAT009,e0a455a9,,,LOC0028,10,1,FALSE,PIEZAS
MTTO-0364,BALERO 6209-2Z,BALEROS,Items_Images/MTTO-0364.Image.214205.jpg,CAT009,e0a455a9,,,LOC0028,4,1,FALSE,PIEZAS
MTTO-0365,BALERO 30206,BALEROS,Items_Images/MTTO-0365.Image.133804.jpg,CAT009,e0a455a9,,,LOC0022,15,1,FALSE,PIEZAS
MTTO-0366,BALERO 25580 TIMKEN,BALEROS,Items_Images/MTTO-0366.Image.214418.jpg,CAT009,e0a455a9,$487.20,,LOC0028,3,1,FALSE,PIEZAS
MTTO-0367,BALERO 25520 TIMKEN,BALEROS,Items_Images/MTTO-0367.Image.214600.jpg,CAT009,e0a455a9,$255.20,,LOC0028,2,1,FALSE,PIEZAS
MTTO-0368,"TORNILLO ALLEN CILINDRICO M8 X 12MM, PASO 1.25, PAVONADO",TORNILLERIA USO GENERAL,Items_Images/MTTO-0368.Image.184505.png,CAT010,fc5645e9,,,LOC0046,0,1,FALSE,PIEZAS
MTTO-0369,FILTRO BT389-10 BALDWIN,FILTRO DE ACEITE,Items_Images/MTTO-0369.Image.213736.jpg,CAT002,,,,LOC0021,7,1,FALSE,PIEZAS
MTTO-0370,BALERO 6004-C-2Z,BALERO,Items_Images/MTTO-0370.Image.134118.jpg,CAT009,e0a455a9,,,LOC0022,5,1,FALSE,PIEZAS
MTTO-0371,BALERO 6904-2Z,BALERO PARA CORTE DE REFIL,Items_Images/MTTO-0371.Image.134345.jpg,CAT009,e0a455a9,$179.80,,LOC0022,6,1,FALSE,PIEZAS
MTTO-0372,BALERO 6203-2Z,BALEROS,Items_Images/MTTO-0372.Image.134640.jpg,CAT009,e0a455a9,,,LOC0022,4,1,FALSE,PIEZAS
MTTO-0373,RETEN 5080-12 VITON,RETEN DE VITON,Items_Images/MTTO-0373.Image.195553.jpg,CAT008,32918d31,,,LOC0016,2,1,FALSE,PIEZAS
MTTO-0374,BALERO 6202-2Z,BALEROS,Items_Images/MTTO-0374.Image.134844.jpg,CAT009,e0a455a9,,,LOC0022,9,1,FALSE,PIEZAS
MTTO-0375,BALERO 6205-2Z,BALEROS,Items_Images/MTTO-0375.Image.135054.jpg,CAT009,e0a455a9,,,LOC0022,23,1,FALSE,PIEZAS
MTTO-0376,BALERO HR32910J,BALEROS,Items_Images/MTTO-0376.Image.214741.jpg,CAT009,e0a455a9,,,LOC0028,13,1,FALSE,PIEZAS
MTTO-0377,BALERO 32212,BALEROS,Items_Images/MTTO-0377.Image.153502.jpg,CAT009,e0a455a9,$684.40,,LOC0023,5,1,FALSE,PIEZAS
MTTO-0378,BALERO 6306-2Z,BALEROS,Items_Images/MTTO-0378.Image.215350.jpg,CAT009,e0a455a9,,,LOC0028,4,1,FALSE,PIEZAS
MTTO-0379,RETEN TSN 522 L,RETEN DE VITON,Items_Images/MTTO-0379.Image.193753.jpg,CAT008,32918d31,,,LOC0016,2,1,FALSE,PIEZAS
MTTO-0380,BALERO HR32909-J,BALEROS,Items_Images/MTTO-0380.Image.214921.jpg,CAT009,e0a455a9,,,LOC0028,10,1,FALSE,PIEZAS
MTTO-0381,BALERO 32004-X,BALERO PARA SINFIN,Items_Images/MTTO-0381.Image.185309.jpg,CAT009,e0a455a9,,,LOC0028,7,1,FALSE,PIEZAS
MTTO-0382,BALERO 6807-2RS,BALERO,Items_Images/MTTO-0382.Image.185443.jpg,CAT009,e0a455a9,,,LOC0028,12,1,FALSE,PIEZAS
MTTO-0383,BALERO 6211-2Z,BALEROS,Items_Images/MTTO-0383.Image.162135.jpg,CAT009,e0a455a9,,,LOC0028,9,1,FALSE,PIEZAS
MTTO-0384,VALVULA DE ASIENTO INCLINADO DN25-NC-304,VALVULA DE ASIENTO INCLINADO,Items_Images/MTTO-0384.Image.194852.jpg,CAT003,,,,LOC0009,14,1,FALSE,PIEZAS
MTTO-0385,"VALVULA SOLENOIDE 24VDC, BB41-0340C-DC24V, CKD",VALVULA SOLENOIDE,Items_Images/MTTO-0385.Image.183044.jpg,CAT005,,,,LOC0027,6,1,FALSE,PIEZAS
MTTO-0386,BALERO 6303-C3,BALEROS PARA POLIPASTO,Items_Images/MTTO-0386.Image.135527.jpg,CAT009,e0a455a9,,,LOC0022,8,1,FALSE,PIEZAS
MTTO-0387,"SENSOR NIVEL DE AGUA, TIPO FLOTADOR DC0-110V, MONTAJE LATERAL DE 1/2"" NPT.",FLOTADOR PARA LAS TINAS DE SILICON,Items_Images/MTTO-0387.Image.191750.jpg,84388e9b,1ce673ed,,,,0,1,FALSE,PIEZAS
MTTO-0388,BALERO 6309-2Z,BALEROS,Items_Images/MTTO-0388.Image.215454.jpg,CAT009,e0a455a9,,,LOC0028,4,1,FALSE,PIEZAS
MTTO-0389,BALERO 6012-2Z,BALEROS,Items_Images/MTTO-0389.Image.215621.jpg,CAT009,e0a455a9,,,LOC0028,8,1,FALSE,PIEZAS
MTTO-0390,ESCANER RECEPTOR (MEMBRANA),,,,,,,,0,1,FALSE,PIEZAS
MTTO-0391,BALERO 6213-2Z,BALEROS PARA POLIPASTO,Items_Images/MTTO-0391.Image.185905.jpg,CAT009,e0a455a9,,,LOC0028,2,1,FALSE,PIEZAS
MTTO-0392,RETEN 5580-13 VITON,RETEN DE VITON,Items_Images/MTTO-0392.Image.165305.jpg,CAT008,32918d31,,,LOC0015,1,1,FALSE,PIEZAS
MTTO-0393,BALERO 6312-2Z,BALEROS,Items_Images/MTTO-0393.Image.215746.jpg,CAT009,e0a455a9,,,LOC0028,6,1,FALSE,PIEZAS
MTTO-0394,BALERO 6311-2Z,BALEROS PARA TORRES DE ENFRIAMIENTO,Items_Images/MTTO-0394.Image.185628.jpg,CAT009,e0a455a9,,,LOC0028,3,1,FALSE,PIEZAS
MTTO-0395,RETEN 75100-10 VITON,RETEN DE VITON,Items_Images/MTTO-0395.Image.165437.jpg,CAT008,32918d31,,,LOC0015,9,1,FALSE,PIEZAS
MTTO-0396,BALERO HM-212011,BALEROS PARA REVOLVEDORA 3,Items_Images/MTTO-0396.Image.215948.jpg,CAT009,e0a455a9,,,LOC0028,3,1,FALSE,PIEZAS
MTTO-0397,BALERO HM-212049,BALEROS PARA REVOLVEDORA 3,Items_Images/MTTO-0397.Image.220059.jpg,CAT009,e0a455a9,,,LOC0028,3,1,FALSE,PIEZAS
MTTO-0398,BALERO 644,BALERO PARA REVOLVEDORA 1,Items_Images/MTTO-0398.Image.194417.jpg,CAT009,e0a455a9,"$2,772.40",,LOC0028,3,1,FALSE,PIEZAS
MTTO-0399,BALERO 632-B,PORTABALERO PARA REVOLVEDORA 1,Items_Images/MTTO-0399.Image.194615.jpg,CAT009,e0a455a9,"$4,396.40",,LOC0028,3,1,FALSE,PIEZAS
MTTO-0400,BALERO T7FC075-XL,BALERO PARA REVOLVEDORA 4,Items_Images/MTTO-0400.Image.194831.jpg,CAT009,e0a455a9,"$6,136.40",,LOC0028,2,1,FALSE,PIEZAS
MTTO-0401,CHUMACERA DE CORREDERA TU-25-TF,CHUMACERA MOLINO DE REFIL,Items_Images/MTTO-0401.Image.195323.jpg,CAT003,e0a455a9,,,LOC0029,6,1,FALSE,PIEZAS
MTTO-0402,BANDAS B-95,BANDAS B-95,Items_Images/MTTO-0402.Image.211324.jpg,CAT003,e0a455a9,,,LOC0020,15,1,FALSE,PIEZAS
MTTO-0403,"RONDANA DE PRESION, 14MM GALVANIZADA",RONDANA USO GENARAL,Items_Images/MTTO-0403.Image.214001.png,CAT010,fc5645e9,,,LOC0062,152,1,FALSE,PIEZAS
MTTO-0404,CHUMACERA DE PARED CIRCULAR UCFC 213,CHUMACERA DE PARED,Items_Images/MTTO-0404.Image.135814.jpg,CAT003,e0a455a9,,,LOC0022,2,1,FALSE,PIEZAS
MTTO-0405,CHUMACERA DE CORREDERA TU-35-TF,CHUMACERA PARA RODILLOS SILICON,Items_Images/MTTO-0405.Image.203625.jpg,CAT003,e0a455a9,,"$1,065.00",LOC0029,7,1,FALSE,PIEZAS
MTTO-0406,DETECTOR DE METALES (DANADO),DETECTOR DE METALES NO FUNCIONAL,Items_Images/MTTO-0406.Image.170605.jpg,db498a61,ab7dd31c,,,8eede3f6,1,1,FALSE,PIEZAS
MTTO-0407,RETEN 4462-10 VITON,RETEN DE VITON,Items_Images/MTTO-0407.Image.165641.jpg,CAT008,32918d31,,,LOC0015,3,1,FALSE,PIEZAS
MTTO-0408,CONECTOR RAPIDO NEUMATICO EN TEE DE 12MM,CONECTOR RAPIDO NEUMATICO,Items_Images/MTTO-0408.Image.133948.png,CAT004,2c6c8db2,,,LOC0083,12,1,FALSE,PIEZAS
MTTO-0409,"CHUMACERA DE PARED CIRCULAR UCFC 209, 45MM",CHUMACERA PARA REVOLVEDORA CHICA,Items_Images/MTTO-0409.Image.140549.jpg,CAT003,e0a455a9,$406.00,,LOC0022,3,1,FALSE,PIEZAS
MTTO-0410,CHUMACERA DE PARED CIRCULAR PME35-XL-N,CHUMACERA PARA RODILLOS DE SILICON GRANDES INFERIORES,Items_Images/MTTO-0410.Image.140642.jpg,CAT003,e0a455a9,,,LOC0022,3,1,FALSE,PIEZAS
MTTO-0411,BALERO 22316-E1,BALEROS PARA MOLINO CHICO,Items_Images/MTTO-0411.Image.154912.jpg,CAT009,e0a455a9,,,LOC0023,3,1,FALSE,PIEZAS
MTTO-0412,BALERO NU208E-M1-C3,BALERO PARA TRANSMISION PRINCIPAL,Items_Images/MTTO-0412.Image.151009.jpg,CAT009,e0a455a9,"$1,252.80",,LOC0023,1,1,FALSE,PIEZAS
MTTO-0413,"RONDANA PLANA, M35 X 47MM GALVANIZADA",RONDANA USO GENARAL,Items_Images/MTTO-0413.Image.201809.png,CAT010,fc5645e9,,,LOC0062,128,2,FALSE,PIEZAS
MTTO-0414,JUEGO CONECTOR INDUSTRIAL 5 PINES TAPA COLGANTE BASE ATORNILLAR,CONECTORES PARA LOS PIGMENTADORES HEMBRA Y MACHO,Items_Images/MTTO-0414.Image.142617.png,CAT006,a5e797e4,$676.90,,LOC0094,5,1,FALSE,KITS
MTTO-0415,BALERO 6322 M/C3 INSOCOAT,BALERO PARA MOTOR PRINCIPAL,Items_Images/MTTO-0415.Image.214117.jpg,CAT009,e0a455a9,"$41,133.60",,LOC0021,2,1,FALSE,PIEZAS
MTTO-0416,BALERO 81113-TV,BALEROS PARA TRANSMISION PRINCIPAL,Items_Images/MTTO-0416.Image.152928.jpg,CAT009,e0a455a9,,,LOC0023,3,1,FALSE,PIEZAS
MTTO-0417,BALERO 22319-E1A-M-C3,BALERO PARA TRANSMISION PRINCIPAL,Items_Images/MTTO-0417.Image.160233.jpg,CAT009,e0a455a9,,,LOC0022,2,1,FALSE,PIEZAS
MTTO-0418,BALERO NJ2319-E-XL-M1-C3,BALEROS PARA TRANSMISION PRINCIPAL,Items_Images/MTTO-0418.Image.203747.jpg,CAT009,e0a455a9,,,LOC0029,2,1,FALSE,PIEZAS
MTTO-0419,RETEN 5585-10 VITON,RETEN DE VITON,Items_Images/MTTO-0419.Image.165847.jpg,CAT008,32918d31,,,LOC0015,12,1,FALSE,PIEZAS
MTTO-0420,"CABLE MULTICONDUCTOR 3 HILOS, CALIBRE 18AWG",CABLE MULTICODUCTOR,Items_Images/MTTO-0420.Image.213734.png,CAT006,,,,LOC0069,0,1,FALSE,METROS
MTTO-0421,"ELECTRODO 6013 1/8""",SOLDADURA 6013,Items_Images/MTTO-0421.Image.214407.jpg,CAT002,PROV001,,,b99687bf,78,1,FALSE,PIEZAS
MTTO-0422,SELLO DE PISTON HIDRÁULICO 45*55*5 KIT,SE USA EN LOS PISTONES DEL CAMBIAMALLAS,Items_Images/MTTO-0422.Image.212414.jpg,CAT008,d8419d6c,,,LOC0042,10,1,FALSE,KITS
MTTO-0423,CLEMA CERAMICA 2 POLOS CALIBRE 6,CLEMA CERMICA,Items_Images/MTTO-0423.Image.212527.png,CAT006,,,,LOC0118,3,1,FALSE,PIEZAS
MTTO-0424,VARIADOR DE FRECUENCIA ABB ACS580 (DANADO),,,,,,,,0,1,FALSE,PIEZAS
MTTO-0425,"CHUMACERA DE PARED ME 12, GE60-KRR-B",CHUMACERA,Items_Images/MTTO-0425.Image.211021.jpg,CAT003,e0a455a9,,,LOC0029,0,1,FALSE,PIEZAS
MTTO-0426,BALERO 29418-EM-DC-50,BALERO,Items_Images/MTTO-0426.Image.153732.jpg,CAT009,e0a455a9,"$9,651.20",,LOC0023,1,1,FALSE,PIEZAS
MTTO-0427,BALERO NU322-E-XL-M1-C3,BALEROS,Items_Images/MTTO-0427.Image.151947.jpg,CAT009,e0a455a9,,,LOC0023,4,1,FALSE,PIEZAS
MTTO-0428,BALERO 89415-M,BALERO,Items_Images/MTTO-0428.Image.204115.jpg,CAT009,e0a455a9,,,LOC0029,2,1,FALSE,PIEZAS
MTTO-0429,BALERO NU2220-E-XL-M1-C3,BALERO,Items_Images/MTTO-0429.Image.151735.jpg,CAT009,e0a455a9,,,LOC0022,6,1,FALSE,PIEZAS
MTTO-0430,BALERO NJ2220-E-XL-M1,BALEROS PARA TRANSMISION PRINCIPAL,Items_Images/MTTO-0430.Image.152246.jpg,CAT009,e0a455a9,,,LOC0023,5,1,FALSE,PIEZAS
MTTO-0431,GUIA LINEAL SBI-20SL-K1,GUIAS LINEALES,Items_Images/MTTO-0431.Image.202829.jpg,CAT002,,,,LOC0017,19,1,FALSE,PIEZAS
MTTO-0432,BALERO 22222-EK-C3,BALERO PARA RODILLOS CROMADOS,Items_Images/MTTO-0432.Image.141317.jpg,CAT009,e0a455a9,"$9,999.20",,LOC0022,2,1,FALSE,PIEZAS
MTTO-0433,"CINTA ANTIDERRAPANTE 2"" TRUPER",CINTA ANTIDERRAPANTE,Items_Images/MTTO-0433.Image.193334.jpg,CAT002,PROV001,,,LOC0093,1,1,FALSE,PIEZAS
MTTO-0434,CINTA DELIMITADORA DE PELIGRO ROJA,CINTA DELIMITADORA,Items_Images/MTTO-0434.Image.185716.jpg,CAT002,PROV001,,,92bd79f5,0,1,FALSE,PIEZAS
MTTO-0435,CINTA VULCANIZABLE SCOTCH 23,CINTA AISLANTE DE HULE,Items_Images/MTTO-0435.Image.145236.png,CAT002,PROV001,,,218b4280,5,1,FALSE,PIEZAS
MTTO-0436,"TERMORETRACTIL 1/16""",,,,,,,,0,1,FALSE,PIEZAS
MTTO-0437,ESPAGUETI ASILANTE FIBRA DE VIDRIO,,Items_Images/MTTO-0437.Image.230324.png,CAT002,,,,,0,1,FALSE,PIEZAS
MTTO-0438,RESISTENCIA DE BRAZALETE 440V / 120W,RESISTENCIA CALEFACTORA,Items_Images/MTTO-0438.Image.154421.jpg,CAT003,a5e797e4,,,LOC0039,3,1,FALSE,PIEZAS
MTTO-0439,"MICRO SWITCH DE CABLE DE EMERGENCIA STAMPLAST, SBM1K9900X11",INTERRUPTOR FINAL,Items_Images/MTTO-0439.Image.155833.png,CAT003,1ce673ed,,,LOC0065,0,1,FALSE,PIEZAS
MTTO-0440,FUENTES PARA LAMPARAS 44W,FUENTE PATRA LAMPARA LED,Items_Images/MTTO-0440.Image.234957.png,CAT006,,,,LOC0056,5,1,FALSE,PIEZAS
MTTO-0441,CINTA AISLANTE NEGRA,CINTA AISLANTE,Items_Images/MTTO-0441.Image.193841.jpg,CAT002,PROV001,,,218b4280,1,1,FALSE,PIEZAS
MTTO-0442,LAMPARA PANEL LED TECNOLED 36W IP20 85-277V,PANEL LED,Items_Images/MTTO-0442.Image.002244.png,CAT006,,,,LOC0108,1,1,FALSE,PIEZAS
MTTO-0443,AFLOJATODO WD-40 11 OZ,PRODUCTO MULTIUSOS,Items_Images/MTTO-0443.Image.192900.jpg,CAT002,PROV001,,,LOC0117,1,1,FALSE,PIEZAS
MTTO-0444,GIS DE REPUESTO PARA TIRALINEAS,REPUESTO PARA TIRALINEAS,Items_Images/MTTO-0444.Image.221623.jpg,CAT002,,,,LOC0077,1,1,FALSE,PIEZAS
MTTO-0445,PULIMENTO AZUL #3 GRANO MEDIO,PULIMENTO AZUL,Items_Images/MTTO-0445.Image.165026.jpg,CAT002,,,,26813a72,4,1,FALSE,PIEZAS
MTTO-0446,"BROCHA SEMI PROFESIONAL 2 1/2""",BROCHA 2 1/2”,Items_Images/MTTO-0446.Image.161133.jpg,CAT002,PROV001,,,LOC0004,4,1,FALSE,PIEZAS
MTTO-0447,"RONDANA PLANA, M8 X 15MM GALVANIZADA",RONDANA USO GENARAL,Items_Images/MTTO-0447.Image.141747.png,CAT010,fc5645e9,,,LOC0062,106,2,FALSE,PIEZAS
MTTO-0448,"BRIDA FLEXIBLE 4"" PB-200",BRIDA FLEXIBLE PARA SANITARIOS 4”,Items_Images/MTTO-0448.Image.150131.jpg,CAT007,,,,LOC0011,3,1,FALSE,PIEZAS
MTTO-0449,CUELLO DE CERA CON GUIA,CUELLO DE CERA CON GUIA,Items_Images/MTTO-0449.Image.150314.jpg,CAT007,,,,LOC0011,2,2,FALSE,PIEZAS
MTTO-0450,"VALVULA PARA FLOTADOR 3/4""",VALVULA PARA FLOTADOR,Items_Images/MTTO-0450.Image.151142.jpg,CAT007,,,,LOC0009,2,1,FALSE,PIEZAS
MTTO-0451,COLGADOR DE ALUMINIO VERDE 9110G,UN SOPORTE RESISTENTE PARA EQUIPO DE LIMPIEZA,Items_Images/MTTO-0451.Image.143032.png,CAT002,,,,LOC0072,2,1,FALSE,PIEZAS
MTTO-0452,PLASTIC STEEL PUTTY (A) 10110 PLASTIACERO,PLASTIACERO,Items_Images/MTTO-0452.Image.192956.png,CAT002,1ce673ed,,,LOC0011,0,1,FALSE,PIEZAS
MTTO-0453,CAIMAN-P,HERRAMIENTA USO GENERAL,Items_Images/MTTO-0453.Image.152916.jpg,CAT001,PROV001,,,LOC0004,3,1,FALSE,PIEZAS
MTTO-0454,"CONECTOR RAPIDO NEUMATICO RECTO MACHO 1/2"" NPT A MANGUERA 12MM",CONECTOR RAPIDO NEUMATICO,Items_Images/MTTO-0454.Image.190234.jpg,CAT004,2c6c8db2,,,LOC0083,6,1,FALSE,PIEZAS
MTTO-0455,PISTOLA DE GRAVEDAD 2MM TRUPER,PISTOLA DE GRAVEDAD PARA PINTAR,Items_Images/MTTO-0455.Image.212111.jpg,CAT001,PROV001,,,LOC0010,1,1,FALSE,PIEZAS
MTTO-0456,CERRDURA DE MANIJA,CERRADURA DE MANIJA,Items_Images/MTTO-0456.Image.212554.jpg,CAT003,,,,LOC0010,1,1,FALSE,PIEZAS
MTTO-0457,"ELECTRODO AWIL E-308L-16 ACERO INOXIDABLE DE 1/8""",SOLDADURA E-308L,Items_Images/MTTO-0457.Image.174327.png,CAT002,PROV001,,,b99687bf,59,1,FALSE,PIEZAS
MTTO-0458,"ELECTRODO AW E-NIFECL HIERRO VACIADO DE 1/8""",SOLDADURA,Items_Images/MTTO-0458.Image.205337.png,CAT002,PROV001,,,b99687bf,22,1,FALSE,PIEZAS
MTTO-0459,TIRALINEAS TL-50,TIRALINEAS,Items_Images/MTTO-0459.Image.154712.jpg,CAT001,PROV001,,,LOC0077,2,1,FALSE,PIEZAS
MTTO-0460,BOTONERA COLGANTE DE CONTROL DE FILA UNICA CON 8 BOTONES,BOTONERA,Items_Images/MTTO-0460.Image.201630.jpg,CAT006,,,,15a6e401,1,1,FALSE,PIEZAS
MTTO-0461,CHUMACERA DE PARED DODGE 23103 F4B-E-200R TYPE E-XTRA,CHUMACERA,Items_Images/MTTO-0461.Image.204232.jpg,CAT003,e0a455a9,,,LOC0029,3,1,FALSE,PIEZAS
MTTO-0462,CHUMACERA DE CORREDERA FYT 1.1/4 TF,CHUMACERA,Items_Images/MTTO-0462.Image.204603.jpg,CAT003,e0a455a9,,,LOC0029,3,1,FALSE,PIEZAS
MTTO-0463,"VALVULA MANUAL ROTATIVA NEUMATICA OPPFU, HV200-08D, 0.1-0.8MPA, 4VIAS, 3 POSICIONES",VALVULA MANUAL 3 POSICIONES,Items_Images/MTTO-0463.Image.163228.png,CAT005,,,,LOC0082,1,1,FALSE,PIEZAS
MTTO-0464,"VALVULA DE BOLA 2"" PN125",VALVULA DE ESFERA 2”,Items_Images/MTTO-0464.Image.234653.jpg,CAT007,,,,LOC0010,0,1,FALSE,PIEZAS
MTTO-0465,FLUXOMETRO DE PALANCA PARA INODORO 4402,FLEXOMETRO PARA INODOROS,Items_Images/MTTO-0465.Image.150843.jpg,CAT007,,,,LOC0011,1,1,FALSE,PIEZAS
MTTO-0466,"MEZCLADORA DE 8"" PARA FREGADERO 4333",LLAVE DE FREGADERO,Items_Images/MTTO-0466.Image.145753.png,CAT003,,,,LOC0036,0,1,FALSE,PIEZAS
MTTO-0467,"INTERRUPTOR TERMOMAGNETICO 630A, 3 FASES, LV563505",INTERRUPTOR TERMOMAGNETICO,Items_Images/MTTO-0467.Image.195832.jpg,CAT006,1ce673ed,,,LOC0063,1,1,FALSE,PIEZAS
MTTO-0468,VACIO 08,,,,,,,,0,1,FALSE,PIEZAS
MTTO-0469,RETEN 125150-12 VITON,RETEN DE VITON,Items_Images/MTTO-0469.Image.193907.jpg,CAT008,32918d31,,,LOC0016,5,1,FALSE,PIEZAS
MTTO-0470,RETEN H754PU,RETEN DE VITON,Items_Images/MTTO-0470.Image.170051.jpg,CAT008,32918d31,,,LOC0015,5,1,FALSE,PIEZAS
MTTO-0471,RETEN 150180-15 VITON,RETEN DE VITON,Items_Images/MTTO-0471.Image.191732.jpg,CAT008,32918d31,,,LOC0016,4,1,FALSE,PIEZAS
MTTO-0472,RETEN 95120-12 VITON,RETEN DE VITON,Items_Images/MTTO-0472.Image.191823.jpg,CAT008,32918d31,,,LOC0016,6,1,FALSE,PIEZAS
MTTO-0473,RETEN 6080-10 VITON,RETEN DE VITON,Items_Images/MTTO-0473.Image.170231.jpg,CAT008,32918d31,,,LOC0015,6,1,FALSE,PIEZAS
MTTO-0474,RETEN 80100-10 VITON,RETEN DE VITON,Items_Images/MTTO-0474.Image.192057.jpg,CAT008,32918d31,,,LOC0016,5,1,FALSE,PIEZAS
MTTO-0475,RETEN 70100-10 VITON,RETEN DE VITON,Items_Images/MTTO-0475.Image.192223.jpg,CAT008,32918d31,,,LOC0016,5,1,FALSE,PIEZAS
MTTO-0476,RETEN 7090-10 VITON,RETEN DE VITON,Items_Images/MTTO-0476.Image.170431.jpg,CAT008,32918d31,,,LOC0015,12,1,FALSE,PIEZAS
MTTO-0477,RETEN 90110-12 VITON,RETEN DE VITON,Items_Images/MTTO-0477.Image.192618.jpg,CAT008,32918d31,,,LOC0016,8,1,FALSE,PIEZAS
MTTO-0478,"RELEVADOR ESTADO SOLIDO 40AMP 1POLO, 3-32VDC.",RELEVADOR ESTADO SOLIDO 40AMP,Items_Images/MTTO-0478.Image.200455.jpg,CAT006,1ce673ed,,,LOC0058,1,1,FALSE,PIEZAS
MTTO-0479,"TORRETA DE SENAL LUMINICA, AMBAR, ROJO, VERDE, MENICS, 220VAC, MT5C3CL-RYG",TORRETA ILUMINADORA,Items_Images/MTTO-0479.Image.162051.png,CAT006,,,,LOC0056,1,1,FALSE,PIEZAS
MTTO-0480,BOYA PARA CISTERNA COBRE,BOYA,Items_Images/MTTO-0480.Image.183432.png,CAT003,,,,,0,1,FALSE,PIEZAS
MTTO-0481,RETEN 90115-12 VITON,RETEN DE VITON,Items_Images/MTTO-0481.Image.192746.jpg,CAT008,32918d31,,,LOC0016,6,1,FALSE,PIEZAS
MTTO-0482,RETEN 6590-10 VITON,RETEN DE VITON,Items_Images/MTTO-0482.Image.192850.jpg,CAT008,32918d31,,,LOC0016,5,1,FALSE,PIEZAS
MTTO-0483,RETEN 6590-8 VITON,RETEN DE VITON,Items_Images/MTTO-0483.Image.181302.jpg,CAT008,32918d31,,,LOC0015,1,1,FALSE,PIEZAS
MTTO-0484,RETEN 5572-8 VITON,RETEN DE VITON,Items_Images/MTTO-0484.Image.181445.jpg,CAT008,32918d31,,,LOC0015,8,1,FALSE,PIEZAS
MTTO-0485,RETEN 4572-8 VITON,RETEN DE VITON,Items_Images/MTTO-0485.Image.181641.jpg,CAT008,32918d31,,,LOC0015,19,1,FALSE,PIEZAS
MTTO-0486,RETEN 5580-10 VITON,RETEN DE VITON,Items_Images/MTTO-0486.Image.181858.jpg,CAT008,32918d31,,,LOC0015,8,1,FALSE,PIEZAS
MTTO-0487,RETEN 6075-8 VITON,RETEN DE VITON,Items_Images/MTTO-0487.Image.185002.jpg,CAT008,32918d31,,,LOC0015,37,1,FALSE,PIEZAS
MTTO-0488,RETEN 6085-8 VITON,RETEN DE VITON,Items_Images/MTTO-0488.Image.185055.jpg,CAT008,32918d31,,,LOC0015,4,1,FALSE,PIEZAS
MTTO-0489,FUSIBLES CERAMICOS 14X51 25 AMP,FUSIBLES USO GENERAL,Items_Images/MTTO-0489.Image.152623.png,CAT006,1ce673ed,$32.48,,LOC0118,3,1,FALSE,PIEZAS
MTTO-0490,FUSIBLES CERAMICOS 14X51 50 AMP,FUSIBLES USO GENERAL,Items_Images/MTTO-0490.Image.152336.png,CAT006,1ce673ed,,,LOC0118,25,1,FALSE,PIEZAS
MTTO-0491,"TORNILLO ALLEN CILINDRICO M8 X 80MM, PASO 1.25, PAVONADO",TORNILLERIA USO GENERAL,Items_Images/MTTO-0491.Image.184928.png,CAT010,fc5645e9,,,LOC0046,24,1,FALSE,PIEZAS
MTTO-0492,TUERCA AJUSTABLE M20 IMPERMEABLES IP68,TUERCA HEXAGONAL,Items_Images/MTTO-0492.Image.145326.png,CAT010,fc5645e9,,,LOC0055,5,1,FALSE,PIEZAS
MTTO-0493,RETEN 6085-10 VITON,RETEN DE VITON,Items_Images/MTTO-0493.Image.185142.jpg,CAT008,32918d31,,,LOC0015,6,1,FALSE,PIEZAS
MTTO-0494,RETEN 4060-8 VITON,RETEN DE VITON,Items_Images/MTTO-0494.Image.185338.jpg,CAT008,e0a455a9,,,LOC0015,2,1,FALSE,PIEZAS
MTTO-0495,BANDAS B-56,BANDAS B-56,Items_Images/MTTO-0495.Image.155557.jpg,CAT002,e0a455a9,,,LOC0026,13,1,FALSE,PIEZAS
MTTO-0496,CORDON VITON 8MM CIRCULAR,CORDON VITON USO GENERAL,Items_Images/MTTO-0496.Image.193710.png,CAT002,32918d31,,,b563a079,17,1,FALSE,METROS
MTTO-0497,"VALVULA DE BOLA LATON 1/2 """,VALVULA DE BOLA 1/2”,Items_Images/MTTO-0497.Image.213631.jpg,CAT007,,,,LOC0010,5,1,FALSE,PIEZAS
MTTO-0498,"CONECTOR RAPIDO NEUMATICO RECTO HEMBRA 1/4"" NPT A MANGUERA 8MM",CONECTOR RAPIDO NEUMATICO,Items_Images/MTTO-0498.Image.185516.png,CAT004,2c6c8db2,,,LOC0083,8,1,FALSE,PIEZAS
MTTO-0499,ALAMBRE RECOCIDO CALIBRE 14,ALAMBRE 14,Items_Images/MTTO-0499.Image.154634.png,CAT002,PROV001,,,LOC0001,3,1,FALSE,KILOGRAMOS
MTTO-0500,BAYONETA PARA TERMOPAR NIQUELADA 2 RANURAS DE 12MM,BAYONETA PARA EMBUTIDO,Items_Images/MTTO-0500.Image.165531.png,CAT003,,,,LOC0046,12,1,FALSE,PIEZAS
MTTO-0501,"FUENTE 24 VDC DE 2.5AMP, MDR-60-24",FUENTE DE ALIMENTACION,Items_Images/MTTO-0501.Image.192859.png,CAT006,1ce673ed,,,LOC0077,1,1,FALSE,PIEZAS
MTTO-0502,"COPLE GALVANIZADO 1 1/4 """,USO PARA DUCTOS Y TUBERIAS,Items_Images/MTTO-0502.Image.192550.jpg,CAT002,,,,e3c7b211,6,1,FALSE,PIEZAS
MTTO-0503,"TUERCA UNION GALVANIZADA DE 1 ¼""",TUERCA UNION GALVANIZADA,Items_Images/MTTO-0503.Image.185911.jpg,CAT007,PROV001,,,e3c7b211,10,1,FALSE,PIEZAS
MTTO-0504,"NIPLE GALVANIZADO DE 1 1/4"" CUERDA CORRIDA",NIPLE GALVANIZADO,Items_Images/MTTO-0504.Image.185047.jpg,CAT003,PROV001,,,e3c7b211,2,1,FALSE,PIEZAS
MTTO-0505,SERVO DRIVE IS620PT021-INT 3KW,SERVO DRIVE 3KW,Items_Images/MTTO-0505.Image.154108.jpg,CAT006,,,,LOC0024,2,1,FALSE,PIEZAS
MTTO-0506,CARBONES TCAR-48,CARBONES PARA MOLINO TRITURADOR DE SEMILLAS DE CALIDAD,Items_Images/MTTO-0506.Image.145736.png,CAT002,PROV001,,,LOC0094,4,1,FALSE,PIEZAS
MTTO-0507,BOYA DE REFRIGERANTE R410A 11 KGS,BOYA,Items_Images/MTTO-0507.Image.162407.png,CAT002,,,,LOC0094,1,1,FALSE,PIEZAS
MTTO-0508,CHUPON PARA INFLAR FLECHAS EMBOBINADORES,CHUPON PARA INFLAR,Items_Images/MTTO-0508.Image.213809.png,CAT003,,,,LOC0083,24,1,FALSE,PIEZAS
MTTO-0509,JUEGO DE BROCAS DE COBALTO DE 20PZS,BROCA DE COVALTO,Items_Images/MTTO-0509.Image.215351.png,CAT001,PROV001,,,LOC0117,1,1,FALSE,PIEZAS
MTTO-0510,BANDAS B-66,BANDAS B-66,Items_Images/MTTO-0510.Image.153258.jpg,CAT003,e0a455a9,$81.20,,LOC0014,7,1,FALSE,PIEZAS
MTTO-0511,RETEN 5062-7 VITON,RETEN DE VITON,Items_Images/MTTO-0511.Image.185543.jpg,CAT008,32918d31,,,LOC0015,11,1,FALSE,PIEZAS
MTTO-0512,BALERO SL185015-A,BALERO,Items_Images/MTTO-0512.Image.161039.jpg,CAT009,e0a455a9,,,2d7d9e04,2,1,FALSE,PIEZAS
MTTO-0513,RETEN 110140-12 VITON,RETEN DE VITON,Items_Images/MTTO-0513.Image.193036.jpg,CAT008,32918d31,,,LOC0016,10,1,FALSE,PIEZAS
MTTO-0514,BALERO 22314-E1A-XL-M-C3,BALERO,Items_Images/MTTO-0514.Image.161744.jpg,CAT009,e0a455a9,,,2d7d9e04,2,1,FALSE,PIEZAS
MTTO-0515,RETEN 6080-8 VITON,RETEN DE VITON,Items_Images/MTTO-0515.Image.185649.jpg,CAT008,32918d31,,,LOC0015,3,1,FALSE,PIEZAS
MTTO-0516,RETEN 5880-8 VITON,RETEN DE VITON,Items_Images/MTTO-0516.Image.185758.jpg,CAT008,32918d31,,,LOC0015,1,1,FALSE,PIEZAS
MTTO-0517,"TORNILLO DE ACERO PARA MADERA, CABEZA PLANA, M5 X 82MM",TORNILLO PARA MADERA,Items_Images/MTTO-0517.Image.145159.png,CAT010,fc5645e9,,,LOC0046,50,1,FALSE,PIEZAS
MTTO-0518,MOTO-TOOL RECTIFICADORA DE MATRIZ 450W DEWALT DWE4887-B3,RECIFICADOR DE MATRIZ,Items_Images/MTTO-0518.Image.194057.png,CAT001,PROV001,,,920237d4,1,1,FALSE,PIEZAS
MTTO-0519,ANTICONGELANTE 50/50 COOLELF ORGANIC -37,ANTICONGELANTE PARA INTERCAMBIADORES DE CALOR DE CALANDRA,Items_Images/MTTO-0519.Image.164348.png,CAT002,a7cc6f64,$88.67,,26813a72,1022,1,FALSE,LITROS
MTTO-0520,CORDON VITON 5MM CIRCULAR,CORDON VITON USO GENERAL,Items_Images/MTTO-0520.Image.194028.png,CAT002,32918d31,,,b563a079,12,1,FALSE,METROS
MTTO-0521,"DISCO LAMINADO GRANO 60 4 1/2""",DISCO PARA ESMERILADORA ANGULAR,Items_Images/MTTO-0521.Image.144017.png,CAT002,PROV001,,,LOC0106,4,1,FALSE,PIEZAS
MTTO-0522,"VENTILADOR 10"" MYTEK 120V. NUEVO",VENTILADOR PARA BOMBA DE ENGRANES,Items_Images/MTTO-0522.Image.002052.jpg,CAT003,1ce673ed,$624.08,,LOC0095,7,2,FALSE,PIEZAS
MTTO-0523,LAMPARA DE EMERGENCIA LED LLOYD'S LP-332,LAMPARA DE EMERGENCIA,Items_Images/MTTO-0523.Image.232406.jpg,CAT006,,,,LOC0060,1,1,FALSE,PIEZAS
MTTO-0524,LAMINA DE TEFLON 5MM,LAMIANA TEFLON,Items_Images/MTTO-0524.Image.140159.png,CAT008,,,,7066317f,3,1,FALSE,METROS
MTTO-0525,CORDON VITON 4MM CIRCULAR,CORDON VITON USO GENERAL,Items_Images/MTTO-0525.Image.194553.png,CAT002,32918d31,,,b563a079,0,1,FALSE,METROS
MTTO-0526,"RESISTENCIA CARTUCHO 340 MM X 19.85 MM, 1.5KW, 440V",RESISTENCIA CALEFACTORA,Items_Images/MTTO-0526.Image.142006.jpg,CAT003,a5e797e4,,,LOC0033,10,1,FALSE,PIEZAS
MTTO-0527,"RESISTENCIA CARTUCHO 260 MM X 19.90 MM, 800W, 260V",RESISTENCIA CALEFACTORA,Items_Images/MTTO-0527.Image.144457.jpg,CAT003,a5e797e4,,,LOC0034,16,1,FALSE,PIEZAS
MTTO-0528,"RESISTENCIA CARTUCHO 170 MM X 16.90 MM, 800W, 260V",RESISTENCIA CALEFACTORA,Items_Images/MTTO-0528.Image.144933.jpg,CAT003,a5e797e4,,,LOC0034,46,1,FALSE,PIEZAS
MTTO-0529,"RESISTENCIA CARTUCHO 400 MM X 23.85 MM, 2KW, 440V",RESISTENCIA CALEFACTORA,Items_Images/MTTO-0529.Image.142417.jpg,CAT003,a5e797e4,"$4,384.80","$3,940.00",LOC0033,0,1,FALSE,PIEZAS
MTTO-0530,"RESISTENCIA CARTUCHO 450 MM X 23.85 MM, 2KW, 440V",RESISTENCIA CALEFACTORA,Items_Images/MTTO-0530.Image.172824.jpg,CAT003,a5e797e4,"$4,802.40","$4,315.00",LOC0033,7,1,FALSE,PIEZAS
MTTO-0531,"RESISTENCIA CARTUCHO 700 MM X 9.45 MM, 780W, 220V",RESISTENCIA CALEFACTORA,Items_Images/MTTO-0531.Image.173558.jpg,CAT003,a5e797e4,"$2,378.00",,LOC0034,10,1,FALSE,PIEZAS
MTTO-0532,CARETA ELECTRONICA PARA SOLDAR DE SOMBRA VARIABLE,CARETA ELECTRONICA PARA SOLDAR,Items_Images/MTTO-0532.Image.213511.jpg,CAT001,PROV001,,,7066317f,4,1,FALSE,PIEZAS
MTTO-0533,BOTONERA COLGANTE DE CONTROL DE FILA UNICA,BOTONERA,Items_Images/MTTO-0533.Image.190618.png,CAT006,,,,LOC0071,3,1,FALSE,PIEZAS
MTTO-0534,BROOM HOLDER H-2840,CLIPS DE GOMA ACTIVADOS CON RESORTE SUJETANDO TRAPEADORES Y ESCOBAS,Items_Images/MTTO-0534.Image.142806.png,CAT002,,,,LOC0072,1,1,FALSE,PIEZAS
MTTO-0535,LAMPARA LED PLS-60X60,LAMPARA CUADRADA,Items_Images/MTTO-0535.Image.155455.png,CAT006,,,,LOC0084,1,1,FALSE,PIEZAS
MTTO-0536,"DUCTO FLEXIBLE ALUMINIO 2.4 M 3""",,,,,,,,0,1,FALSE,PIEZAS
MTTO-0537,FILTRO EVANS PP-20 POLIPROPILENO,FILTRO DE POLIPROPILENO PARA OSMOSIS INVERSA,Items_Images/MTTO-0537.Image.190603.jpg,CAT002,3a4110bf,,,LOC0006,1,1,FALSE,PIEZAS
MTTO-0538,FILTRO EVANS GAC-20 CARBON ACTIVADO GRANULAR,FILTRO GRANULAR PARA OSMOSIS INVERSA,Items_Images/MTTO-0538.Image.190910.jpg,CAT002,3a4110bf,,,LOC0006,1,1,FALSE,PIEZAS
MTTO-0539,FILTRO EVANS CTO-20 CARBON ACTIVADO EN BLOQUE,FILTRO EN BLOQUE PARA OSMOSIS INVERSA,Items_Images/MTTO-0539.Image.190735.jpg,CAT002,3a4110bf,,,LOC0006,1,1,FALSE,PIEZAS
MTTO-0540,MEMBRANA EVANS OSMOSIS INVERSA MEM-400G,MEMBRANA PARA OSMOSIS,Items_Images/MTTO-0540.Image.191127.jpg,CAT002,3a4110bf,,,LOC0006,2,1,FALSE,PIEZAS
MTTO-0541,CARTUCHO ABRILLANTADOR PARA FILTROS EVANS T33-33,CARTUCHO ABRILLANTADOR EVANS,Items_Images/MTTO-0541.Image.193103.jpg,CAT002,3a4110bf,,,LOC0006,0,1,FALSE,PIEZAS
MTTO-0542,LAMPARA PANEL LED TECNOLITE 18PTLLEDR65MVB,LAMPARA PANEL LED,Items_Images/MTTO-0542.Image.210810.png,CAT006,,,,LOC0060,0,1,FALSE,PIEZAS
MTTO-0543,VARILLA LISA INOXIDABLE 5 MM,,,,,,,,0,1,FALSE,PIEZAS
MTTO-0544,VARILLA LISA INOXIDABLE 6 MM,,,,,,,,0,1,FALSE,PIEZAS
MTTO-0545,FOTOCELDAS 110V - 240V 1300W PARA EXTERIOR,FOTOCELDA PARA EXTERIORES,Items_Images/MTTO-0545.Image.234602.jpg,CAT006,,,,LOC0077,4,1,FALSE,PIEZAS
MTTO-0546,"SELECTOR 2 POSICIONES, XB4-BJ21",SELECTOR 2 POSICIONES,Items_Images/MTTO-0546.Image.211034.jpg,CAT006,,,,LOC0058,6,2,FALSE,PIEZAS
MTTO-0547,GABINETES METALICOS GAME-3030,GABINETES METALICOS,Items_Images/MTTO-0547.Image.001928.jpg,CAT002,,,,LOC0092,4,2,FALSE,PIEZAS
MTTO-0548,"CONTACTOR TRIFASICO ANDELI 220V, CJX2-0910",CONTACTOR TRIFASICO,Items_Images/MTTO-0548.Image.190955.jpg,CAT006,1ce673ed,,,LOC0076,0,1,FALSE,PIEZAS
MTTO-0549,LIMPIADOR UNIVERSAL,USO GENERAL,Items_Images/MTTO-0549.Image.142511.png,CAT002,,,,26813a72,10,1,TRUE,LITROS
MTTO-0550,ASIENTO PARA WC ELONGADO 45CM,ASIENTO ALARGADO PARA BANO,Items_Images/MTTO-0550.Image.213835.jpg,CAT003,PROV001,,,LOC0090,0,1,FALSE,PIEZAS
MTTO-0551,"SELLO MECANICO INNOVASEALS 16 DE 1.000"" - CA/C/V - SS316",,,,,,,,0,1,FALSE,PIEZAS
MTTO-0552,"SELLO MECANICO INNOVASEALS T6-5/8"" - S/S/V",SELLO MECANICO,Items_Images/MTTO-0552.Image.203458.jpg,CAT008,,,,LOC0017,1,1,FALSE,PIEZAS
MTTO-0553,SELLO MECANICO GRUNDFOS CR15 - 16MM - S/S/V - SS304,SELLO MECANICO,Items_Images/MTTO-0553.Image.203835.jpg,CAT008,,,,LOC0017,1,1,FALSE,PIEZAS
MTTO-0554,SELLO MECANICO GLF-H 22MM - S/S/V,SELLO MECANICO,Items_Images/MTTO-0554.Image.204205.jpg,CAT008,,,,LOC0017,3,1,FALSE,PIEZAS
MTTO-0555,SELLO MECANICO 208 DE 30MM - CA/S/V - SS304,SELLO MECANICO,Items_Images/MTTO-0555.Image.204417.jpg,CAT008,,,,LOC0017,2,1,FALSE,PIEZAS
MTTO-0556,SELLO MECANICO AL-22MM-SM-SIC/SIC/V - SS316,SELLO MECANICO,Items_Images/MTTO-0556.Image.204615.jpg,CAT008,,,,LOC0017,2,1,FALSE,PIEZAS
MTTO-0557,SELLO MECANICO MG1 DE 55MM - S/S/V - SS304,SELLO MECANICO,Items_Images/MTTO-0557.Image.204730.jpg,CAT008,,,,LOC0017,1,1,FALSE,PIEZAS
MTTO-0558,DESENGRASANTE BIOAZUL CONCENTRADO,USO GENERAL PARA LIMPIEZA,Items_Images/MTTO-0558.Image.152536.jpg,CAT002,,,,26813a72,12,1,FALSE,LITROS
MTTO-0559,"TUERCA  HEXAGONAL M8, PASO 1.25, INOXIDABLE",TORNILLO USO GENERAL,Items_Images/MTTO-0559.Image.212852.jpg,CAT010,fc5645e9,,,LOC0047,300,1,FALSE,PIEZAS
MTTO-0560,CHUMACERA DE PARED DODGE 023106 F4B-E-207R TYPE E-XTRA,CHUMACERA,Items_Images/MTTO-0560.Image.204335.jpg,CAT003,e0a455a9,,,LOC0029,1,1,FALSE,PIEZAS
MTTO-0561,"CINTA DE FIBRA DE VIDRIO 19MM X 20.1MTS, SCOTCH 27",CINTA DE FIBRA DE VIDRIO,Items_Images/MTTO-0561.Image.193942.jpg,CAT002,PROV001,,,218b4280,0,1,FALSE,PIEZAS
MTTO-0562,"CORTINA DE AIRE FM-1215N-24, 150CM, 115V",CORTINA DE AIRE PARA HORNOS DE SECADO,Items_Images/MTTO-0562.Image.200256.jpg,CAT003,,,,1cdacd99,0,1,FALSE,PIEZAS
MTTO-0563,"TORNILLO DE ACERO PARA MADERA, CABEZA PLANA, M5 X 150MM",TORNILLO PARA MADERA,Items_Images/MTTO-0563.Image.144942.png,CAT010,fc5645e9,,,LOC0046,24,1,FALSE,PIEZAS
MTTO-0564,CONECTOR HEMBRA 24 PINES 16A 500V,PARA CONEXION DE POTENCIA DEL DADO,Items_Images/MTTO-0564.Image.162812.png,CAT006,,,,LOC0099,3,1,FALSE,PIEZAS
MTTO-0565,CONECTOR MACHO 24 PINES 16A 500V,PARA CONEXION DE POTENCIA DEL DADO,Items_Images/MTTO-0565.Image.162833.png,CAT006,,,,LOC0099,8,1,FALSE,PIEZAS
MTTO-0566,"BASE PARA TORRETA APT, TL-703L",BASE PARA TORRETA,Items_Images/MTTO-0566.Image.182001.png,CAT001,PROV001,,,,0,1,FALSE,PIEZAS
MTTO-0567,ANDENES BANQUETEROS AMARILLOS,BANQUETEROS,Items_Images/MTTO-0567.Image.164620.png,db498a61,,,,7066317f,3,1,FALSE,KITS
MTTO-0568,"LAMINA DE LATON CALIBRE 16 (0.06"") 60X240CM (LAINAS)",SE USA PARA FABRICAR LAS LAINAS PARA EL LABIO,Items_Images/MTTO-0568.Image.151708.png,CAT002,32918d31,"$12,085.12",,LOC0105,0,1,FALSE,PIEZAS
MTTO-0569,"LLAVE ANGULAR UNIVERSAL HEMBRA 1/2""NPT X 1/2""NPS",LLAVE UNIVERSAL 1/2” NPT X 1/2 NPS,Items_Images/MTTO-0569.Image.214309.jpg,CAT007,,,,LOC0010,1,1,FALSE,PIEZAS
MTTO-0570,"INTERRUPTOR FINAL DE CARRERA XURUI, XZ7-144",INTERRUPTOR FINAL,Items_Images/MTTO-0570.Image.213541.png,CAT006,1ce673ed,,,LOC0065,1,1,FALSE,PIEZAS
MTTO-0571,"JUEGO DE PIEDRAS PARA MOTOTOOL DE 1/4"" GRANO 60",,Items_Images/MTTO-0571.Image.143240.png,,PROV001,,,7066317f,0,1,FALSE,KITS
MTTO-0572,"SUAVIZADOR DE AGUA MAGNETICO DE 3"" MACHO",,,,,,,,0,1,FALSE,PIEZAS
MTTO-0573,"TUBULAR 1 1/2"" X 3"" CALIBRE 14",,Items_Images/MTTO-0573.Image.194409.jpg,e4249c50,3900dab9,,,7066317f,0,1,FALSE,PIEZAS
MTTO-0574,"TORNILLO ALLEN CILINDRICO M8 X 150MM, PASO 1.25, PAVONADO",TORNILLERIA USO GENERAL,Items_Images/MTTO-0574.Image.151901.png,CAT010,fc5645e9,,,LOC0046,44,1,FALSE,PIEZAS
MTTO-0575,"RELEVADOR ESTADO SOLIDO VARIABLE 90AMP, 1POLO, 24-280VAC, 500KOHMS",RELEVADOR ESTADO SOLIDO 90AMP,Items_Images/MTTO-0575.Image.211556.jpg,CAT006,1ce673ed,,,LOC0058,2,1,FALSE,PIEZAS
MTTO-0576,"CONECTOR RAPIDO NEUMATICO RECTO MACHO 3/8"" NPT A MANGUERA 10MM",CONECTOR RAPIDO NEUMATICO,Items_Images/MTTO-0576.Image.212500.png,CAT004,2c6c8db2,,,LOC0083,4,1,FALSE,PIEZAS
MTTO-0577,BOTON DE PARO DE EMERGENCIA CON CARCASA,BOTON DE PARO DE EMERGENCIA,Items_Images/MTTO-0577.Image.211803.jpg,CAT006,,,,LOC0058,1,1,FALSE,PIEZAS
MTTO-0578,MODULO PLC EM 232 AQ4 X 12BITS 232-0HD22-0XA0,MDULO 232 AQ4,Items_Images/MTTO-0578.Image.162328.png,CAT006,,,,LOC0059,3,1,FALSE,PIEZAS
MTTO-0579,BOMBA HIDRAULICA HYSTAR HGP-1AF8-RX-2B,BOMBA HIDRAULICA HYSTAR,Items_Images/MTTO-0579.Image.195902.jpg,CAT005,,,,LOC0009,3,1,FALSE,PIEZAS
MTTO-0580,"TRANSFORMADOR DE CORRIENTE ANDELI 100/5A, 5VA, AMPERIMETRO",TRANSFORMADOR ANDELI,Items_Images/MTTO-0580.Image.211947.jpg,CAT006,,,,LOC0058,2,2,FALSE,PIEZAS
MTTO-0581,"LUZ PILOTO ROJA ANDELI AD16-22DS, 120ACDC",LUZ PILOTO ROJA,Items_Images/MTTO-0581.Image.212114.jpg,CAT006,,,,LOC0058,25,2,FALSE,PIEZAS
MTTO-0582,"LUZ PILOTO VERDE ANDELI AD16-22DS, 120ACDC",LUZ PILOTO VERDE,Items_Images/MTTO-0582.Image.212250.jpg,CAT006,,,,LOC0058,14,1,FALSE,PIEZAS
MTTO-0583,"RESISTENCIA FRENO 8RJ, 1500W",RESISTENCIA 1500W,Items_Images/MTTO-0583.Image.224237.jpg,CAT003,ab7dd31c,,,LOC0059,1,1,FALSE,PIEZAS
MTTO-0584,MODULO CPU PLC S7-200CN 216-2AD23-0XB8,MODULO PLC,Items_Images/MTTO-0584.Image.224507.jpg,CAT006,,,,LOC0059,3,1,FALSE,PIEZAS
MTTO-0585,BUS CONECTOR PROFIBUS DP,BUS CONECTOR,Items_Images/MTTO-0585.Image.225816.jpg,CAT006,344207b0,,,LOC0059,2,1,FALSE,PIEZAS
MTTO-0586,MODULO PLC EM 231 AI8 X TC PID 231-7TF32,MODULO PLC,Items_Images/MTTO-0586.Image.224935.jpg,CAT006,,,,LOC0059,5,1,FALSE,PIEZAS
MTTO-0587,MODULO PLC EM 222 DC 222-1BL32,MODULO PLC 222 DC,Items_Images/MTTO-0587.Image.162233.png,CAT006,,,,LOC0059,1,2,FALSE,PIEZAS
MTTO-0588,CONTROLADOR DE VACIO YG-52TS,CONTROLADOR DE VACIO,Items_Images/MTTO-0588.Image.225131.jpg,CAT006,,,,LOC0059,2,2,FALSE,PIEZAS
MTTO-0589,PIROMETRO DIGITAL PCD-E3000 SERIALS,PIROMETRO DIGITAL,Items_Images/MTTO-0589.Image.225247.jpg,CAT006,,,,LOC0059,1,2,FALSE,PIEZAS
MTTO-0590,DISPLAY ABB ACS-CP-C,DISPLAY PARA VARIADORES DE LOS SILOS,Items_Images/MTTO-0590.Image.230121.jpg,CAT006,,,,LOC0059,1,1,FALSE,PIEZAS
MTTO-0591,DISPLAY DELTA VFD-SERIES,DISPLAY DELTA,Items_Images/MTTO-0591.Image.230238.jpg,CAT006,,,,LOC0059,1,1,FALSE,PIEZAS
MTTO-0592,LAMPARA PANEL LED TECNOLITE 24PTLLEDR65MVB,LAMPARA PANEL LED,Items_Images/MTTO-0592.Image.192003.jpg,CAT003,,,,LOC0060,7,1,FALSE,PIEZAS
MTTO-0593,SIRENA MENICS ASGB-FF-R 110/220VAC,SIRENA MENICS,Items_Images/MTTO-0593.Image.193544.jpg,CAT006,,,,LOC0057,4,2,FALSE,PIEZAS
MTTO-0594,ALARMA DE HUMO KIDDE I9040,ALARMA DE HUMO,Items_Images/MTTO-0594.Image.155207.png,CAT003,,,,LOC0057,3,1,FALSE,PIEZAS
MTTO-0595,"FOCO BULBO HELLA 0067, BA15S, 12VDC, 10W",FOCO BULBO,Items_Images/MTTO-0595.Image.210259.jpg,CAT006,,,,LOC0119,3,1,FALSE,PIEZAS
MTTO-0596,"LAMPARA LED TECNOLITE GU10, 7W, 630 LUMENES",USO EN LAS CALANDRAS RODILLOS CROMADOS,Items_Images/MTTO-0596.Image.144943.png,CAT006,1ce673ed,,,LOC0119,0,1,FALSE,PIEZAS
MTTO-0597,"LAMPARA LED IPSA MR16-LED/65, 6W",LAMPARA LED 6W,Items_Images/MTTO-0597.Image.210434.jpg,CAT006,,,,LOC0119,6,1,FALSE,PIEZAS
MTTO-0598,"LAMPARA LED GEOPOWER MR16 LA-315CP/4W, 4W",LAMPARA LED GEOPOWER,Items_Images/MTTO-0598.Image.163528.png,CAT006,,,,LOC0060,0,1,FALSE,PIEZAS
MTTO-0599,"RESISTENCIA DE CARBON 1W, 1000OHMS",RESISTENCIA CALEFACTORA,Items_Images/MTTO-0599.Image.201351.png,CAT003,ab7dd31c,,,LOC0094,25,1,FALSE,PIEZAS
MTTO-0600,MEMORIA 64K E-ESTANDAR:02 PLC,,Items_Images/MTTO-0600.Image.145901.png,,,,,,0,1,FALSE,PIEZAS
MTTO-0601,"PRESOSTATO DIGITAL MD-S925Z, 24VDC, M20*1.5, 0-40MPA",PRESOSTATO DIGITAL,Items_Images/MTTO-0601.Image.183424.jpg,CAT004,1ce673ed,,,LOC0027,4,2,FALSE,PIEZAS
MTTO-0602,"PRESOSTATO DIGITAL BALLUFF BSP00Y8, 0-100BAR",PRESOSTATO BALLUFF,Items_Images/MTTO-0602.Image.183738.jpg,CAT004,,,,LOC0027,2,2,FALSE,PIEZAS
MTTO-0603,PRESOSTATO MECANICO LEFOO LF10-L1,PRESOSTATO PARA COMPRESORES,Items_Images/MTTO-0603.Image.183939.jpg,CAT004,,,,LOC0027,2,1,FALSE,PIEZAS
MTTO-0604,RETEN 2552-6 VITON,RETEN DE VITON,Items_Images/MTTO-0604.Image.233811.png,CAT008,32918d31,,,LOC0015,0,1,FALSE,PIEZAS
MTTO-0605,RETEN 3045-8 VITON,RETEN DE VITON,Items_Images/MTTO-0605.Image.190004.jpg,CAT008,32918d31,,,LOC0015,4,1,FALSE,PIEZAS
MTTO-0606,BANDAS B-123,BANDAS B-123,Items_Images/MTTO-0606.Image.155452.jpg,CAT002,e0a455a9,$162.40,,LOC0026,10,1,FALSE,PIEZAS
MTTO-0607,CRUCETA TIPO CARDAN OAMBO 1805,CRUCETA,Items_Images/MTTO-0607.Image.210745.jpg,CAT003,e0a455a9,,,LOC0029,3,1,FALSE,PIEZAS
MTTO-0608,MANGA DE MANTA CHICAS,FILTRO MANGA PARA TURBINA DE ALIMENTACION,Items_Images/MTTO-0608.Image.233217.jpg,CAT002,,,,LOC0003,4,1,FALSE,PIEZAS
MTTO-0609,ANEMOMETRO DIGITAL UNI-T UT363S,ANEMOMETRO DIJITAL,Items_Images/MTTO-0609.Image.140931.png,CAT006,,,,3d9eb8e3,1,1,FALSE,PIEZAS
MTTO-0610,"CONEXION CPVC TIPO TEE 1/2""",CONEXION TEE CPVC,Items_Images/MTTO-0610.Image.214516.jpg,CAT007,PROV001,,,e3c7b211,2,1,FALSE,PIEZAS
MTTO-0611,DISPENSADOR DE JABON AUTOMATICO,DISPENSADOR DE JABON,Items_Images/MTTO-0611.Image.214649.jpg,CAT003,,,,LOC0010,1,1,FALSE,PIEZAS
MTTO-0612,BOMBA HIDRAULICA ROP-10A-VB,BOMBA HIDRAULICA,Items_Images/MTTO-0612.Image.200114.jpg,CAT005,,,,LOC0009,1,1,FALSE,PIEZAS
MTTO-0613,"LEVEL GAUGE LGI-5T 5"" INTERNATIONAL",INDICADOR Y MONITOREO DEL NIVEL Y TEMPERATURA DEL LIQUIDO,Items_Images/MTTO-0613.Image.215109.jpg,CAT005,,,,LOC0010,1,1,FALSE,PIEZAS
MTTO-0614,"LEVEL GAUGE FL69121, FLT 121 3"" FLT GAUGE PARKER",INDICADOR Y MONITOREO DEL NIVEL Y TEMPERATURA DEL LIQUIDO,Items_Images/MTTO-0614.Image.215243.jpg,CAT005,,,,LOC0010,1,1,FALSE,PIEZAS
MTTO-0615,BASE PARA FILTRO DE ACEITE DE TRANSMISION PRINCIPAL,BASE PARA FILTROS,Items_Images/MTTO-0615.Image.151953.png,db498a61,,,,LOC0041,1,1,FALSE,PIEZAS
MTTO-0616,VALVULA DE ASIENTO INCLINADO DN50-NC-304-BSPT,VALVULA DE ASIENTO INCLINADO CON COMPONENTE,Items_Images/MTTO-0616.Image.201518.jpg,CAT003,,,,LOC0009,4,1,FALSE,PIEZAS
MTTO-0617,"SOPORTE CORTA CONOS NYLAMID 3""",SOPORTE PARA CORTA CONOS,Items_Images/MTTO-0617.Image.165423.jpg,CAT003,,,,LOC0038,3,1,FALSE,PIEZAS
MTTO-0618,FUENTE 12VDC PARA CCTV,,,,,,,,0,1,FALSE,PIEZAS
MTTO-0619,"BOMBA PARA OSMOSIS INVERSA BP-01-400G, 24VDC, 77W, EVANS",BOMBA PARA OSMOSIS INVERSA,Items_Images/MTTO-0619.Image.202045.jpg,CAT005,3a4110bf,,,LOC0009,0,1,FALSE,PIEZAS
MTTO-0620,ABRAZADERA DE SUJECION DE PALANCA TIPO PESTILLO,ABRAZADERA TIPO PESTILLO,Items_Images/MTTO-0620.Image.215512.jpg,CAT003,a5eff119,,,LOC0010,2,1,FALSE,PIEZAS
MTTO-0621,JUEGO DE NUMEROS DE GOLPE URREA,JUEGO DE NUMEROS DE GOLPE URREA,Items_Images/MTTO-0621.Image.220001.jpg,CAT001,PROV001,,,LOC0010,0,1,FALSE,KITS
MTTO-0622,PORTAFILTRO PARA COMPRESORES,PORTAFILTRO,Items_Images/MTTO-0622.Image.184200.jpg,CAT003,,,,LOC0027,1,1,FALSE,PIEZAS
MTTO-0623,"ELECTROVALVULA NEUMATICA CAMOZZI 638-150-A63, 1/8"", 24VDC","INICIA, DETIENE O REGULA EL PASO DE GASES",Items_Images/MTTO-0623.Image.134839.jpg,CAT004,,,,LOC0082,8,1,FALSE,PIEZAS
MTTO-0624,VENTILADOR 15050B2HT 440 USADO,VENTILADOR USADO,Items_Images/MTTO-0624.Image.151043.png,CAT002,1ce673ed,,,LOC0101,2,1,FALSE,PIEZAS
MTTO-0625,PRESOSTATO DE AGUJA 0 - 1.6 MPA JOSEPH,PRESOSTATO DE AGUJA,Items_Images/MTTO-0625.Image.152135.jpg,CAT005,,,,LOC0101,7,1,FALSE,CAJAS
MTTO-0626,"TERMOMETRO TBM20025B8 2"", 1/4""NPT, BACK O/250 F/C WINTERS",TERMOMETRO REFACCION DE VALVULAS,Items_Images/MTTO-0626.Image.133855.jpg,CAT006,,,,LOC0100,4,1,FALSE,PIEZAS
MTTO-0627,"VACUOMETRO CONEXION POSTERIOR 1/8"" NPT, -30 -0 INHG, CARATULA 35MM SIN GLICERINA",VACUOMETROS PARA LAS BOMBAS DE VACIO,Items_Images/MTTO-0627.Image.134304.jpg,CAT003,e0a455a9,,,LOC0100,2,1,FALSE,PIEZAS
MTTO-0628,"MANOMETRO CONEXION POSTERIOR 1/8"" NPT, CARATULA 35MM, 0 - 175 PSI SIN GLICERINA",MANOMETRO USO GENERAL,Items_Images/MTTO-0628.Image.135807.jpg,CAT003,e0a455a9,,,LOC0100,10,1,FALSE,PIEZAS
MTTO-0629,"DISCO CORTE PARA METAL DE 14""",DISCO PARA CORTADORA,Items_Images/MTTO-0629.Image.235016.jpg,CAT002,PROV001,,,LOC0106,5,1,FALSE,PIEZAS
MTTO-0630,"TEMPORIZADOR DIGITAL 625W"" 120V-60HZ 15A MAX",TEMPORIZADOR PARA PROGAMAR EQUIPOS,Items_Images/MTTO-0630.Image.192157.png,CAT006,955f69ca,,,LOC0077,3,1,FALSE,PIEZAS
MTTO-0631,CORONA BRONCE PARA REDUCTOR ELEVADOR DE CALANDRA,USO PARA EL MOVIMIENTO DE TRASMISION CORRECTO,Items_Images/MTTO-0631.Image.134232.png,CAT003,,,,LOC0105,12,1,FALSE,PIEZAS
MTTO-0632,CORONA BRONCE PARA TORNILLO SINFIN DE RODILLOS CROMADOS,USO PARA EL MOVIMIENTO DE TRASMISION CORRECTO,Items_Images/MTTO-0632.Image.002506.png,CAT003,,,,LOC0105,7,1,FALSE,PIEZAS
MTTO-0633,SINFIN DE SOPORTE DE ACERO PARA ELEVADOR DE CALANDRA,SOPORTE Y GUIA DE TONILLO SINFIN,Items_Images/MTTO-0633.Image.145226.jpg,CAT003,,,,LOC0105,4,1,FALSE,PIEZAS
MTTO-0634,SINFIN DE TRACCION DE ACERO PARA AJUSTE DE RODILLOS CROMADOS,SOPORTE Y GUIA DE TONILLO SINFIN,Items_Images/MTTO-0634.Image.145041.png,CAT003,,,,LOC0105,12,1,FALSE,PIEZAS
MTTO-0635,"CARDA CT-608 TENAZIT DE 5/8"" PARA ESMERILADORA",CARDA PARA ESMERILADORA,Items_Images/MTTO-0635.Image.235426.jpg,CAT002,PROV001,,,LOC0106,1,1,FALSE,PIEZAS
MTTO-0636,"DISCO PULIR 4½"" TIPO 27 FLAP FELPA DE LANA TENAZIT",DISCO PARA ESMERILADORA ANGULAR,Items_Images/MTTO-0636.Image.235644.jpg,CAT002,PROV001,$752.09,,LOC0120,2,1,FALSE,PIEZAS
MTTO-0637,PORTAFUSIBLE 32AMP 1 POLO 10X38MM,CONECTOR DE POTENCIA,Items_Images/MTTO-0637.Image.133651.png,CAT006,1ce673ed,,,LOC0064,3,1,FALSE,PIEZAS
MTTO-0638,"INTERRUPTOR TERMOMAGNETICO 250A, 3 FASES, FXD63B250",INTERRUPTOR TERMOMAGNETICO,Items_Images/MTTO-0638.Image.200122.jpg,CAT006,1ce673ed,,,LOC0063,1,1,FALSE,PIEZAS
MTTO-0639,"INTERRUPTOR TERMOMAGNETICO 80A, 3 FASES, HDA36080",INTERRUPTOR TERMOMAGNETICO,Items_Images/MTTO-0639.Image.201533.jpg,CAT006,1ce673ed,,,LOC0063,0,1,FALSE,PIEZAS
MTTO-0640,"TRANSFORMADOR 440V-220V, 1.0KVA",,,,,,,,0,1,FALSE,PIEZAS
MTTO-0641,"INTERRUPTOR TERMOMAGNETICON 20A, 3 FASES, ED43B020MX",INTERRUPTOR TERMOMAGNETICON,Items_Images/MTTO-0641.Image.203628.jpg,CAT006,1ce673ed,,,LOC0063,1,3,FALSE,PIEZAS
MTTO-0642,"INTERRUPTOR TERMOMAGNETICO ENCHUFABLE 30A, 3 FASES, SQUARE D",INTERRUPTOR TERMOMAGNETICO,Items_Images/MTTO-0642.Image.135040.png,CAT006,1ce673ed,,,LOC0064,0,1,FALSE,PIEZAS
MTTO-0643,"INTERRUPTOR TERMOMAGNETICO ENCHUFABLE 20A, 2 FASES, SQUARE D",INTERRUPTOR TERMOMAGNETICO,Items_Images/MTTO-0643.Image.134229.png,CAT006,1ce673ed,,,LOC0064,0,1,FALSE,PIEZAS
MTTO-0644,"TRANSFORMADOR JBK3-500VA, 127V-220V-440V---24V-127V-220V",,,,,,,,0,1,FALSE,PIEZAS
MTTO-0645,"CLEMA TYP USLKG2.5N, 2.5MM²",CLEMA 25MM,Items_Images/MTTO-0645.Image.001005.jpg,CAT006,,,,LOC0066,43,1,FALSE,PIEZAS
MTTO-0646,"CLEMA TYP WUK5N, 800V, 41A, 4MM²",CLEMA 4MM,Items_Images/MTTO-0646.Image.001138.jpg,CAT006,,,,LOC0066,29,1,FALSE,PIEZAS
MTTO-0647,"CLEMA TYP UK2.5B, 800V, 32A, 2.5MM²",FLEMAS 25MM,Items_Images/MTTO-0647.Image.001252.jpg,CAT006,,,,LOC0066,26,1,FALSE,PIEZAS
MTTO-0648,"CLEMA TYP UK6N, 800V, 57A, 6MM²",CLEMA 6MM,Items_Images/MTTO-0648.Image.001508.jpg,CAT006,,,,LOC0066,26,1,FALSE,PIEZAS
MTTO-0649,DISIPADOR DE CALOR PARA SSR,COMPONENTE ESENCIAL EN APLICACIONES DE CONTROL,Items_Images/MTTO-0649.Image.184933.png,CAT003,,,,LOC0074,12,1,FALSE,PIEZAS
MTTO-0650,VACIO 06,,,,,,,,0,0,FALSE,PIEZAS
MTTO-0651,"RELEVADOR FINDER 120VAC, 60.12.8.120.0040, 8PINES",RELEVADOR FINDER 8 PINES,Items_Images/MTTO-0651.Image.195821.png,CAT006,1ce673ed,,,LOC0065,14,1,FALSE,PIEZAS
MTTO-0652,"RELEVADOR ABB 110VAC, CR-M110AC4",RELEVADOR ABB,Items_Images/MTTO-0652.Image.202414.png,CAT006,1ce673ed,,,LOC0065,3,1,FALSE,PIEZAS
MTTO-0653,"BASE PARA RELEVADOR FINDER, 90.82.30, 8PINES",BASE PARA RELEVADOR 8 PINES,Items_Images/MTTO-0653.Image.203124.png,CAT003,1ce673ed,,,LOC0065,1,1,FALSE,PIEZAS
MTTO-0654,"BASE PARA RELEVADOR IDEC, SJ2S-05B, 8PINES",BASE PARA RELEVADOR 8 PINES,Items_Images/MTTO-0654.Image.203431.png,CAT003,1ce673ed,,,LOC0065,1,1,FALSE,PIEZAS
MTTO-0655,"BASE PARA RELEVADOR ABB, CR-M4SS, 14PINES",BASE PARA RELEVADOR 14 PINES,Items_Images/MTTO-0655.Image.181904.png,CAT003,1ce673ed,,,LOC0065,0,1,FALSE,PIEZAS
MTTO-0656,"ZAPATAS PARA INTERRUPTOR, COMPACT NS 250N/16-250A",ZAPATAS PARA INTERRUPTOR,Items_Images/MTTO-0656.Image.204248.jpg,CAT006,1ce673ed,,,LOC0063,2,1,FALSE,PIEZAS
MTTO-0657,"RELEVADOR IDEC 220VAC, RY4S-UL, 14PINES",RELEVADOR IDEC 14 PINES,Items_Images/MTTO-0657.Image.185337.png,CAT006,1ce673ed,,,LOC0058,0,1,FALSE,PIEZAS
MTTO-0658,"RELEVADOR ANDELI 250VAC, TYPE 55.34, 14PINES",RELEVADOR ANDELI 14 PINES,Items_Images/MTTO-0658.Image.202000.png,CAT006,1ce673ed,,,LOC0065,0,1,FALSE,PIEZAS
MTTO-0659,"RELEVADOR FINDER 24VDC, 55.33.9.024.0010, 11PINES",RELEVADOR FINDER 11 PINES,Items_Images/MTTO-0659.Image.185205.png,CAT006,1ce673ed,,,LOC0058,0,1,FALSE,PIEZAS
MTTO-0660,"RELEVADOR FINDER 24VDC, 55.34.9.024.0040, 14PINES",RELEVADOR FINDER 14 PINES,Items_Images/MTTO-0660.Image.201802.png,CAT006,1ce673ed,,,LOC0065,6,1,FALSE,PIEZAS
MTTO-0661,"RELEVADOR FINDER 120VAC, 56.32.8.120.0040, 8PINES",RELEVADOR FINDER 8 PINES,Items_Images/MTTO-0661.Image.202236.png,CAT006,1ce673ed,,,LOC0065,2,1,FALSE,PIEZAS
MTTO-0662,"RELEVADOR FINDER 24VDC, 55.32.9.024.0040, 8PINES",RELEVADOR FINDER 8 PINES,Items_Images/MTTO-0662.Image.185105.png,CAT006,1ce673ed,,,LOC0058,0,1,FALSE,PIEZAS
MTTO-0663,"BASE PARA RELEVADOR FINDER, 96.72, 8PINES",BASE PARA RELEVADOR 8 PINES,Items_Images/MTTO-0663.Image.181650.png,CAT003,1ce673ed,,,LOC0065,0,1,FALSE,PIEZAS
MTTO-0664,"BASE PARA RELEVADOR FINDER, 94.82, 8PINES",BASE PARA RELEVADOR 8 PINES,Items_Images/MTTO-0664.Image.203759.png,CAT003,1ce673ed,,,LOC0065,1,1,FALSE,PIEZAS
MTTO-0665,"BASE PARA RELEVADOR FINDER, 94.03, 11PINES",BASE PARA RELEVADOR 11 PINES,Items_Images/MTTO-0665.Image.181822.png,CAT003,1ce673ed,,,LOC0058,0,1,FALSE,PIEZAS
MTTO-0666,"RELEVADOR HF13F 100VAC, A100-2Z1D, 8PINES",RELEVADOR 8 PINES,Items_Images/MTTO-0666.Image.185010.png,CAT006,1ce673ed,,,LOC0065,0,1,FALSE,PIEZAS
MTTO-0667,"BASE PARA RELEVADOR HF, 13F-2Z-C1, 8PINES",BASE PARA RELEVADOR 8 PINES,Items_Images/MTTO-0667.Image.202931.png,CAT003,1ce673ed,,,LOC0065,1,1,FALSE,PIEZAS
MTTO-0668,"DISYUNTOR TRIFASICO SCHNEIDER, 2.5-4A, GZ1N08",DISYNTOR TRISFASICO,,,,,,,0,1,FALSE,PIEZAS
MTTO-0669,"DISYUNTOR TRIFASICO SCHNEIDER 1.6-2.5A, GZ1E07",DISYUNTOR TRIFASICO,Items_Images/MTTO-0669.Image.162638.jpg,CAT006,,,,LOC0076,1,2,FALSE,PIEZAS
MTTO-0670,"DISYUNTOR TRIFASICO SCHNEIDER 4-6.3, GZ1E10",DISYUNTOR TRIFASICO,Items_Images/MTTO-0670.Image.162730.jpg,CAT006,,,,LOC0076,1,2,FALSE,PIEZAS
MTTO-0671,"CONTACTO AUXILIAR SIEMENS 3RH2911-1GA22, NO-NC",BLOQUE DE CONTACTO AUXILIAR,Items_Images/MTTO-0671.Image.191617.jpg,CAT006,1ce673ed,,,LOC0076,3,1,FALSE,PIEZAS
MTTO-0672,"RELE TERMOMAGNETICO META MEC, 12-18A, GTH-22",RELE TERMOMAGNETICO,Items_Images/MTTO-0672.Image.163217.jpg,CAT006,1ce673ed,,,LOC0076,1,1,FALSE,PIEZAS
MTTO-0673,"RELE TERMOMAGNETICO META MEC, 18-26A, GTH-40",RELE TERMOMAGNETICO,Items_Images/MTTO-0673.Image.163312.jpg,CAT006,1ce673ed,,,LOC0076,1,1,FALSE,PIEZAS
MTTO-0674,"SWITCH DE BAJA PRESION PARA OSMOSIS INVERSA, PURIKOR, R-PK-DCC023, 1/4"", 24VDC",,,CAT003,3a4110bf,,,,0,2,FALSE,PIEZAS
MTTO-0675,INTERRUPTOR FINAL DE CARRERA CHINT YBLX-P1/120/1E,INTERRUPTOR FINAL,Items_Images/MTTO-0675.Image.204351.png,CAT003,1ce673ed,,,LOC0065,4,1,FALSE,PIEZAS
MTTO-0676,"INTERRUPTOR FINAL DE CARRERA XURUI, XZ-15GW2277-B",INTERRUPTOR DE CARRERA,Items_Images/MTTO-0676.Image.204759.png,CAT006,1ce673ed,,,LOC0065,1,1,FALSE,PIEZAS
MTTO-0677,"REGULADOR DE PRESION NEUMATICO CAMOZZI, M004-R00",REFACCION NEUMATICA PARA PISTONES,Items_Images/MTTO-0677.Image.191358.png,CAT004,,,,LOC0081,14,1,FALSE,PIEZAS
MTTO-0678,"VALVULA MANUAL ROTATIVA NEUMATICA PARKER, HVN4200-8, 0-10BAR, 4VIAS, 3 POSICIONES",VALVULA 3 POSICIONES,Items_Images/MTTO-0678.Image.163409.png,CAT004,,,,LOC0082,4,1,FALSE,PIEZAS
MTTO-0679,"ELECTROVALVULA NEUMATICA 3V1-06, 1/8"", 24VDC.","BIBINA SIMPLE, ELCTRICA APERADA POR PILOTOS",Items_Images/MTTO-0679.Image.134211.jpg,CAT005,,,,LOC0082,8,1,FALSE,PIEZAS
MTTO-0680,DREN NEUMATICO AUTOMATICO BLCH AD402-04,DRENAJE AUTOMÁTICO DE PATA DE GOTEO DE LA SERIE SMC AD,Items_Images/MTTO-0680.Image.154948.png,CAT004,,,,LOC0082,2,1,FALSE,PIEZAS
MTTO-0681,"TANQUE 3L, YC03, 4 ENTRADAS, 1.25MPA",TANQUE 3L 4 ENTRADAS 125 MPA,Items_Images/MTTO-0681.Image.202319.jpg,CAT003,,,,LOC0009,1,1,FALSE,PIEZAS
MTTO-0682,"ELECTROVALVULA NEUMATICA GUSS & ROCH, 5 VIAS, 2 POSICIONES, RETORNO POR MUELLE DE 1/4"" BOBINA 24VDC",SE USA EN LAS TURBINAS ALIMENTADORAS,Items_Images/MTTO-0682.Image.144243.jpg,CAT004,2c6c8db2,"$1,213.85",,LOC0082,1,1,FALSE,PIEZAS
MTTO-0683,PRESOSTATO MECANICO PRESOSTEI 2N-K5,PRESOSTATO,Items_Images/MTTO-0683.Image.184422.jpg,CAT004,,,,LOC0027,1,1,FALSE,PIEZAS
MTTO-0684,DREN NEUMATICO AUTOMATICO SMC AFM20-01BC-2-A,EL NEUMÁTICO AUTOMÁTICO SMC AFM20-01BC-2-A ES UN SEPARADOR DE NIEBLA,Items_Images/MTTO-0684.Image.134037.jpg,CAT004,,,,LOC0082,1,1,FALSE,PIEZAS
MTTO-0685,REGULADOR DE PRESION NEUMATICO CON DREN AUTOMATICO SMC AW20-01BE-2,REGULADOR 2 POSICIONES,Items_Images/MTTO-0685.Image.162909.png,CAT004,,,,LOC0082,1,1,FALSE,PIEZAS
MTTO-0686,CABLE VGA STEREN DE 20MTS,PROGRAMA EVENTOS AUTOMÁTICOS DE ENCENDIDO Y APAGADO PARA DIVERSOS EQUIPOS,Items_Images/MTTO-0686.Image.214515.png,CAT006,955f69ca,,,LOC0077,1,1,FALSE,PIEZAS
MTTO-0687,"CAJA DE CONEXION RECTANGULAR FS 1/2""",CAJA FS 1/2,Items_Images/MTTO-0687.Image.235953.jpg,CAT006,,,,LOC0077,15,1,FALSE,PIEZAS
MTTO-0688,"CAJA DE CONEXION RECTANGULAR NO METALICA FS 3/4"" DE 3 ORIFICIOS ROSCADOS",CAJA FS 3/4”,Items_Images/MTTO-0688.Image.000206.jpg,CAT006,PROV001,,,LOC0077,13,1,FALSE,PIEZAS
MTTO-0689,TAPA PARA CONTACTO DUPLEX DE CAJA DE CONEXION TIPO FS,TAPA PARA CONTACTO DUPLEX,Items_Images/MTTO-0689.Image.000537.jpg,CAT006,PROV001,,,92bd79f5,18,1,FALSE,PIEZAS
MTTO-0690,"PLACA SENCILLA PARA CAJA DE CONEXION TIPO FS, RECEPTACULO DE 35MM",,,,,,,,0,1,FALSE,PIEZAS
MTTO-0691,"PLACA SENCILLA PARA CAJA DE CONEXION TIPO FS, RECEPTACULO DE 40MM",,,,,,,,0,1,FALSE,PIEZAS
MTTO-0692,"BASE PARA RELEVADOR FINDER, 94.84.20, 14PINES",BASE PARA RELEVADOR 14 PINES,Items_Images/MTTO-0692.Image.181741.png,CAT003,1ce673ed,,,LOC0076,0,1,FALSE,PIEZAS
MTTO-0693,ACOPLAMIENTO ARAÑA GOMA LOVEJOY L099/L100,ACOPLAMIENTO DE GOMA,Items_Images/MTTO-0693.Image.214721.png,CAT002,,,,LOC0074,2,1,FALSE,PIEZAS
MTTO-0694,"ARNES 4-POL, M12, CONECTOR FEM, BALLUFF, PARA SENSORES DE PROXIMIDAD CAPACITIVO",SE UTILIZA PARA LA TRANSMISION SEGURA DE SEÑALES,Items_Images/MTTO-0694.Image.161144.png,CAT006,344207b0,,,LOC0056,1,1,FALSE,PIEZAS
MTTO-0695,"BOBINA 24VDC EASUN EH602, 3W, 125MA, PARA VALVULAS SOLENOIDES CHICAS",BOBINA 24VDC,Items_Images/MTTO-0695.Image.154849.png,CAT003,,,,LOC0081,2,1,FALSE,PIEZAS
MTTO-0696,"BOBINA 220VAC GUSS & ROCH, 30E, PARA VALVULAS SOLENOIDES CHICAS",BOBINA 30E,Items_Images/MTTO-0696.Image.155137.png,CAT003,,,,LOC0081,5,1,FALSE,PIEZAS
MTTO-0697,"VALVULA SOLENOIDE CAMOZZI A331-1C2, 3 VIAS, 2 POSICIONES, 1/8""","VALVULA A331-1C2,3 VIAS",Items_Images/MTTO-0697.Image.154706.png,CAT004,,,,LOC0082,4,2,FALSE,PIEZAS
MTTO-0698,VALVULA NEUMÁTICA DE MANO 8MM X 8MM,VALVULA NEUMATICA,Items_Images/MTTO-0698.Image.183711.png,CAT004,2c6c8db2,$346.84,,LOC0010,11,1,FALSE,PIEZAS
MTTO-0699,BOBINA 220VAC (USADAS),BOBINA 220VAC,Items_Images/MTTO-0699.Image.162253.png,CAT003,,,,LOC0081,19,1,FALSE,PIEZAS
MTTO-0700,BOBINA 24VDC (USADAS),BOBINA ( USADAS),Items_Images/MTTO-0700.Image.162126.png,CAT003,,,,LOC0081,13,1,FALSE,PIEZAS
MTTO-0701,"CLAVIJA AEREA MAS CONTACTO DE 3 FASES MAS TIERRA 200-250V, 32A",CONECTOR DE POTENCIA,Items_Images/MTTO-0701.Image.140024.png,CAT003,1ce673ed,,,LOC0064,6,1,FALSE,PIEZAS
MTTO-0702,"TORNILLO ALLEN CILINDRICO M8 X 85MM, PASO 1.25, PAVONADO",TORNILLERIA USO GENERAL,Items_Images/MTTO-0702.Image.184958.png,CAT010,fc5645e9,,,LOC0046,0,1,FALSE,PIEZAS
MTTO-0703,"TORNILLO ALLEN CILINDRICO M8 X 60MM, PASO 1.25, PAVONADO",TORNILLERIA USO GENERAL,Items_Images/MTTO-0703.Image.184731.png,CAT010,fc5645e9,,,LOC0046,0,1,FALSE,PIEZAS
MTTO-0704,"TORNILLO ALLEN CILINDRICO M8 X 75MM, PASO 1.25, PAVONADO",TORNILLERIA USO GENERAL,Items_Images/MTTO-0704.Image.184851.png,CAT010,fc5645e9,,,LOC0046,3,1,FALSE,PIEZAS
MTTO-0705,"TORNILLO ALLEN CILINDRICO M10 X 20MM, PASO 1.50, PAVONADO",TORNILLERIA USO GENERAL,Items_Images/MTTO-0705.Image.173949.png,CAT010,fc5645e9,,,LOC0045,20,1,FALSE,PIEZAS
MTTO-0706,BOTON DE PARO DE EMERGENCIA SIN CARCASA,BOTONERA,Items_Images/MTTO-0706.Image.205416.png,CAT006,,,,LOC0058,0,1,FALSE,PIEZAS
MTTO-0707,JUEGO DE BROCAS PARA ROTOMARTILLO SDS-PLUS,BROCAS USO GENERAL,Items_Images/MTTO-0707.Image.140624.png,CAT001,PROV001,,,7066317f,0,1,FALSE,KITS
MTTO-0708,PINZAS PONCHADORA HIDRAULICA CON 30PZS,HERRAMIENTA PARA PONCHAR TERMINALES,Items_Images/MTTO-0708.Image.153839.png,CAT001,PROV001,,,7066317f,1,1,FALSE,PIEZAS
MTTO-0709,"LLAVE PERICA AJUSTABLE 15"" URREA",USO GENERAL,Items_Images/MTTO-0709.Image.220850.png,CAT001,PROV001,,,84e30ac4,1,1,FALSE,PIEZAS
MTTO-0710,"BOMBA PERIFERICA 1/4""HP",BOMBA PERIFERICA,Items_Images/MTTO-0710.Image.202411.png,CAT005,,,,,0,1,FALSE,PIEZAS
MTTO-0711,BOMBA AGUA CENTRIFUGA,BOMBA CENTRIFUGA,,CAT003,,,,,0,1,FALSE,PIEZAS
MTTO-0712,BOMBA HIDRAULICA 1HP SIEMENS,BOMBA HIDRAULICA,Items_Images/MTTO-0712.Image.182424.png,CAT005,,,,,0,1,FALSE,PIEZAS
MTTO-0713,PISTON HIDRAULICO CAMBIAMALLAS REPUESTO,PISTON,Items_Images/MTTO-0713.Image.185926.jpg,CAT005,,,,d009594f,2,1,FALSE,PIEZAS
MTTO-0714,BOMBA AGUA CALDERA 2KW WEG,BOMBA DE AGUA 2KW,,CAT003,,,,,0,1,FALSE,PIEZAS
MTTO-0715,MOTOR ASINCRONO 0.75KW TRANSTECNO,,,,,,,,0,1,FALSE,PIEZAS
MTTO-0716,MOTOR POLIPASTO CARRO,MOTOR POLIPASTO,Items_Images/MTTO-0716.Image.153349.jpg,CAT003,,,,b4a2143f,3,2,FALSE,PIEZAS
MTTO-0717,MOTOR BV 7.5KW NO. 0120258,,,,,,,,0,1,FALSE,PIEZAS
MTTO-0718,MOTOR CALANDRA 1.1KW YE2-905-4,CALANDRA MOTOR 1.1,,,,,,,0,1,FALSE,PIEZAS
MTTO-0719,MOTOR ASINCRONO 3.0KW YOADA,,,,,,,,0,1,FALSE,PIEZAS
MTTO-0720,BOMBA AGUA CALDERA 1.5KW SIEMENS,BOMBA DE AGUA 1.5KW,Items_Images/MTTO-0720.Image.182236.png,CAT003,,,,,0,1,FALSE,PIEZAS
MTTO-0721,MOTOR ASINCRONO 5.5KW LAJ,,,,,,,,0,1,FALSE,PIEZAS
MTTO-0722,MOTOR ASINCRONO 4.0KW LAJ,,,,,,,,0,1,FALSE,PIEZAS
MTTO-0723,MOTOR BV 7.5KW WEG,,,,,,,,0,1,FALSE,PIEZAS
MTTO-0724,BOMBA AGUA CALDERA 2.0KW WEG,BOMBA DE AGUA 2.0KW,,CAT003,,,,,0,1,FALSE,PIEZAS
MTTO-0725,BOMBA AGUA CALDERA 1.5KW YLXH,BOMBA DE AGUA 1.5KW,,CAT003,,,,,0,1,FALSE,PIEZAS
MTTO-0726,BOMBA AGUA MULTIETAPA AMARILLA 2.2KW,BOMBA MULTIETAPA,,CAT003,,,,,0,1,FALSE,PIEZAS
MTTO-0727,"COPLE PVC BLANCO RECTO  3/4""",COPLE PVC BLANCO,Items_Images/MTTO-0727.Image.164641.png,CAT007,PROV001,,,e3c7b211,3,1,FALSE,PIEZAS
MTTO-0728,VACIO 00,,,,,,,,0,0,FALSE,PIEZAS
MTTO-0729,SOPLADOR NARANJA 0.746KW SIEMENS,,,,,,,,0,1,FALSE,PIEZAS
MTTO-0730,BOMBA MULTIETAPA 15HP,BOMBA MULTIETAPA,,CAT005,,,,,0,1,FALSE,PIEZAS
MTTO-0731,BOMBA MULTIETAPA 7.5KW,BOMBA MULTIETAPA,Items_Images/MTTO-0731.Image.210555.png,CAT005,,,,,0,1,FALSE,PIEZAS
MTTO-0732,BOMBA MULTIETAPA SIN-MOTOR,BOMBA MULTIETAPA,,CAT005,,,,,0,1,FALSE,PIEZAS
MTTO-0733,MALLA INOXIDABLE PARA FILTROS DE BV,MALLA PARA LOS RECIPIENTES FILTROS DE LAS BOMBAS DE VACIO,Items_Images/MTTO-0733.Image.191740.jpg,CAT002,,,,e7e69bdf,5,1,FALSE,METROS
MTTO-0734,MOTOR CALANDRA 0.75KW NO. RS19F215,,,,,,,,0,1,FALSE,PIEZAS
MTTO-0735,"TUERCA UNION CPVC 1""",TUERCA UNION CPVC,Items_Images/MTTO-0735.Image.220155.jpg,CAT007,PROV001,,,e3c7b211,4,1,FALSE,PIEZAS
MTTO-0736,"TUBO CONDUIT 3/4""",,,CAT006,,,,,0,2,FALSE,PIEZAS
MTTO-0737,MOTOR ASINCRONO 2N.M,,,,,,,,0,1,FALSE,PIEZAS
MTTO-0738,FILTRO AIRE PARTICULAS TURBINAS,,,,,,,,0,1,FALSE,PIEZAS
MTTO-0739,"RESISTENCIA ALUMINIO PLANA CAÑON LARGO 29CM, 260V, 1800W",RESISTENCIA CALEFACTORA,Items_Images/MTTO-0739.Image.161002.jpg,CAT003,ab7dd31c,,,4ca9e823,7,1,FALSE,PIEZAS
MTTO-0740,"RESISTENCIA ALUMINIO JOINCORE, ID140 X W115, 250V, 885W X 2",RESISTENCIA CALEFACTORA,Items_Images/MTTO-0740.Image.160853.jpg,CAT003,ab7dd31c,,,4ca9e823,1,1,FALSE,PIEZAS
MTTO-0741,"RESISTENCIA ALUMINIO EN L INFERIOR CAÑON LARGO 29CM, 260V, 4100W",RESISTENCIA CALEFACTORA,Items_Images/MTTO-0741.Image.160050.jpg,CAT003,ab7dd31c,,,68dab6aa,5,1,FALSE,PIEZAS
MTTO-0742,"RESISTENCIA ALUMINIO EN L INFERIOR CAÑON LARGO 47CM, 260V, 6700W",RESISTENCIA CALEFACTORA,Items_Images/MTTO-0742.Image.160301.jpg,CAT003,ab7dd31c,,,4ca9e823,5,1,FALSE,PIEZAS
MTTO-0743,"RESISTENCIA PLANA CAÑON 47CM, 260V 28",RESISTENCIA CALEFACTORA,,CAT003,ab7dd31c,,,68dab6aa,2,1,FALSE,PIEZAS
MTTO-0744,"RESISTENCIA ALUMINIO EN L SUPERIOR CANÑN LARGO 29CM, 260V, 4100W",RESISTENCIA CALEFACTORA,Items_Images/MTTO-0744.Image.160422.jpg,CAT003,ab7dd31c,,,2d7d9e04,7,1,FALSE,PIEZAS
MTTO-0745,"RESISTENCIA ALUMINIO PLANA CAÑON LARGO 46CM, 260V, 2800W",RESISTENCIA CALEFACTORA,Items_Images/MTTO-0745.Image.160819.jpg,CAT003,ab7dd31c,,,4ca9e823,5,2,FALSE,PIEZAS
MTTO-0746,ROLLO DE 100 GRAMOS DE SOLDADURA CON ALEACION ESTANO/PLOMO,SOLDADURA DE ESTANO PARA SOLDADURAS ELECTRICAS,Items_Images/MTTO-0746.Image.154509.png,CAT006,1ce673ed,$249.00,,b99687bf,1,1,FALSE,PIEZAS
MTTO-0747,PISTON NEUMATICO GRANDE (ACUMULADOR),,,,,,,,0,1,FALSE,PIEZAS
MTTO-0748,PISTON NEUMATICO CHICO CON BASE,,,,,,,,0,1,FALSE,PIEZAS
MTTO-0749,ALIMENTADORES TORNILLOS SIN FIN BASE CUADRADA,ALIMENTADORES TORNILLO SINFIN PARA LAS EXTRUSORAS,Items_Images/MTTO-0749.Image.170910.jpg,db498a61,ab7dd31c,,,8eede3f6,2,1,FALSE,PIEZAS
MTTO-0750,LABIO REPUESTO,,,,,,,,0,1,FALSE,PIEZAS
MTTO-0751,ACEITE PARA COMPRESOR DE RECIPROCANTE SAE 40 TLT,ACEITE PARA LOS COMPRESORES DE PISTON CBS,Items_Images/MTTO-0751.Image.194921.png,CAT002,1a085ed4,$378.06,,26813a72,15,1,FALSE,LITROS
MTTO-0752,TRAPOS DE MICROFIBRA 40.5CM X 40.5CM,TRAPOS PARA LIMPIEZA,Items_Images/MTTO-0752.Image.151847.jpg,CAT002,,,,218b4280,1,1,FALSE,PIEZAS
MTTO-0753,EMPAQUE CIRCULAR BOMBA VACIO,EMPAQUES CIRCULARES PARA VALVULA CHECK DE BOMBAS DE VACIO,Items_Images/MTTO-0753.Image.151128.jpg,CAT008,83a52293,$400.20,,LOC0116,29,1,FALSE,PIEZAS
MTTO-0754,PEGA PISO 20KG,CEMENTO PARA PEGAR PISO,Items_Images/MTTO-0754.Image.140935.jpg,CAT002,PROV001,,,26813a72,1,1,FALSE,KILOGRAMOS
MTTO-0755,MINISPLITS USADOS (CONDENSADORES),,Items_Images/MTTO-0755.Image.150010.png,,,,,7066317f,0,1,FALSE,PIEZAS
MTTO-0756,MINISPLITS USADOS (EVAPORADORES),,Items_Images/MTTO-0756.Image.150229.png,,,,,7066317f,0,1,FALSE,PIEZAS
MTTO-0757,TINACO CITIJAL 450LTS,,,,,,,,0,1,FALSE,PIEZAS
MTTO-0758,"FLECHAS PORTA ROLLOS 6"" NUEVAS","FLECHAS NEUMATICAS 6"" PARA LOS EMBOBINADORES",Items_Images/MTTO-0758.Image.001602.jpg,CAT004,ab7dd31c,,,e7e69bdf,0,2,FALSE,PIEZAS
MTTO-0759,TORNILLO PERNO DE OJO EN ELEVACION M24,PERNO USO GENERAL,Items_Images/MTTO-0759.Image.194144.png,CAT010,fc5645e9,,,LOC0007,9,1,FALSE,PIEZAS
MTTO-0760,"FLECHAS PORTA ROLLOS 3"" NUEVAS",FLECHAS NEUMATICAS 3” PARA LOS EMBOBINADORES,Items_Images/MTTO-0760.Image.001452.jpg,CAT004,ab7dd31c,,,e7e69bdf,6,2,FALSE,PIEZAS
MTTO-0761,TORNILLO PERNO DE OJO EN ELEVACION M16,PERNO USO GENERAL,Items_Images/MTTO-0761.Image.193937.png,CAT010,fc5645e9,,,LOC0007,23,1,FALSE,PIEZAS
MTTO-0762,MOTOR REPUESTO BOMBA PRINCIPAL TORRES ENFRIAMIENTO,,,,,,,,0,2,FALSE,PIEZAS
MTTO-0763,TURBINAS COMPLETAS CON TANQUE SEPARADOR DE FINOS,,,,,,,,0,1,FALSE,PIEZAS
MTTO-0764,CARRUCHA 1 TONELADA URREA,CUCHARA DE TONELADAS,Items_Images/MTTO-0764.Image.183237.png,CAT001,PROV001,,,7066317f,1,1,FALSE,PIEZAS
MTTO-0765,"SELLO LIMPIADOR PARA PISTON HIDRAULICO 45-53/1, K27, KASTAS",SE USAN PARA PISTON DE CAMBIAMALLAS,Items_Images/MTTO-0765.Image.153658.png,CAT008,d8419d6c,$0.00,,LOC0042,6,1,FALSE,PIEZAS
MTTO-0766,CRUCETA PARA POLIPASTO,CRUCETA PARA LEVANTAR JUMBOS EN LOS POLIPASTOS,Items_Images/MTTO-0766.Image.170751.jpg,db498a61,,,,8eede3f6,1,1,FALSE,PIEZAS
MTTO-0767,"RONDANA PLANA, M40 X 82MM GALVANIZADA",RONDANA USO GENARAL,Items_Images/MTTO-0767.Image.201701.png,CAT010,fc5645e9,,,LOC0062,4,2,FALSE,PIEZAS
MTTO-0768,RODILLOS LOCOS,,,,,,,,0,2,FALSE,PIEZAS
MTTO-0769,"LIJADORA DE BANDA Y DISCO 4X6"" TRUPER PUL-4X6T",HERRAMIE TA PARA AFILAR NAVAJAS CIRCULARES,Items_Images/MTTO-0769.Image.152702.jpg,CAT001,PROV001,,,7066317f,1,1,FALSE,PIEZAS
MTTO-0770,"MANGUERA FLEXIBLE GALVANIZADA DE 3""",MANGUERA GALVANIZADA USO GENERAL,Items_Images/MTTO-0770.Image.160728.png,CAT002,,,,7066317f,0,1,FALSE,METROS
MTTO-0771,RODILLO CROMADO GRANDE CALANDRA (NUEVOS),RODILLO PARA LAMINA DE PLASTICO,Items_Images/MTTO-0771.Image.165057.png,CAT003,,,,7066317f,0,2,FALSE,PIEZAS
MTTO-0772,RODILLO CROMADO GRANDE CALANDRA (DANADOS),RODILLO PARA LAMINA DE PLASTICO,Items_Images/MTTO-0772.Image.165120.png,CAT003,,,,7066317f,0,1,FALSE,PIEZAS
MTTO-0773,RODILLO CROMADO CHICO CALANDRA (NUEVOS),RODILLO PARA LAMINA DE PLASTICO,Items_Images/MTTO-0773.Image.165155.png,CAT003,,,,7066317f,0,2,FALSE,PIEZAS
MTTO-0774,RODILLO CROMADO CHICO CALANDRA (DANADOS),RODILLO REPARACCION,Items_Images/MTTO-0774.Image.165140.png,CAT004,,,,7066317f,0,1,FALSE,PIEZAS
MTTO-0775,"TUBO GALVANIZADO 1"" X 6MTS",TUBO GALVANIZADO USO GENERAL,Items_Images/MTTO-0775.Image.162756.png,CAT005,PROV001,,,7066317f,1,1,FALSE,PIEZAS
MTTO-0776,"TUBO GALVANIZADO 3/4"" X 6MTS",TUBO GALVANIZADO USO GENERAL,,CAT005,PROV001,,,7066317f,0,1,FALSE,PIEZAS
MTTO-0777,"TUBO GALVANIZADO 1/2"" X 6MTS",TUBO GALVANIZADO USO GENERL,,CAT005,PROV001,,,7066317f,0,1,FALSE,PIEZAS
MTTO-0778,RESISTENCIA TUBULAR HORNOS 440V,RESISTENCIA CALEFACTORA,Items_Images/MTTO-0778.Image.151504.jpg,CAT003,ab7dd31c,,,4ca9e823,22,1,FALSE,PIEZAS
MTTO-0779,RESISTENCIA TUBULAR HORNOS 220V,RESISTENCIA CALEFACTORA,,CAT003,ab7dd31c,,,,0,1,FALSE,PIEZAS
MTTO-0780,"TUBO COBRE 3/4"" X 3MTS",COBRE EN TUBO,Items_Images/MTTO-0780.Image.220729.png,e4249c50,,,,LOC0098,7,1,FALSE,METROS
MTTO-0781,"TUBO GALVANIZADO 2"" X 6MTS",TUBO GALVANIZADO USO GENERAL,,CAT005,PROV001,,,7066317f,0,1,FALSE,PIEZAS
MTTO-0782,"TUBO GALVANIZADO 1 1/2"" X 6MTS",TUBO GALVANIZADO USO GENERAL,Items_Images/MTTO-0782.Image.155135.png,CAT005,PROV001,,,7066317f,0,1,FALSE,PIEZAS
MTTO-0783,BATERIA DEWALT 4AH 20V XR DCB204,SIRVE PARA ALIMENTAR UNA AMPLIA GAMA DE HERRAMIENTAS INALAMBRICAS,Items_Images/MTTO-0783.Image.194836.png,CAT001,PROV001,,,LOC0004,3,1,FALSE,PIEZAS
MTTO-0784,UNICANAL 4 X 4 X 300,,,,,,,,0,1,FALSE,PIEZAS
MTTO-0785,ACELERADOR DE VACIO CHICO,ACELERADOR DE VACIO,Items_Images/MTTO-0785.Image.140004.jpg,CAT003,,,,1bf1bb15,1,1,FALSE,PIEZAS
MTTO-0786,ACELERADOR DE VACIO GRANDE,ACELERADOR DE VACIO,Items_Images/MTTO-0786.Image.212750.jpg,CAT003,,,,d009594f,2,1,FALSE,PIEZAS
MTTO-0787,BOMBA DE VACIO ANILLO LIQUIDO GRANDE,BOMBA DE VACIO,Items_Images/MTTO-0787.Image.214847.jpg,CAT003,,,,b4a2143f,1,1,FALSE,PIEZAS
MTTO-0788,BOMBA DE VACIO ANILLO LIQUIDO CHICA,BOMBA DE VACIO,Items_Images/MTTO-0788.Image.214815.jpg,CAT003,,,,b4a2143f,1,1,FALSE,PIEZAS
MTTO-0789,BOMBA DE VACIO PALETAS ROTATIVAS,BOMBA DE VACIO,Items_Images/MTTO-0789.Image.143725.png,CAT003,,,,LOC0105,27,1,FALSE,PIEZAS
MTTO-0790,POLIPASTO 2 TONELADAS,POLIPASTO,Items_Images/MTTO-0790.Image.215258.jpg,CAT003,,,,b4a2143f,2,1,FALSE,PIEZAS
MTTO-0791,"MOTOR PRINCIPAL EXTRUSOR 385AMP, 440V.",,,,,,,,0,1,FALSE,PIEZAS
MTTO-0792,ESMERIL DE BANCO GRIS GRANDE,ESMERIL DE BANCO,Items_Images/MTTO-0792.Image.154359.png,CAT001,PROV001,,,7066317f,1,1,FALSE,PIEZAS
MTTO-0793,"CHILLER AOTC PUMP 6.8KW, COOLING 24.85KW, 440V.",CHILLER DE INTERCAMBIO POR LIQUIDO USO GENERAL,Items_Images/MTTO-0793.Image.171514.jpg,db498a61,ab7dd31c,,,8eede3f6,1,1,FALSE,PIEZAS
MTTO-0794,FLECHA TRANSMISION SIN ENGRANE (A),,,,,,,,0,1,FALSE,PIEZAS
MTTO-0795,FLECHA TRANSMISION CON ENGRANE (B),FLECHA PARA TRANSMISION,Items_Images/MTTO-0795.Image.155600.jpg,CAT003,,,,d009594f,1,1,FALSE,PIEZAS
MTTO-0796,MANGUERA NEUMATICA 12MM,MANGUERA NEUMATICA USO GENERAL,Items_Images/MTTO-0796.Image.162956.png,CAT004,2c6c8db2,$46.40,,7066317f,10,1,FALSE,METROS
MTTO-0797,TURBINAS ALIMENTADORA MATERIAL SIN ESTRUCTURA,,,,,,,,0,1,FALSE,PIEZAS
MTTO-0798,CUERNO ADAPTADOR COEXTRUSOR,,,,,,,,0,1,FALSE,PIEZAS
MTTO-0799,"CEDAZO 3"" CON BRIDA",,,,,,,,1,1,FALSE,PIEZAS
MTTO-0800,TANQUE ENFRIADOR DE GASES,,,,,,,,0,3,FALSE,PIEZAS
MTTO-0801,CLIP DE MONTAJE PARA BASIC PANEL,CLIP USO GENERAL,Items_Images/MTTO-0801.Image.135548.png,CAT002,,,,LOC0094,14,1,FALSE,PIEZAS
MTTO-0802,O'RINGS 14MM X 3.5MM (RADIADOR BOMBA VACIO),DIAMETRO INTERNO 14MM X 35MM SECCION TRANSVERSAL USADO PARA LOS RADIADORES DE LAS BOMBAS DE VACIO,Items_Images/MTTO-0802.Image.200936.jpg,CAT008,,,,LOC0094,34,1,FALSE,PIEZAS
MTTO-0803,BOMBA NEUMATICA DOBLE DIAFRAGMA G15VT11,BOMBA NEUMATICA,,CAT004,,,,,0,1,FALSE,PIEZAS
MTTO-0804,JUEGO DE LIMAS DIAMANTADAS PARA JOYERO 10PZA,JUEGO DE DIAMANTES,Items_Images/MTTO-0804.Image.200805.png,CAT001,PROV001,,,7066317f,0,1,FALSE,KITS
MTTO-0805,SOPLADOR CENTRIFUGO 3480RPM,SOPLADOR,Items_Images/MTTO-0805.Image.161822.jpg,CAT003,,,,1abd033c,1,1,FALSE,PIEZAS
MTTO-0806,MANGUERA NEUMATICA 6MM,MANGUERA NEUMATICA USO GENERAL,Items_Images/MTTO-0806.Image.162931.png,CAT004,2c6c8db2,,,7066317f,13,1,FALSE,METROS
MTTO-0807,MANGUERA NEUMATICA 8MM,MANGUERA NEUMATICA,Items_Images/MTTO-0807.Image.162826.png,CAT004,2c6c8db2,$29.00,,7066317f,92,1,FALSE,METROS
MTTO-0808,MANGUERA NEUMATICA 10MM,MANGUERA NEUMATICA USO GENERAL,Items_Images/MTTO-0808.Image.162842.png,CAT004,2c6c8db2,,,7066317f,0,2,FALSE,METROS
MTTO-0809,"LAMINA DE NEOPRENO 1/16""",,Items_Images/MTTO-0809.Image.194237.png,84388e9b,,,,b044627b,2,1,FALSE,PIEZAS
MTTO-0810,ACIDO KHCLEAN KM-307 CLORHIDRICO - FLUORHIDRICO,ACIDO CLORHIDRICO,Items_Images/MTTO-0810.Image.142454.png,CAT002,,,,26813a72,40,1,FALSE,LITROS
MTTO-0811,LAMPARA LED TECNOLITE GU10-SMDLED/3W/65,,,CAT006,,,,,0,1,FALSE,PIEZAS
MTTO-0812,"TAQUETE ANCLA ARPON 5/8"" X 6""",USO GENERAL,Items_Images/MTTO-0812.Image.201537.png,CAT002,PROV001,,,LOC0053,11,1,FALSE,PIEZAS
MTTO-0813,JUEGO DE 4 CONECTORES Y 2 COPLES PARA COMPRESOR DE AIRE 18075,ACCESORIOS PARA CONECCIONES RAPIDAS DE AIRE A PRESION,Items_Images/MTTO-0813.Image.143545.png,CAT004,PROV001,$229.00,,LOC0083,2,1,FALSE,PIEZAS
MTTO-0814,"JUEGO HERRAJES P/WC 2"" C/VALV DE ADMISION 8 1/2"" C/PUSH BUTTON",JUEGO HERRAJES,Items_Images/MTTO-0814.Image.143707.png,CAT002,,,,LOC0096,0,2,FALSE,KITS
MTTO-0815,CONECTOR SERVOMOTOR 90 GRADOS DDK-CM10 DE 10 PINES,CONECTOR PARA SERVOMOTORES DE RODILLOS DE CROMO,Items_Images/MTTO-0815.Image.160125.png,CAT003,,"$1,128.00",,LOC0070,3,1,FALSE,PIEZAS
MTTO-0816,PINTURA SPRAY GOLD METALICO 40ML COMEX,AEROSOL/ PINTURA,Items_Images/MTTO-0816.Image.141031.png,CAT002,PROV001,,,26813a72,0,1,FALSE,PIEZAS
MTTO-0817,"JUEGO DE HERRAJES PARA WC DE PALANCA DE 2""",JUEGO DE HERRAJES,Items_Images/MTTO-0817.Image.143849.png,CAT002,,,,LOC0096,1,1,FALSE,KITS
MTTO-0818,CLAVIJA METALICA HEMBRA RECTA CON PUNTA CERAMICA,CONECTOR METALICO HEMBRA,Items_Images/MTTO-0818.Image.183024.jpg,CAT006,,,,LOC0053,16,1,FALSE,PIEZAS
MTTO-0819,MOTOTOOL DREMEL 3000,MOTOTOOL,Items_Images/MTTO-0819.Image.000923.jpg,CAT001,PROV001,,,7066317f,0,1,TRUE,PIEZAS
MTTO-0820,"VALVULA CHECK COLUMPIO PVC HCO 3"" CEM",VALVULA PVC,Items_Images/MTTO-0820.Image.152931.png,CAT007,PROV001,,,e3c7b211,1,1,FALSE,PIEZAS
MTTO-0821,"ELECTRODO 7018 DE 1/8""",SOLDADURA 7018,Items_Images/MTTO-0821.Image.205424.png,CAT002,PROV001,,,b99687bf,115,1,FALSE,PIEZAS
MTTO-0822,TORTUGA PATIN 6 TONELADAS BASE GIRATORIA,CARGADOR DE TONELADAS,Items_Images/MTTO-0822.Image.142251.png,CAT001,,,,920237d4,4,1,FALSE,PIEZAS
MTTO-0823,BOMBA EXTRACTORA MANUAL PARA ACEITES Y LUBRICANTES AMARILLA,BOMBA MANUAL,Items_Images/MTTO-0823.Image.143911.png,CAT003,,,,26813a72,1,1,FALSE,PIEZAS
MTTO-0824,JUEGO DE CIRCULOS PARA PLOMERO Y ELECTRICISTA,KIT DE CIRCULOS,Items_Images/MTTO-0824.Image.142429.png,CAT001,,,,7066317f,1,1,FALSE,PIEZAS
MTTO-0825,"JUEGO DE SACABOCADOS DE 1/8"" A 3/4""",SACABOCADOS USO GENERAL,Items_Images/MTTO-0825.Image.155055.jpg,CAT001,PROV001,,,920237d4,1,1,FALSE,KITS
MTTO-0826,JUEGO DE LLAVES ALLEN MILIMETRICAS CON PUNTA DE BOLA URREA,HERRAMIENTA USO GENERAL PARA TECNICOS,Items_Images/MTTO-0826.Image.161727.png,CAT001,PROV001,,,218b4280,5,1,FALSE,KITS
MTTO-0827,DESARMADOR PLANO,USO GENERAL,Items_Images/MTTO-0827.Image.164446.png,CAT001,PROV001,,,84e30ac4,3,1,FALSE,PIEZAS
MTTO-0828,"RESISTENCIA TUBULAR AHOGADA 440 X 305MM, 6700W, 440V.",RESISTENCIA CALEFACTORA,Items_Images/MTTO-0828.Image.155634.png,CAT003,ab7dd31c,,,LOC0084,1,1,FALSE,PIEZAS
MTTO-0829,KIT PARA PUERTA DE CRISTAL TEMPLADO,KIT PUESTA DE CRISTAL,Items_Images/MTTO-0829.Image.144256.png,CAT008,,,,LOC0078,1,1,FALSE,KITS
MTTO-0830,CLAVIJA USO RUDO 125V - 15A,CONECCION USO GENERAL,Items_Images/MTTO-0830.Image.165511.png,CAT006,,,,LOC0071,9,1,FALSE,PIEZAS
MTTO-0831,ESPUMA DE POLIURETANO TRUPER 300ML,ESPUMA DE POLIURETANO TRUPER,Items_Images/MTTO-0831.Image.235047.jpg,CAT002,,,,LOC0107,3,1,FALSE,PIEZAS
MTTO-0832,"PIZARRON BLANCO DE ALUMINIO, 43X58CM",PIZARRON,Items_Images/MTTO-0832.Image.185036.jpg,db498a61,,,,LOC0012,2,1,FALSE,PIEZAS
MTTO-0833,"CONTACTOR TRIFASICO ANDELI 220V, CJX2-1210",CONTACTOR TRIFASICO,Items_Images/MTTO-0833.Image.160649.png,CAT006,1ce673ed,$461.79,,LOC0076,3,1,FALSE,PIEZAS
MTTO-0834,"INTERRUPTOR TERMOMAGNETICO RIEL DIN 4AMP, 1 FASES, C4",INTERRUPTOR TERMOMAGNETICO,Items_Images/MTTO-0834.Image.150110.png,CAT006,1ce673ed,,,LOC0064,0,1,FALSE,PIEZAS
MTTO-0835,"O'RINGS, M4 X 7MM X CS 2",ANILLOS DE GOMO,Items_Images/MTTO-0835.Image.204128.png,CAT008,,,,LOC0094,15,1,FALSE,PIEZAS
MTTO-0836,"O'RINGS, M5 X 8MM X CS 2",ANILLOS DE GOMA,Items_Images/MTTO-0836.Image.204153.png,CAT008,,,,LOC0094,30,1,FALSE,PIEZAS
MTTO-0837,"O'RINGS, M6 X 10MM X CS 2",ANILLOS DE GOMA,Items_Images/MTTO-0837.Image.204206.png,CAT008,,,,LOC0094,9,1,FALSE,PIEZAS
MTTO-0838,"O'RINGS, M9 X 11MM X CS 2",ANILLOS DE GOMA,Items_Images/MTTO-0838.Image.204226.png,CAT008,,,,LOC0094,18,1,FALSE,PIEZAS
MTTO-0839,"MANOMETRO CONEXION POSTERIOR 1/4"" NTP 0-160 PSI CARATULA 2.5 SIN GLICERINA",MANOMETRO USO GENERAL,Items_Images/MTTO-0839.Image.214453.png,84388e9b,e0a455a9,,,LOC0100,6,1,FALSE,PIEZAS
MTTO-0840,MANOMETRO IW-Y-12-280-P-G-B,MANOMETRO USO GENERAL,Items_Images/MTTO-0840.Image.135146.jpg,CAT006,e0a455a9,,,LOC0100,1,1,FALSE,PIEZAS
MTTO-0841,"MUELA PARA ESMILADORA DE BANCO 8"" 5/8",,,,,,,,0,1,FALSE,PIEZAS
MTTO-0842,"SOPORTE CORTA CONOS NYLAMID 6""",SOPORTE PARA CORTA CONOS,Items_Images/MTTO-0842.Image.183415.jpg,CAT003,,,,LOC0038,9,1,FALSE,PIEZAS
MTTO-0843,ACOPLADOR PARA INYECTOR DE GRASA,ACOPLADOR,Items_Images/MTTO-0843.Image.154252.png,CAT003,,,,LOC0083,2,1,FALSE,PIEZAS
MTTO-0844,LIMPIADOR DE MANOS - FAST ORANGE,DESENGRASANTE PARA MANOS,Items_Images/MTTO-0844.Image.222042.jpg,CAT002,,,,LOC0107,2,1,FALSE,LITROS
MTTO-0845,LOCTITE - FIJADOR DE ROSCAS,FIJADOR DE ROSCAS,Items_Images/MTTO-0845.Image.214538.png,CAT002,,,,26813a72,0,1,FALSE,PIEZAS
MTTO-0846,GRASA DISIPADORA DE CALOR,GRASA DISIPADORA DE CALOR PARA COMPONENTES,Items_Images/MTTO-0846.Image.162912.jpg,CAT002,,,,3d9eb8e3,1,1,FALSE,PIEZAS
MTTO-0847,LAMPARA LED TECNOLITE GU10L-LED/001/30- 50W,,,CAT006,,,,,0,1,FALSE,PIEZAS
MTTO-0848,LAMPARA LED TECNOLITE DRIVER AC100-240V 50/60HZ. 44W,TECNOLITE,Items_Images/MTTO-0848.Image.235112.png,CAT006,,,,LOC0056,0,1,FALSE,PIEZAS
MTTO-0849,LAMPARA LED TECNOLITE 18YDLED431MV65B,LAMPARA LED TECNOLITE,Items_Images/MTTO-0849.Image.232042.jpg,CAT006,,,,LOC0060,11,1,FALSE,PIEZAS
MTTO-0850,LAMPARA LED VOLTECK 24W-2000IM,LAMPARA LED,Items_Images/MTTO-0850.Image.193919.jpg,CAT006,,,,LOC0057,0,1,FALSE,PIEZAS
MTTO-0851,LAMPARA LED TECNOLED PLUS DLSR24WBB 6500K,,,CAT006,,,,,0,1,FALSE,PIEZAS
MTTO-0852,"INTERRUPTOR TERMOMAGNETICO RIEL DIN 20AMP, 1 FASE",MATERIAL ELECTRICO,Items_Images/MTTO-0852.Image.154736.png,CAT006,1ce673ed,,,LOC0064,0,1,FALSE,PIEZAS
MTTO-0853,LAMPARA LED LEDVANCE REFLECTOR FLOODLING 50W 6000IM,REFLECTORA DE LUZ,Items_Images/MTTO-0853.Image.165300.png,CAT006,,,,b563a079,1,1,FALSE,PIEZAS
MTTO-0854,INTERRUPTOR TERMOMAGNETICO RIEL DIN 100AM 3 FASES,CONECTOR DE POTENCIA,Items_Images/MTTO-0854.Image.134555.png,CAT006,1ce673ed,,,LOC0064,1,1,FALSE,PIEZAS
MTTO-0855,"CONTACTOR TRIFASICO ANDELI SIEMENS 110V, 3RT2016-1K61",CONTACTOR TRIFASICO,Items_Images/MTTO-0855.Image.163003.jpg,CAT006,1ce673ed,,,LOC0076,1,1,FALSE,PIEZAS
MTTO-0856,CHUMACERA DE CORREDERA FY -45 -TF,CGUMACERA PARA REVOLVEDORA CH,Items_Images/MTTO-0856.Image.195832.png,CAT003,e0a455a9,,,LOC0029,3,1,FALSE,PIEZAS
MTTO-0857,"DADO, UÑA DE PERNO PARA LABIO 100MM",REFACCIONES PARA EL LABIO O DADO,Items_Images/MTTO-0857.Image.151344.jpg,CAT003,ab7dd31c,,,920237d4,146,2,FALSE,PIEZAS
MTTO-0858,VACIO 05,,,,,,,,0,0,FALSE,PIEZAS
MTTO-0859,PERNO DE DADO MODELO 1,,,,,,,,0,1,FALSE,PIEZAS
MTTO-0860,TORNILLO PARA LABIO MODELO 1,TORNILLERIA USO GENERAL,,CAT010,fc5645e9,,,,0,1,FALSE,PIEZAS
MTTO-0861,PERNO MODELO 2,,,,,,,,0,1,FALSE,PIEZAS
MTTO-0862,TORNILLO PARA LABIO MODELO 2,TORNILLERIA USO GENERAL,,CAT010,fc5645e9,,,,0,1,FALSE,PIEZAS
MTTO-0863,BASE PARA LABIO MODELO 1,BASE PARA LABIO MODELO 1,,,,,,7066317f,0,1,FALSE,PIEZAS
MTTO-0864,LUBRICADOR DE AIRECOMPRIMIDO AW20-01BE-2,LUBRICADOR DE AIRE,Items_Images/MTTO-0864.Image.214651.png,CAT005,,,,LOC0082,2,1,FALSE,PIEZAS
MTTO-0865,"MANOMETRO CONEXION INFERIOR 1/8"" NPT, CARATULA 35MM, 0 - 350 PSI SIN GLICERINA",MANOMETRO USO GENERAL,Items_Images/MTTO-0865.Image.140545.jpg,CAT006,e0a455a9,,,LOC0100,0,1,FALSE,PIEZAS
MTTO-0866,CORDON GRAFILADO DE 1/2,CORDON GRAFILADO,Items_Images/MTTO-0866.Image.155837.jpg,CAT002,,,,LOC0003,2,1,FALSE,METROS
MTTO-0867,"LLANTA ROTATIVA 4""",LLANTA PARA USO EN GENERAL O EQUIPOS MOVILES,Items_Images/MTTO-0867.Image.135101.png,CAT003,,,,LOC0002,5,1,FALSE,PIEZAS
MTTO-0868,"LLANTA ROTATIVA 2""",LLANTA PARA USO EN GENERAL O EQUIPOS MOVILES,Items_Images/MTTO-0868.Image.175014.jpg,CAT003,,,,LOC0002,4,1,FALSE,PIEZAS
MTTO-0869,"LLANTA 3"" SIN SOPORTE",LLANTA PARA USO GENERAL O EQUIPOS MOVILES,Items_Images/MTTO-0869.Image.154904.jpg,CAT003,,,,LOC0002,8,1,FALSE,PIEZAS
MTTO-0870,"LLANTA ROTATIVA 4 X 2"" CON FRENO",LLANTA PARA USO EN GENERAL O EQUIPOS MOVILES,Items_Images/MTTO-0870.Image.152948.jpg,CAT003,,,,LOC0002,2,1,FALSE,PIEZAS
MTTO-0871,LLANTA ROTATIVA 100 X 32MM CON FRENO,LLANTA PARA USO GENERAL O EQUIPOS MOVILES,Items_Images/MTTO-0871.Image.174149.jpg,CAT003,,,,LOC0002,2,1,FALSE,PIEZAS
MTTO-0872,"LLANTA FIJA 6""",LLANTA PARA USO EN GENERAL O EQUIPOS MOVILES,Items_Images/MTTO-0872.Image.181251.jpg,CAT003,,,,LOC0002,4,1,FALSE,PIEZAS
MTTO-0873,CORDON DE TEFLON DE 1/4,CORDON DE TEFLON,Items_Images/MTTO-0873.Image.155650.jpg,CAT002,,,,LOC0003,2,1,FALSE,METROS
MTTO-0874,"CUERDA DE NYLON TRENZADO 3/16""",INSUMO DE CUERDA DE NYLON TRENZADO 3/16,Items_Images/MTTO-0874.Image.153737.jpg,CAT002,,,,LOC0003,15,1,FALSE,METROS
MTTO-0875,TOLVA PARA DOSIFICADOR SOLIDO MOVACOLOR,TOLVA PARA DOSIFICADOR,Items_Images/MTTO-0875.Image.160158.jpg,CAT003,,,,LOC0104,6,1,FALSE,PIEZAS
MTTO-0876,SERVOMOTOR PK299-E4.5A ORIENTALMOTOR,SERVOMOTOR PK299,Items_Images/MTTO-0876.Image.190304.jpg,CAT003,,,,LOC0005,7,1,FALSE,PIEZAS
MTTO-0877,KIT DE FIBRA DE VIDRIO,,,,,,,,0,1,FALSE,KITS
MTTO-0878,FLECHA CARDAN,FLECHA CARDAN,Items_Images/MTTO-0878.Image.193854.jpg,CAT003,ab7dd31c,,,LOC0008,2,1,FALSE,PIEZAS
MTTO-0879,SERVO CONTROLADOR PARA JALADORES. MSIP-REM-IVT-IS620PT012I-C,SERVO CONTROLADOR,Items_Images/MTTO-0879.Image.000821.jpg,CAT006,,,,LOC0030,2,1,FALSE,PIEZAS
MTTO-0880,JUEGO DE CONSUMIBLES DE ANTORCHA DE CORTE DE PLASMA,REFACCIONES PARA LA CORTADORA DE PLASMA.,Items_Images/MTTO-0880.Image.213048.png,CAT002,PROV001,$712.39,,,0,1,FALSE,KITS
MTTO-0881,CALIBRADOR PIE DE REY,CALIBRADOR,Items_Images/MTTO-0881.Image.181258.png,CAT001,PROV001,,,3d9eb8e3,3,1,FALSE,PIEZAS
MTTO-0882,"CONECTOR RAPIDO NEUMATICO RECTO HEMBRA 1/4"" NPT A MANGUERA 12MM",CONECTOR RAPIDO NEUMATICO,Items_Images/MTTO-0882.Image.191150.png,CAT004,2c6c8db2,,,LOC0083,10,1,FALSE,PIEZAS
MTTO-0883,CONECTOR RAPIDO NEUMATICO RECTO DE 10MM,CONECTOR RAPIDO NEUMATICO,Items_Images/MTTO-0883.Image.191702.png,CAT004,2c6c8db2,,,LOC0083,10,1,FALSE,PIEZAS
MTTO-0884,RESISTENCIA DE BRAZALETE 260V / 1700W,RESISTENCIA CALEFACTORA,Items_Images/MTTO-0884.Image.150749.jpg,CAT003,a5e797e4,,,LOC0035,5,1,FALSE,PIEZAS
MTTO-0885,RESISTENCIA DE BRAZALETE 220V / 1500W,RESISTENCIA CALEFACTORA,Items_Images/MTTO-0885.Image.150857.jpg,CAT003,a5e797e4,,,LOC0035,1,1,FALSE,PIEZAS
MTTO-0886,RESISTENCIA DE BRAZALETE 220V /1400W,RESISTENCIA CALEFACTORA,Items_Images/MTTO-0886.Image.164424.jpg,CAT003,a5e797e4,,,LOC0041,10,1,FALSE,PIEZAS
MTTO-0887,RESISTENCIA DE BRAZALETE 260V / 1300W,RESISTENCIA CALEFACTORA,Items_Images/MTTO-0887.Image.164655.jpg,CAT003,a5e797e4,,,LOC0041,2,1,FALSE,PIEZAS
MTTO-0888,RESISTENCIA DE BRAZALETE 250V / 1200W,RESISTENCIA CALEFACTORA,Items_Images/MTTO-0888.Image.164800.jpg,CAT003,a5e797e4,,,LOC0041,3,1,FALSE,PIEZAS
MTTO-0889,RESISTENCIA DE BRAZALETE 220V / 1100W,RESISTENCIA CALEFACTORA,Items_Images/MTTO-0889.Image.164910.jpg,CAT003,a5e797e4,,,LOC0041,4,1,FALSE,PIEZAS
MTTO-0890,RESISTENCIA DE BRAZALETE 220V / 1000W,RESISTENCIA CALEFACTORA,Items_Images/MTTO-0890.Image.165029.jpg,CAT003,a5e797e4,,,LOC0041,2,1,FALSE,PIEZAS
MTTO-0891,RESISTENCIA DE BRAZALETE 220V / 900W,RESISTENCIA CALEFACTORA,Items_Images/MTTO-0891.Image.165150.jpg,CAT003,a5e797e4,,,LOC0041,5,1,FALSE,PIEZAS
MTTO-0892,RESISTENCIA DE BRAZALETE 220V / 800W,RESISTENCIA CALEFACTORA,Items_Images/MTTO-0892.Image.163643.jpg,CAT003,a5e797e4,,,LOC0040,15,1,FALSE,PIEZAS
MTTO-0893,RESISTENCIA DE BRAZALETE 260V / 800W,RESISTENCIA CALEFACTORA,Items_Images/MTTO-0893.Image.163742.jpg,CAT003,a5e797e4,,,LOC0040,3,1,FALSE,PIEZAS
MTTO-0894,RESISTENCIA DE BRAZALETE 220V / 625W,RESISTENCIA CALEFACTORA,Items_Images/MTTO-0894.Image.163851.jpg,CAT003,a5e797e4,,,LOC0040,2,1,FALSE,PIEZAS
MTTO-0895,RESISTENCIA DE BRAZALETE 220V / 600W,RESISTENCIA CALEFACTORA,Items_Images/MTTO-0895.Image.164126.jpg,CAT003,a5e797e4,,,LOC0040,2,1,FALSE,PIEZAS
MTTO-0896,RESISTENCIA DE BRAZALETE 440V / 1100W,RESISTENCIA CALEFACTORA,Items_Images/MTTO-0896.Image.151007.jpg,CAT003,a5e797e4,,,LOC0035,2,1,FALSE,PIEZAS
MTTO-0897,RESISTENCIA DE BRAZALETE 240V / 400W,RESISTENCIA CALEFACTORA,Items_Images/MTTO-0897.Image.154621.jpg,CAT003,a5e797e4,,,LOC0039,2,1,FALSE,PIEZAS
MTTO-0898,RESISTENCIA DE BRAZALETE 220V / 650W,RESISTENCIA CALEFACTORA,Items_Images/MTTO-0898.Image.154719.jpg,CAT003,a5e797e4,,,LOC0039,2,1,FALSE,PIEZAS
MTTO-0899,"RESISTENCIA ALUMINIO PLANA CAÑON CHICA 260V, 1700W",RESISTENCIA CALEFACTORA,,CAT003,a5e797e4,,,,1,1,FALSE,PIEZAS
MTTO-0900,RESISTENCIA DE BRAZALETE 250V / 1.1 KW,RESISTENCIA CALEFACTORA,Items_Images/MTTO-0900.Image.154946.jpg,CAT003,a5e797e4,,,LOC0039,1,1,FALSE,PIEZAS
MTTO-0901,RESISTENCIA DE BRAZALETE 250V / 240W,RESISTENCIA CALEFACTORA,Items_Images/MTTO-0901.Image.155139.jpg,CAT003,a5e797e4,,,LOC0039,2,1,FALSE,PIEZAS
MTTO-0902,RESISTENCIA DE BRAZALETE 220V / 650 W,RESISTENCIA CALEFACTORA,Items_Images/MTTO-0902.Image.155218.jpg,CAT003,a5e797e4,,,LOC0039,3,1,FALSE,PIEZAS
MTTO-0903,RESISTENCIA DE BRAZALETE 440V / 1400W,RESISTENCIA CALEFACTORA,Items_Images/MTTO-0903.Image.151123.jpg,CAT003,a5e797e4,,,LOC0035,4,1,FALSE,PIEZAS
MTTO-0904,RESISTENCIA DE BRAZALETE 440V / 1500W - 300X50,RESISTENCIA CALEFACTORA,Items_Images/MTTO-0904.Image.155323.jpg,CAT003,a5e797e4,,,LOC0039,5,1,FALSE,PIEZAS
MTTO-0905,RESISTENCIA DE BRAZALETE 440V / 900W - 278X45,RESISTENCIA CALEFACTORA,Items_Images/MTTO-0905.Image.155419.jpg,CAT003,a5e797e4,,,LOC0039,1,1,FALSE,PIEZAS
MTTO-0906,RESISTENCIA DE BRAZALETE 440V / 650W - 230X40,RESISTENCIA CALEFACTORA,Items_Images/MTTO-0906.Image.155519.jpg,CAT003,a5e797e4,,,LOC0039,2,1,FALSE,PIEZAS
MTTO-0907,RESISTENCIA DE BRAZALETE 440V / 600W - 218X40,RESISTENCIA CALEFACTORA,Items_Images/MTTO-0907.Image.155555.jpg,CAT003,a5e797e4,,,LOC0039,2,1,FALSE,PIEZAS
MTTO-0908,RESISTENCIA DE PLACA 220V / 350W -2F,RESISTENCIA CALEFACTORA,Items_Images/MTTO-0908.Image.155656.jpg,CAT003,ab7dd31c,,,LOC0039,2,1,FALSE,PIEZAS
MTTO-0909,"RESISTENCIA CARTUCHO 130MM X 1.90MM 500W, 440V",RESISTENCIA CALEFACTORA,,CAT003,a5e797e4,,,,0,1,FALSE,PIEZAS
MTTO-0910,RESISTENCIA CARTUCHO 600MM X 19.85MM 800W 440V,RESISTENCIA CALEFACTORA,Items_Images/MTTO-0910.Image.182654.png,CAT003,a5e797e4,,,LOC0080,4,1,FALSE,PIEZAS
MTTO-0911,RESISTENCIA CARTUCHO 260MM X 19.55MM 260W 260V,RESISTENCIA CALEFACTORA,Items_Images/MTTO-0911.Image.161244.png,CAT003,a5e797e4,,,LOC0080,10,1,FALSE,PIEZAS
MTTO-0912,RESISTENCIA CARTUCHO 600MM X 19.85MM 800W 440V,RESISTENCIA CALEFACTORA,Items_Images/MTTO-0912.Image.182940.png,CAT003,a5e797e4,,,LOC0080,4,1,FALSE,PIEZAS
MTTO-0913,CONTROL DE VELOCIDAD 22AMP,CONTROL DE VELOCIDAD 22 AMP,Items_Images/MTTO-0913.Image.154335.jpg,CAT006,,,,LOC0024,0,1,FALSE,PIEZAS
MTTO-0914,CONTROL DE VELOCIDAD 32AMP,CONTROL DE VELOCIDAD 32 AMP,Items_Images/MTTO-0914.Image.154417.jpg,CAT006,,,,LOC0024,1,1,FALSE,PIEZAS
MTTO-0915,"SERVOMOTOR PARA RODILLOS DE CROMO, MAQUINA 1 Y 2. SGM7G-44AFC61",SERVO MOTOR,Items_Images/MTTO-0915.Image.000953.jpg,CAT006,,,,LOC0030,1,1,FALSE,PIEZAS
MTTO-0916,SERVO DRIVE IS620PT021I-INT 6KW,SERVO DRIVE 6KW,Items_Images/MTTO-0916.Image.154229.jpg,CAT006,,,,LOC0024,2,1,FALSE,PIEZAS
MTTO-0917,LAMPARA LED TECNOLITE LVRLED-8103/15W30A,LAMPARA LED TECNOLITE,Items_Images/MTTO-0917.Image.142302.png,CAT006,,,,LOC0096,1,1,FALSE,PIEZAS
MTTO-0918,SUJETADOR DE PLASTICO H-7867BL,PARA QUITAR Y PONER HERRAMIENTAS FACILMENTE A PRESION,Items_Images/MTTO-0918.Image.141547.png,CAT002,,,,LOC0072,1,1,FALSE,PIEZAS
MTTO-0919,"PLANTILLA DE LETRAS Y NUMEROS DE 3""",PLANTILLAS USO GENERAL,Items_Images/MTTO-0919.Image.165900.png,CAT002,,,,LOC0117,0,1,FALSE,PIEZAS
MTTO-0920,"TORNILLO ALLEN CILINDRICO M16 X 45MM, PASO 2.0, PAVONADO",TORNILLERIA USO GENERAL,Items_Images/MTTO-0920.Image.212400.png,CAT010,fc5645e9,,,LOC0049,13,1,FALSE,PIEZAS
MTTO-0921,"TORNILLO ALLEN CILINDRICO M16 X 65MM, PASO 2.0, PAVONADO",TORNILLERIA USO GENERAL,Items_Images/MTTO-0921.Image.214235.png,CAT010,fc5645e9,,,LOC0049,6,1,FALSE,PIEZAS
MTTO-0922,"TORNILLO ALLEN CILINDRICO M20 X 55MM, PASO 2.5, PAVONADO",TORNILLERIA USO GENERAL,Items_Images/MTTO-0922.Image.205244.png,CAT010,fc5645e9,,,LOC0046,17,1,FALSE,PIEZAS
MTTO-0923,"TORNILLO HEXAGONAL M20 X 80MM, PASO 2.5 PAVONADO",TORNILLERIA USO GENERAL,Items_Images/MTTO-0923.Image.210053.png,CAT010,fc5645e9,,,LOC0043,30,1,FALSE,PIEZAS
MTTO-0924,"TORNILLO ALLEN CILINDRICO M20 X 60MM, PASO 2.5, PAVONADO",TORNILLERIA USO GENERAL,Items_Images/MTTO-0924.Image.205627.png,CAT010,fc5645e9,,,LOC0049,52,1,FALSE,PIEZAS
MTTO-0925,"TORNILLO ALLEN CILINDRICO M20 X 45MM, PASO 3.0, PAVONADO",TORNILLERIA USO GENERAL,Items_Images/MTTO-0925.Image.205434.png,CAT010,fc5645e9,,,LOC0049,234,1,FALSE,PIEZAS
MTTO-0926,"TORNILLO HEXAGONAL M20 X 65MM, PASO 2.5, PAVONADO",TORNILLERIA USO GENERAL,Items_Images/MTTO-0926.Image.205844.png,CAT010,fc5645e9,,,LOC0043,9,1,FALSE,PIEZAS
MTTO-0927,"TORNILLO HEXAGONAL M16 X 70MM, PASO 2.5, PAVONADO",TORNILLERIA USO GENERAL,Items_Images/MTTO-0927.Image.163816.png,CAT010,fc5645e9,,,LOC0044,9,1,FALSE,PIEZAS
MTTO-0928,"TORNILLO HEXAGONAL M16 X 50MM, PASO 2.0, PAVONADO",TORNILLERIA USO GENERAL,Items_Images/MTTO-0928.Image.213924.png,CAT010,fc5645e9,,,LOC0044,94,1,FALSE,PIEZAS
MTTO-0929,"TORNILLO HEXAGONAL M12 X 70MM, PASO 2.0, PAVONADO",TORNILLERIA USO GENERAL,Items_Images/MTTO-0929.Image.154858.png,CAT010,fc5645e9,,,LOC0044,2,1,FALSE,PIEZAS
MTTO-0930,"TORNILLO HEXAGONAL M20 X 75MM, PASO 2.5, PAVONADO",TORNILLERIA USO GENERAL,Items_Images/MTTO-0930.Image.210010.png,CAT010,fc5645e9,,,LOC0043,27,1,FALSE,PIEZAS
MTTO-0931,"TORNILLO HEXGONAL M16 X 55MM, PASO 2.0, PAVONADO",TORNILLERIA USO GENERAL,,CAT010,fc5645e9,,,,0,1,FALSE,PIEZAS
MTTO-0932,"TORNILLO HEXAGONAL M16 X 80MM, PASO 2.0, PAVONADO",TORNILLERIA USO GENERAL,Items_Images/MTTO-0932.Image.163336.png,CAT010,fc5645e9,,,LOC0044,10,1,FALSE,PIEZAS
MTTO-0933,VACIO 01,,,,,,,,0,0,FALSE,PIEZAS
MTTO-0934,"TORNILLO HEXAGONAL M12 X 30MM, PASO 2.0, PAVONADO",TORNILLERIA USO GENERAL,Items_Images/MTTO-0934.Image.154746.png,CAT010,fc5645e9,,,LOC0044,3,1,FALSE,PIEZAS
MTTO-0935,"TORNILLO ALLEN CILINDRICO M20 X 80MM, PASO 2.5, PAVONADO",TORNILLERIA USO GENERAL,Items_Images/MTTO-0935.Image.205836.png,CAT010,fc5645e9,,,LOC0049,36,1,FALSE,PIEZAS
MTTO-0936,"TAQUETE EXPANSIVO TX 3/4"" X 4""",USO GENERAL,Items_Images/MTTO-0936.Image.202406.png,CAT002,PROV001,,,LOC0053,7,1,FALSE,PIEZAS
MTTO-0937,"TORNILLO ALLEN CILINDRICO M8 X 90MM, PASO 1.50, PAVONADO",TORNILLERIA USO GENERAL,Items_Images/MTTO-0937.Image.185035.png,CAT010,fc5645e9,,,LOC0046,103,1,FALSE,PIEZAS
MTTO-0938,"TORNILLO ALLEN CILINDRICO M12 X 80MM, PASO 1.75 (ESPECIAL CABEZA BARRENADA)",TORNILLO PARA TINAS DE ALIMENTADORES,Items_Images/MTTO-0938.Image.165252.png,CAT010,fc5645e9,,,LOC0045,53,1,FALSE,PIEZAS
MTTO-0939,"TORNILLO ALLEN CILINDRICO M12 X 60MM, PASO 1.75, PAVONADO",TORNILLERIA USO GENERAL,Items_Images/MTTO-0939.Image.144421.png,CAT010,fc5645e9,,,LOC0045,26,1,FALSE,PIEZAS
MTTO-0940,"TORNILLO ALLEN CILINDRICO M6 X 20MM, PASO 1.00, PAVONADO",TORNILLERIA USO GENERAL,Items_Images/MTTO-0940.Image.185808.png,CAT010,fc5645e9,,,LOC0046,71,1,FALSE,PIEZAS
MTTO-0941,"TORNILLO ALLEN CILINDRICO M20 X 50MM, PASO 3.0, PAVONADO",TORNILLERIA USO GENERAL,Items_Images/MTTO-0941.Image.205517.png,CAT010,fc5645e9,,,LOC0049,3,1,FALSE,PIEZAS
MTTO-0942,"TORNILLO ALLEN CILINDRICO M6 X 5MM, PASO 1.00, PAVONADO",TORNILLERIA USO GENERAL,Items_Images/MTTO-0942.Image.185724.png,CAT010,fc5645e9,,,LOC0094,15,1,FALSE,PIEZAS
MTTO-0943,"TORNILLO HEXAGONAL M20 X 40MM, PASO 4.0, PAVONADO",TORNILLERIA USO GENERAL,Items_Images/MTTO-0943.Image.205547.png,CAT010,fc5645e9,,,LOC0043,1,1,FALSE,PIEZAS
MTTO-0944,"TORNILLO ALLEN CILINDRICO M6 X 50MM, PASO 1.00, PAVONADO",TORNILLOS PARA LOS CUBOS DEL LABIO,Items_Images/MTTO-0944.Image.142018.png,CAT010,fc5645e9,,,LOC0046,43,1,FALSE,PIEZAS
MTTO-0945,"TORNILLO HEXAGONAL M20 X 60MM, PASO 3.0, PAVONADO",TORNILLERIA USO GENERAL,Items_Images/MTTO-0945.Image.205728.png,CAT010,fc5645e9,,,LOC0043,8,1,FALSE,PIEZAS
MTTO-0946,"TORNILLO HEXAGONAL M20 X 70MM, PASO 3.0, PAVONADO",TORNILLERIA USO GENERAL,Items_Images/MTTO-0946.Image.205920.png,CAT010,fc5645e9,,,LOC0043,12,1,FALSE,PIEZAS
MTTO-0947,TUERCA HEXAGONAL M15,TUERCA HEXAGONAL,Items_Images/MTTO-0947.Image.215814.png,CAT010,fc5645e9,,,LOC0094,76,1,FALSE,PIEZAS
MTTO-0948,TUERCA HEXAGONAL M40 X 20,TUERCA HEXAGONAL,Items_Images/MTTO-0948.Image.215527.png,CAT010,fc5645e9,,,LOC0094,7,1,FALSE,PIEZAS
MTTO-0949,"TORNILLO ALLEN CABEZA PLANA M6 X 15MM, PASO 1.75, PAVONADO",TORNILLERIA USO GENERAL,Items_Images/MTTO-0949.Image.212058.png,CAT010,fc5645e9,,,LOC0094,9,1,FALSE,PIEZAS
MTTO-0950,TERMOPAR TIPO K,SENSOR DE TEMPERATURA,Items_Images/MTTO-0950.Image.181948.png,CAT006,,,,LOC0054,14,1,FALSE,PIEZAS
MTTO-0951,TERMOPAR- PT100,SENSOR DE TEMPERATURA,Items_Images/MTTO-0951.Image.182017.png,CAT006,,,,LOC0054,4,1,FALSE,PIEZAS
MTTO-0952,CERRADURA GRAINGER 1XRY7,CERRADURA PARA PUERTA,Items_Images/MTTO-0952.Image.152853.png,CAT003,,,,LOC0010,0,1,FALSE,PIEZAS
MTTO-0953,CONECTOR SUNTONE SM-6P,,,,,,,,0,1,FALSE,PIEZAS
MTTO-0954,"ABRAZADERA UNICANAL DE 3""",ABRAZADERA UNICANAL,Items_Images/MTTO-0954.Image.170149.jpg,CAT002,PROV001,,,LOC0055,69,1,FALSE,PIEZAS
MTTO-0955,"ABRAZADERA UNICANAL DE 1-1/2""",ABRAZADERA UNICANAL,Items_Images/MTTO-0955.Image.170248.jpg,CAT002,PROV001,,,LOC0055,129,1,FALSE,PIEZAS
MTTO-0956,"ABRAZADERA UNICANAL DE 1-1/4""",ABRAZADERA UNICANAL,Items_Images/MTTO-0956.Image.170421.jpg,CAT002,PROV001,,,LOC0055,48,1,FALSE,PIEZAS
MTTO-0957,"ABRAZADERA UNICANAL DE 3/4""",ABRAZADERA UNICANAL,Items_Images/MTTO-0957.Image.170522.jpg,CAT002,PROV001,,,LOC0055,23,1,FALSE,PIEZAS
MTTO-0958,"ABRAZADERA UNICANAL DE 1/2""",ABRAZADERA UNICANAL,Items_Images/MTTO-0958.Image.170622.jpg,CAT002,PROV001,,,LOC0055,62,1,FALSE,PIEZAS
MTTO-0959,"GLANDULA CONECTOR 1/2""",CONECTOR 1/2,Items_Images/MTTO-0959.Image.170807.jpg,CAT002,,,,LOC0055,7,1,FALSE,PIEZAS
MTTO-0960,GLANDULA CONECTOR 34.5,GLANDULA DE PLASTICO 34.5,Items_Images/MTTO-0960.Image.132524.png,CAT002,,,,LOC0055,11,2,FALSE,PIEZAS
MTTO-0961,"GLANDULA CONECTOR 3/4""",CONECTOR 3/4,Items_Images/MTTO-0961.Image.185610.jpg,CAT002,,,,LOC0055,9,1,FALSE,PIEZAS
MTTO-0962,"NIPLE GALVANIZADO DE 1"" CUERDA CORRIDA",USO GENERAL HODRAULICA,Items_Images/MTTO-0962.Image.142255.png,CAT003,PROV001,,,e3c7b211,20,1,FALSE,PIEZAS
MTTO-0963,VULCAN S100 - SISTEMA ELETRÓNICO ANTI-CALCÁRIO E FERRUGEM,SISTEMA ELETRÓNICO ANTI-CALCÁRIO E FERRUGEM,Items_Images/MTTO-0963.Image.210650.png,CAT006,,,,LOC0012,1,1,FALSE,PIEZAS
MTTO-0964,"BASE PARA MANGUERA CORRUGADA 3/4""",BASE PARA MANGUERA 3/4,,,,,,7066317f,0,1,FALSE,PIEZAS
MTTO-0965,"CONDULET TIPO LR 3/4""","CONDULET TIPO LR 3/4""",Items_Images/MTTO-0965.Image.164550.jpg,CAT006,,,,LOC0061,0,1,FALSE,PIEZAS
MTTO-0966,"CONDULET TIPO LB 3/4""","CONDULET TIPO LB 3/4""",Items_Images/MTTO-0966.Image.164807.jpg,CAT006,,,,LOC0061,4,1,FALSE,PIEZAS
MTTO-0967,"CONDULET TIPO C 1""","CONDULET TIPO C 1""",Items_Images/MTTO-0967.Image.164957.jpg,CAT006,,,,LOC0061,3,1,FALSE,PIEZAS
MTTO-0968,"CONDULET TIPO LB 2""","CONDULET TIPO LB 2""",Items_Images/MTTO-0968.Image.165126.jpg,CAT006,,,,LOC0061,1,1,FALSE,PIEZAS
MTTO-0969,"CONDULET TIPO LL 1""",CONECTOR COPLE,Items_Images/MTTO-0969.Image.193259.png,CAT006,,,,LOC0061,0,1,FALSE,PIEZAS
MTTO-0970,"CONECTOR PARA TUBO CONDUIT 1/2""",CONECTOR PARA TUBO,Items_Images/MTTO-0970.Image.210253.png,CAT006,,,,e3c7b211,19,1,FALSE,PIEZAS
MTTO-0971,"CONECTOR PARA TUBO CONDUIT 2""",CONECTOR PARA TUBO,Items_Images/MTTO-0971.Image.205928.png,CAT006,,,,LOC0061,20,1,FALSE,PIEZAS
MTTO-0972,"CONECTOR PARA TUBO CONDUIT 1-1/2""",CONECTOR PARA TUBO,Items_Images/MTTO-0972.Image.205817.png,CAT006,,,,LOC0061,3,1,FALSE,PIEZAS
MTTO-0973,"CONECTOR PARA TUBO CONDUIT 3/4""",CONECTOR PARA TUBO,Items_Images/MTTO-0973.Image.204914.jpg,CAT006,,,,e3c7b211,25,1,FALSE,PIEZAS
MTTO-0974,"CODO CONDUIT  90° DE 3/4""",CODO 3/4,Items_Images/MTTO-0974.Image.153423.png,CAT006,,,,LOC0061,7,1,FALSE,PIEZAS
MTTO-0975,CAJA LB CUADRADA,CAJA LB CUADRADA,Items_Images/MTTO-0975.Image.184803.jpg,CAT006,,,,LOC0061,10,1,FALSE,PIEZAS
MTTO-0976,CAJA LB RECTANGULAR,CAJA LB RECTANGULAR,Items_Images/MTTO-0976.Image.185511.jpg,CAT006,,,,LOC0061,5,1,FALSE,PIEZAS
MTTO-0977,"CODO CONDUIT  90° DE 1""",CODO 1”,Items_Images/MTTO-0977.Image.190140.jpg,CAT006,,,,LOC0061,2,1,FALSE,PIEZAS
MTTO-0978,CANDADO DE SEGURIDAD CON LLAVE PARA LAPTOP,CANDADO PARA LAPTOP,Items_Images/MTTO-0978.Image.154219.png,CAT002,955f69ca,,,LOC0077,1,1,FALSE,PIEZAS
MTTO-0979,SERVOMOTOR INOVANCE MS1H-20B30CB,MOTOR PARA PIGMENTADOR DE L5,Items_Images/MTTO-0979.Image.155845.jpg,CAT003,ab7dd31c,,,LOC0005,1,1,FALSE,PIEZAS
MTTO-0980,"CHUMACERA DE PARED UCFC 212, ID 60MM",CHUMACERA PARA RODILLO CROMADO JALADOR DE L4.,Items_Images/MTTO-0980.Image.013431.png,CAT009,,,,LOC0023,0,1,FALSE,PIEZAS
MTTO-0981,SOBRE TAPA CONDUIT PVC,TAPA CONDUIT,Items_Images/MTTO-0981.Image.211018.png,CAT006,PROV001,,,92bd79f5,5,1,FALSE,PIEZAS
MTTO-0982,"COPLE CONDUIT DE PARED DELGADA 1/2""",CONECTOR COPLE,Items_Images/MTTO-0982.Image.210444.png,CAT006,,,,e3c7b211,48,2,FALSE,PIEZAS
MTTO-0983,"COPLE CONDUIT DE PARED 1""",CONECTOR COPLE,Items_Images/MTTO-0983.Image.205909.png,CAT006,PROV001,,,e3c7b211,0,1,FALSE,PIEZAS
MTTO-0984,"COPLE CONDUIT DE PARED DELGADA 3/4""",CONECTOR COPLE,Items_Images/MTTO-0984.Image.204531.jpg,CAT006,,,,e3c7b211,34,2,FALSE,PIEZAS
MTTO-0985,"CONECTOR USO RUDO PARA CABLE 1""",CONECTOR USO GENERAL,Items_Images/MTTO-0985.Image.214842.png,CAT003,,,,LOC0051,2,1,FALSE,PIEZAS
MTTO-0986,"REDUCTOR DE BRONCE DE 1/2"" A 1/4""",,Items_Images/MTTO-0986.Image.141604.png,CAT003,,,,,0,1,FALSE,PIEZAS
MTTO-0987,"CONECTOR DE BRONCE DE 3/8""NPT MACHO A FLARE 3/8""",CONECTOR BRONCE MACHO,Items_Images/MTTO-0987.Image.144027.png,CAT003,344207b0,,,LOC0083,0,1,FALSE,PIEZAS
MTTO-0988,"TAPON GALVANIZADO HEMBRA 2""",TAPON GALVANIZADO USO GENAL,Items_Images/MTTO-0988.Image.135349.png,CAT003,,,,LOC0061,7,1,FALSE,PIEZAS
MTTO-0989,"ABRAZADERA DE PERNOS PARA TUBOS (COMPLES MORRIS) 3""",ABRAZADERAS PARA LOS TUBOS INOXIDABLES DE LAS TURBINAS DE ALIMENTACION.,Items_Images/MTTO-0989.Image.150028.png,CAT003,a5eff119,"$1,558.08",,7066317f,0,1,FALSE,PIEZAS
MTTO-0990,"CONECTOR DE BRONCE DE 1/2""NPT HEMBRA A FLARE 1/2""",CINECTOR BRONCE HEMBRA,Items_Images/MTTO-0990.Image.143931.png,CAT003,344207b0,,,LOC0083,0,1,FALSE,PIEZAS
MTTO-0991,"CONECTOR DE 1/2"" NPT MACHO A FLARE 1/4""",CONECTOR USO GENERAL,Items_Images/MTTO-0991.Image.195201.png,CAT002,,,,LOC0094,9,1,FALSE,PIEZAS
MTTO-0992,"CONECTOR CODO 1/2""NPT MACHO X 5/16""FLARE",CONECTOR USO GENERAL,Items_Images/MTTO-0992.Image.140326.png,CAT004,344207b0,,,LOC0083,0,1,FALSE,PIEZAS
MTTO-0993,"CONECTOR CODO 3/4"" NPT HEMBRA X 5/16"" FLARE",CONECTOR USO GENERAL,Items_Images/MTTO-0993.Image.140624.png,CAT004,344207b0,,,LOC0083,0,1,FALSE,PIEZAS
MTTO-0994,"PURGA AUTOMATICA COMPRESOR, FLOTACION MECANICA 15-232PSI, 1/2"" NPT",DRENAJE DE CONDENSADO DE FLOTACION MECANICA SIN PERDIDA,Items_Images/MTTO-0994.Image.153249.png,CAT003,a5eff119,,,7066317f,0,1,FALSE,PIEZAS
MTTO-0995,"CONECTOR CODO 3/8 NPT MACHO X 1/2"" FLARE",CONECTOR USO GENERAL,Items_Images/MTTO-0995.Image.140831.png,CAT004,344207b0,,,LOC0083,0,1,FALSE,PIEZAS
MTTO-0996,"CONECTOR CODO 1/2"" NPT MACHO X 1/4"" FLARE",CONECTOR CODO NPT / FLARE,Items_Images/MTTO-0996.Image.165600.png,CAT004,344207b0,,,LOC0083,0,1,FALSE,PIEZAS
MTTO-0997,"CONECTOR CODO 3/16"" NPT MACHO X 3/16"" FLARE",CONECTOR USO GENERAL,Items_Images/MTTO-0997.Image.141412.png,CAT004,344207b0,,,LOC0083,0,1,FALSE,PIEZAS
MTTO-0998,"CONECTOR CODO 1- 3/4"" NPT MACHO X 1-1/4"" FLARE",CONECTOR USO GENERAL,Items_Images/MTTO-0998.Image.140147.png,CAT004,344207b0,,,LOC0083,0,1,FALSE,PIEZAS
MTTO-0999,00,,,,,,,,0,1,FALSE,PIEZAS
MTTO-1000,"CONECTOR CODO DE BRONCE 1/2"" NPT MACHO X 3/8"" FLARE",CONECTOR USO GENERAL,Items_Images/MTTO-1000.Image.141555.png,CAT004,344207b0,,,LOC0083,0,1,FALSE,PIEZAS
MTTO-1001,"CONECTOR CODO DE BRONCE 1/2"" NPT MACHO X 5/16"" FLARE",CONECTOR USO GENERAL,Items_Images/MTTO-1001.Image.192351.png,CAT004,344207b0,,,,0,1,FALSE,PIEZAS
MTTO-1002,MORDAZA 32MM,,,CAT002,,,,,0,1,FALSE,PIEZAS
MTTO-1003,CONECTOR RAPIDO CODO 90° ROSCA 1/4 A MANGUERA 6MM,CONECTOR NEUMATICO,Items_Images/MTTO-1003.Image.205755.png,CAT004,2c6c8db2,,,LOC0083,0,1,FALSE,PIEZAS
MTTO-1004,"PTR CUADRADO DE 2"" CAL.14 X 6MTS",USO GENERAL DE HERRERIA,Items_Images/MTTO-1004.Image.191043.png,e4249c50,3900dab9,,,7066317f,2,1,FALSE,PIEZAS
MTTO-1005,"LA2520 DUAL- FLEX 2-1/2"" X 7",MANGUERA FIJABLE DUAL-FLEX,Items_Images/MTTO-1005.Image.134840.png,CAT007,,,,LOC0084,0,1,FALSE,KITS
MTTO-1006,ACOPLAMIENTO ARAÑA GOMA LOVEJOY 090- 095,ACOPLAMIENTO DE GOMA,Items_Images/MTTO-1006.Image.183849.png,CAT004,,,,LOC0074,1,1,FALSE,PIEZAS
MTTO-1007,"ABRAZADERA TIPO UÑA 3/8""",ABRAZADERA PARA USO GENERAL,Items_Images/MTTO-1007.Image.143058.png,CAT006,PROV001,,,LOC0052,35,1,FALSE,PIEZAS
MTTO-1008,"ABRAZADERA TIPO UÑA 3/4""",ABRAZADERA PARA TUBO USO GENERAL,Items_Images/MTTO-1008.Image.143147.png,CAT006,PROV001,,,LOC0052,29,1,FALSE,PIEZAS
MTTO-1009,"ABRAZADERA TIPO UÑA 1/2""",ABRAZADERA PARA TUBO DE USO GENERAL,Items_Images/MTTO-1009.Image.164558.jpg,CAT003,PROV001,,,LOC0052,17,1,FALSE,PIEZAS
MTTO-1010,"ABRAZADERA TIPO UÑA 1/4""",ABRAZADERA PARA USO GENERAL,Items_Images/MTTO-1010.Image.143233.png,CAT006,PROV001,,,LOC0055,19,1,FALSE,PIEZAS
MTTO-1011,VACIO 03,,,,,,,,0,0,FALSE,PIEZAS
MTTO-1012,TORNILLO PERNO DE OJO DE ELEVACION,PERNO USO GENERAL,Items_Images/MTTO-1012.Image.203248.png,CAT010,fc5645e9,,,LOC0094,2,1,FALSE,PIEZAS
MTTO-1013,"RONDANA PLANA, M9 X 15MM GALVANIZADA",RONDANA USO GENARAL,Items_Images/MTTO-1013.Image.142203.png,CAT010,fc5645e9,,,LOC0062,46,2,FALSE,PIEZAS
MTTO-1014,"RONDANA PLANA, M65 X 63MM GALVANIZADO",RONDANA USO GENARAL,Items_Images/MTTO-1014.Image.200802.png,CAT010,fc5645e9,,,LOC0062,28,2,FALSE,PIEZAS
MTTO-1015,"RONDANA PLANA, M7 X 11MM GALVANIZADA",RONDANA USO GENARAL,Items_Images/MTTO-1015.Image.142106.png,CAT010,fc5645e9,,,LOC0062,7,2,FALSE,PIEZAS
MTTO-1016,"RONDANA PLANA, M10 X 20MM GALVANIZADA",RONDANA USO GENARAL,Items_Images/MTTO-1016.Image.142358.png,CAT010,fc5645e9,,,LOC0062,42,2,FALSE,PIEZAS
MTTO-1017,"ABRAZADERA CLAMP 1-1/2""",ABRAZADERA PARA LA TUBERIA DE LAS TURBINAS DE ALIMENTACION,Items_Images/MTTO-1017.Image.210735.jpg,CAT003,a5eff119,,,LOC0052,13,1,FALSE,PIEZAS
MTTO-1018,"NIPLE GALVANIZADO 1""X 3""",USOS EN SISTEMAS HIDRAULICOS,Items_Images/MTTO-1018.Image.205909.png,CAT007,PROV001,,,e3c7b211,0,1,FALSE,PIEZAS
MTTO-1019,"ACOPLAMIENTO ESTRELLA  3""",COMPONENTE MECÁNICO UTILIZADO PARA CONECTAR DOS EJES,Items_Images/MTTO-1019.Image.184234.png,CAT003,,,,LOC0074,2,1,FALSE,PIEZAS
MTTO-1020,TRANSCEPTOR PASIVO DE VIDEO DAHUA PFM800-4K,DISPOSITIVO QUE CONBINA UN TRASMISOR YUN RECEPTOR PARA ENVIAR SEÑALES,Items_Images/MTTO-1020.Image.145835.png,CAT006,,,,LOC0078,35,2,FALSE,KITS
MTTO-1021,"ESPIGA GALVANIZADA DE 1"" MACHO NPT A MANGUERA DE 1""",REFACCIONES DE USO GENERAL,Items_Images/MTTO-1021.Image.164907.jpg,CAT005,PROV001,,,e3c7b211,1,1,FALSE,PIEZAS
MTTO-1022,ABRAZADERA SINFIN PARA MANGUERA 32-51,ABRAZADERA PARA MANGUERAS,Items_Images/MTTO-1022.Image.152139.png,CAT002,PROV001,,,LOC0094,2,1,FALSE,PIEZAS
MTTO-1023,"ABRAZADERA SINFIN PARA MANGUERA 1"" 25MM 08",ABRAZADERA PARA MAGUERA,Items_Images/MTTO-1023.Image.152326.png,CAT003,PROV001,,,LOC0094,0,1,FALSE,PIEZAS
MTTO-1024,"TERMINAL DE OJILLO PARA CABLE 3/16"" CAL 12-10 ALTA TEMPERATURA",OJILLO PARA CABLES EN GENERAL,Items_Images/MTTO-1024.Image.150520.png,CAT002,a5e797e4,,,LOC0094,0,1,FALSE,PIEZAS
MTTO-1025,RESORTE M11 X 70MM,REOSRTE PARA USO GENERAL,Items_Images/MTTO-1025.Image.151550.png,CAT003,,,,LOC0051,5,1,FALSE,PIEZAS
MTTO-1026,RESORTE M27 X 65MM,RESORTE DE USO GENERAL,Items_Images/MTTO-1026.Image.154055.png,CAT003,,,,LOC0051,4,1,FALSE,PIEZAS
MTTO-1027,RESORTE M23 X 24MM,RESORTE USO GENERAL,Items_Images/MTTO-1027.Image.164135.png,CAT003,,,,LOC0051,10,1,FALSE,PIEZAS
MTTO-1028,CONTRAPESO DE ACERO,PESO PARA PRUEBA DE CALIDAD,Items_Images/MTTO-1028.Image.183744.png,CAT003,,,,LOC0064,2,1,FALSE,PIEZAS
MTTO-1029,RESORTE M12 X 28MM,RESORTE DE USO GENERAL,Items_Images/MTTO-1029.Image.151838.png,CAT003,,,,LOC0051,9,1,FALSE,PIEZAS
MTTO-1030,RESORTE M40 X 63MM,RESORTE DE USO GENERAL,Items_Images/MTTO-1030.Image.152849.png,CAT003,,,,LOC0051,20,1,FALSE,PIEZAS
MTTO-1031,RESORTE M30 X 24MM,RESORTE DE USO GENERAL,Items_Images/MTTO-1031.Image.152414.png,CAT003,,,,LOC0051,30,1,FALSE,PIEZAS
MTTO-1032,RESORTE M25 X 60MM,RESORTE USO GENERAL,Items_Images/MTTO-1032.Image.153828.png,CAT003,,,,LOC0051,4,1,FALSE,PIEZAS
MTTO-1033,VALVULA CHICA PARA BOMBA DE VACIO,PIEZA PARA REFACCION,Items_Images/MTTO-1033.Image.182119.png,CAT003,,,,LOC0064,8,1,FALSE,PIEZAS
MTTO-1034,OPRESORES M18 X 24MM,PARA TOAPONES DE BOMBA DE VACIO,,CAT003,,,,,0,1,FALSE,PIEZAS
MTTO-1035,OPRESORES M20 X 23MM,PARA TOAPONES DE BOMBA DE VACIO,,CAT003,,,,,0,1,FALSE,PIEZAS
MTTO-1036,OPRESORES M16 X 17MM,PARA TOAPONES DE BOMBA DE VACIO,,CAT003,,,,,0,1,FALSE,PIEZAS
MTTO-1037,OPRESORES M14 X 17MM,PARA TOAPONES DE BOMBA DE VACIO,,CAT003,,,,,0,1,FALSE,PIEZAS
MTTO-1038,OPRESORES M7 X 20MM,PARA TOAPONES DE BOMBA DE VACIO,,CAT003,,,,,0,1,FALSE,PIEZAS
MTTO-1039,OPRESORES M8 X 10MM,PARA TOAPONES DE BOMBA DE VACIO,,CAT003,,,,,0,1,FALSE,PIEZAS
MTTO-1040,OPRESORES M10 X 25MM,PARA TOAPONES DE BOMBA DE VACIO,,CAT003,,,,,0,1,FALSE,PIEZAS
MTTO-1041,OPRESORES M8 X 40MM,PARA TOAPONES DE BOMBA DE VACIO,,CAT003,,,,,0,1,FALSE,PIEZAS
MTTO-1042,OPRESORES M13 X 26MM,PARA TOAPONES DE BOMBA DE VACIO,,CAT003,,,,,0,1,FALSE,PIEZAS
MTTO-1043,"COPLE ROSCABLE 3/8""",USO GENERAL COPLE,Items_Images/MTTO-1043.Image.194439.png,CAT003,,,,LOC0094,3,1,FALSE,PIEZAS
MTTO-1044,"COPLE ROSCABLE 1/4""",USO GENERAL COPLE,Items_Images/MTTO-1044.Image.215147.png,CAT003,,,,e3c7b211,0,1,FALSE,PIEZAS
MTTO-1045,ANILLO GUIA DE PISTON M54 X 15MM,EMPAQUE PARA PISTON DE CALANDRA,Items_Images/MTTO-1045.Image.211210.jpg,CAT008,d8419d6c,,,LOC0042,15,1,FALSE,PIEZAS
MTTO-1046,ANILLO GUIA DE PISTON M114 X 10MM,EMPAQUE PARA PISTON DE CAMBIAMALLAS,Items_Images/MTTO-1046.Image.200304.png,CAT008,d8419d6c,,,LOC0042,0,1,FALSE,PIEZAS
MTTO-1047,ANILLO GUIA DE PISTONM120 X 10MM,EMPAQUES PARA PISTON DE CALANDRA,Items_Images/MTTO-1047.Image.211237.jpg,CAT008,d8419d6c,,,LOC0042,7,1,FALSE,PIEZAS
MTTO-1048,SELLO DE VARILLA PARA PISTON HIDRAULICO 55-65-5KASTAS,SE USA EN LOS PISTONES DE LA CALANDRA,Items_Images/MTTO-1048.Image.211713.jpg,CAT008,d8419d6c,,,LOC0042,5,1,FALSE,PIEZAS
MTTO-1049,"SELLO DE VARILLA PARA PISTON HIDRAULICO 4 3/8"" X 4 7/8"" X 3/8"", 605-47605, HALLITE",SE USA EN LOS PISTONES DE LA CALANDRA,Items_Images/MTTO-1049.Image.212116.jpg,CAT008,d8419d6c,,,LOC0042,12,1,FALSE,PIEZAS
MTTO-1050,"SELLO DE VARILLA PARA PISTON HIDRAULICO 45-55-6""K2 1 KASTAS",SE USA EN LOS PISTONES DEL CAMBIAMALLAS,Items_Images/MTTO-1050.Image.211955.jpg,CAT008,d8419d6c,,,LOC0042,12,1,FALSE,PIEZAS
MTTO-1051,"ESCUADRA MAGNETICA PARA SOLDAR DE 5""",HERRAMIENTA DE TRABAJO,Items_Images/MTTO-1051.Image.153027.png,CAT001,PROV001,,,LOC0116,2,1,FALSE,PIEZAS
MTTO-1052,JUEGO DE LLAVES TORX PUNTA DE BOLA,HERRAMIENTA USO GENERAL,Items_Images/MTTO-1052.Image.173111.png,CAT001,PROV001,,,218b4280,1,1,FALSE,KITS
MTTO-1053,JUNTA TORICA M22 X 29MM,,,,,,,,0,1,FALSE,PIEZAS
MTTO-1054,VALVULA CHECK PARA BOMBA DE VACIO,"SE UTILIZA EN EL LA ENTRADA DE LA BOMBA DE VACIO, LA VALVULA CONICA",Items_Images/MTTO-1054.Image.155348.png,CAT005,,,,LOC0094,0,1,FALSE,PIEZAS
MTTO-1055,"TORNILLO ALLEN CILINDRICO M12 X 90MM, PASO 1.75",TORNILLERIA USO GENERAL,Items_Images/MTTO-1055.Image.185016.png,CAT010,fc5645e9,,,LOC0046,43,1,FALSE,PIEZAS
MTTO-1056,FLOTADOR PARA BOMBA DE VACIO CIRCULAR,SE UTILIZA EN BOMBA DE VACIO DE PALETAS ROTATIVAS,Items_Images/MTTO-1056.Image.202329.jpg,CAT003,ab7dd31c,,,LOC0042,21,1,FALSE,PIEZAS
MTTO-1057,TAPONES DE ALUMINIO PARA RESISTENCIA DE CAMBIAMALLAS,TAPONES PARA CAMBIAMALLAS,Items_Images/MTTO-1057.Image.001238.jpg,CAT004,,,,LOC0062,7,1,FALSE,PIEZAS
MTTO-1058,"ABRAZADERA SINFIN PARA MANGUERA 2 1/4"" A 3""",USO GENERAL,Items_Images/MTTO-1058.Image.151557.png,CAT002,PROV001,,,LOC0094,0,1,FALSE,PIEZAS
MTTO-1059,MARTILLO MAZO DE GOMA DE 16OZ,USO GENERAL REPARACIONES,Items_Images/MTTO-1059.Image.154629.png,CAT001,PROV001,,,LOC0117,2,1,FALSE,PIEZAS
MTTO-1060,PINZAS DE PUNTA,USO GENERAL EN REPARACIONES,Items_Images/MTTO-1060.Image.154446.png,CAT001,PROV001,,,7066317f,1,1,FALSE,PIEZAS
MTTO-1061,"VALVULA SOLENOIDE DE 2-1/2""",VALVULA SOLENOIDE,Items_Images/MTTO-1061.Image.152745.png,CAT004,,,,LOC0081,3,1,FALSE,PIEZAS
MTTO-1062,DESENGRASANTE KEY FOM 300 20LTS,USO GENERAL PARA LIMPIEZA,,CAT002,,,,26813a72,0,1,FALSE,PIEZAS
MTTO-1063,"VOLANTE METALICO, PARA SISTEMA DE RODILLOS, M25 X 140MM",VOLANTE GRANDE PARA POLEA,Items_Images/MTTO-1063.Image.162057.png,CAT003,,,,LOC0086,7,1,FALSE,PIEZAS
MTTO-1064,CESPOL PARA LAVABO CON TAPON ANTIOLORES,CESPO PARA LAVABO,Items_Images/MTTO-1064.Image.175756.jpg,CAT007,,,,LOC0025,3,1,FALSE,PIEZAS
MTTO-1065,CONTRA PARA LAVABO CON REJILLA PLASTICA,CONTRA PARA LAVABO,Items_Images/MTTO-1065.Image.175718.jpg,CAT007,,,,LOC0025,5,1,FALSE,PIEZAS
MTTO-1066,JUEGO CLASICO DE REPARACION PARA TANQUE DE SANITARIO,JUEGO CLASICO PARA SANITARIO,Items_Images/MTTO-1066.Image.144043.png,CAT007,,,,LOC0025,4,1,FALSE,KITS
MTTO-1067,TUBO LARGO FLEXIBLE SIN ROSCA,TUBO LARGOSIN ROSCA,Items_Images/MTTO-1067.Image.175608.jpg,CAT007,,,,LOC0025,3,1,FALSE,PIEZAS
MTTO-1068,VALVULAS PARA TINACO,VALVULA PARA TINACO,Items_Images/MTTO-1068.Image.154121.png,CAT007,,,,LOC0025,0,1,FALSE,PIEZAS
MTTO-1069,"MANGUERA PARA BANO DE 1/2""",MANGUERA PARA BAÑO,,,,,,,0,2,FALSE,PIEZAS
MTTO-1070,"MANGUERA PARA LAVABO TRAMADA DE METAL DE 1/2""",MANGUERA PARA LAVABO,,,,,,,0,1,FALSE,PIEZAS
MTTO-1071,"MANGUERA PARA LAVABO TRAMADA DE PLASTICO 1/2""",MANGUERA PARA LAVABO,Items_Images/MTTO-1071.Image.155950.png,CAT002,,,,7066317f,0,1,FALSE,PIEZAS
MTTO-1072,"MANGUERA PARA LA ALIMENTACION DE AGUA EN EL LAVABO DE 1/2""",MANGUERA PARA LAVABO,,,,,,,0,1,FALSE,PIEZAS
MTTO-1073,"SEGUROS OMEGA PARA EXTERIOR, DIAMETRO INTERNO 2/76""",SEGUROS PARA INTERIORES,Items_Images/MTTO-1073.Image.182141.png,CAT003,,,,LOC0051,25,1,FALSE,PIEZAS
MTTO-1074,"REFLECTOR LED CON ANGULO 100-240V, 2.0A, 180W",REFLECTOR LED CON ANGULO 100-240V,Items_Images/MTTO-1074.Image.163938.jpg,CAT006,,,,LOC0075,3,1,FALSE,PIEZAS
MTTO-1075,RETEN 5060-7 VITON,RETEN DE VITON,Items_Images/MTTO-1075.Image.190326.jpg,CAT008,32918d31,,,LOC0015,2,1,FALSE,PIEZAS
MTTO-1076,RETEN 2552-10 VITON,RETEN DE VITON,Items_Images/MTTO-1076.Image.190502.jpg,CAT008,32918d31,,,LOC0015,3,1,FALSE,PIEZAS
MTTO-1077,"FUSIBLE DE HUESO, (COPLE TRANSMISION MOTOR).",PERNO ACOPLAMIENTO DE HUESO PARA TRANSMISION MOTOR,Items_Images/MTTO-1077.Image.140342.jpg,CAT003,,,,LOC0038,23,1,FALSE,PIEZAS
MTTO-1078,"FUENTE EVANS AD-5.0A, 100-240V, 60HZ, SALIDA 24VDC 5A","FUENTE AD-5.0A, 100-240V,",Items_Images/MTTO-1078.Image.195954.png,CAT006,3a4110bf,,,LOC0006,2,1,FALSE,PIEZAS
MTTO-1079,TOPES DE HUESO PARA LABIO,TOPES DE HUESO,,,,,,,0,1,FALSE,PIEZAS
MTTO-1080,GUARDA DE NAVAJAS CIRCULARES (VIEJA),GUARDA PARA NAVAJAS,Items_Images/MTTO-1080.Image.163754.jpg,CAT003,,,,769ef04d,0,2,FALSE,PIEZAS
MTTO-1081,"MANIVELA DE ALUMINIO 155MM, CON PERILLA",MANIVELA DE ALUMINIO CON PERILLA,,,,,,,0,1,FALSE,PIEZAS
MTTO-1082,"MANIVELA DE ALUMINIO 122MM, CON PERILLA",MANIVELA DE ALUMINIO CON PERILLA,,,,,,,0,1,FALSE,PIEZAS
MTTO-1083,"MANIVELA DE ALUMINIO 97MM, CON PERILLA",MANIVELA DE ALUMINIO CON PERILLA,,,,,,,0,1,FALSE,PIEZAS
MTTO-1084,"CONECTOR MILITAR PARA SERVOMOTORES 90° 20-22 NUCLEO 31066, HEMBRA",SE USA PARA LA POTENCIA DEL SERVOMOTOR,Items_Images/MTTO-1084.Image.165703.png,CAT003,,,,LOC0070,2,1,FALSE,PIEZAS
MTTO-1085,"CLAVIJA DE POTENCIA PARA SERVOMOTORES, MS3102E20-29P MACHO",CLAVIJA PARA TRANSDUCTORES DE PRESION,Items_Images/MTTO-1085.Image.204128.png,CAT003,ab7dd31c,,,LOC0070,6,1,FALSE,PIEZAS
MTTO-1086,TAPON PARA TRANSDUCTORES,USO GENERAL,,CAT003,,,,,0,1,FALSE,PIEZAS
MTTO-1087,"RONDANA PLANA, M14 X MM22 GALVANIZADA",RONDANA USO GENARAL,Items_Images/MTTO-1087.Image.142645.png,CAT010,fc5645e9,,,LOC0062,50,2,FALSE,PIEZAS
MTTO-1088,ORING PARA BOMBA,,,,,,,,0,2,FALSE,PIEZAS
MTTO-1089,"CEPILLO CIRCULAR ACERO AL CARBON 3"" PARA TALADRO",HERRAMIENTA USO GENERAL,Items_Images/MTTO-1089.Image.163049.png,CAT001,PROV001,,,7066317f,0,1,FALSE,PIEZAS
MTTO-1090,ACOPLAMIENTO PARA SERVOMOTOR M28,COMPONENTE MECANICO UTILIZADOS PARA CONECTAR DOS EJES,Items_Images/MTTO-1090.Image.151913.png,CAT003,,,,LOC0038,1,1,FALSE,PIEZAS
MTTO-1091,ACOPLAMIENTO PARA SERVOMOTOR M35,COMPONENTE MECANICO UTILIZADOS PARA CONECTAR DOS EJES,Items_Images/MTTO-1091.Image.150339.jpg,CAT003,,,,LOC0038,1,1,FALSE,PIEZAS
MTTO-1092,ACOPLAMIENTO ASTRIADO (PARA BOMBA DE VACIO) 77MM,ACOPLE MOTOR-ROTORPARA BOMBA DE VACIO DE PALETAS ROTATIVAS,Items_Images/MTTO-1092.Image.153404.jpg,CAT003,,,,LOC0038,12,1,FALSE,PIEZAS
MTTO-1093,ACOPLAMIENTO ASTRIADO (PARA BOMBA DE VACIO) 68MM,ACOPLAMIENTO PARA MOTOR-ROTOR DE BOMBA DE VACIO DE PALETAS ROTATIVAS,Items_Images/MTTO-1093.Image.153955.jpg,CAT003,,,,LOC0038,5,1,FALSE,PIEZAS
MTTO-1094,PINZAS DE ELECTRICISTA,USO GENERAL REPARACIONES,Items_Images/MTTO-1094.Image.154301.png,CAT001,PROV001,,,LOC0117,5,1,FALSE,PIEZAS
MTTO-1095,CORDON VITON 3.5MM CIRCULAR,CORDON VITON USO GENERAL,Items_Images/MTTO-1095.Image.194656.png,CAT002,32918d31,,,b563a079,20,1,FALSE,METROS
MTTO-1096,O'RINGS VITON 1/2 X 1/8,ANILLOS DE GOMA,Items_Images/MTTO-1096.Image.182732.png,CAT008,,,,LOC0094,65,1,FALSE,PIEZAS
MTTO-1097,"BASE AUTOADERIBLE PARA CINCHOS 1"" X 1""",BASE AUTOADERIBLE PARA CINCHOS,Items_Images/MTTO-1097.Image.203938.png,CAT002,955f69ca,,,LOC0094,12,1,FALSE,PIEZAS
MTTO-1098,VALVULA REDUCTORA MRF-2P-K-3-50,VALVULA MRF-2P-K-3-50,Items_Images/MTTO-1098.Image.163540.png,CAT005,,,,LOC0082,1,2,FALSE,PIEZAS
MTTO-1099,"ELECTRODO E6011 1/8""",SOLADUDURA E6011,Items_Images/MTTO-1099.Image.185355.png,CAT002,PROV001,,,b99687bf,67,1,FALSE,PIEZAS
MTTO-1100,COPLE GALVANIZADO 11/4,USO PARA DUCTOS Y TUBERIAS,Items_Images/MTTO-1100.Image.135658.jpg,CAT007,,,,e3c7b211,8,1,FALSE,PIEZAS
MTTO-1101,"COPLE GALVANIZADO 1/2""",USO PARA DUCTOS Y TUBERIAS,Items_Images/MTTO-1101.Image.135816.jpg,CAT007,,,,e3c7b211,18,1,FALSE,PIEZAS
MTTO-1102,FUENTES PARA LAMPARAS 36W,FUENTE PARA LAMPARA LED,Items_Images/MTTO-1102.Image.234847.png,CAT006,,,,LOC0056,3,1,FALSE,PIEZAS
MTTO-1103,"LAMINA EMPAQUE GARLOCK 700L DE 0.8X1520X1520MM (1/32"")",EMPAQUE PARA JUNTAS,Items_Images/MTTO-1103.Image.133718.png,CAT008,e0a455a9,"$11,977.00",,7066317f,1,1,FALSE,PIEZAS
MTTO-1104,"PTR CUADRADO DE 2½"" CAL.11 X 6MTS",USO GENERAL DE HERRERIA,Items_Images/MTTO-1104.Image.164103.png,e4249c50,3900dab9,,,7066317f,0,1,FALSE,PIEZAS
MTTO-1105,CERA LIQUIDA,USO GENERAL,Items_Images/MTTO-1105.Image.221919.jpg,CAT002,,,,LOC0107,1,1,FALSE,PIEZAS
MTTO-1106,AERO COMEX ORO,AERO ORO,Items_Images/MTTO-1106.Image.142630.png,CAT002,,,,26813a72,0,1,FALSE,PIEZAS
MTTO-1107,AERO COMEX GRIS ACERO,AERO GRIS,Items_Images/MTTO-1107.Image.142547.png,CAT002,,,,26813a72,0,1,FALSE,PIEZAS
MTTO-1108,AEROSOL TRUPER NEGRO MATE,PARA APLICAR PINTURA O TINTES,Items_Images/MTTO-1108.Image.142848.png,CAT002,PROV001,,,26813a72,1,1,FALSE,PIEZAS
MTTO-1109,AEROSOL TRUPER BLANCO BRILLANTE,SIRVE PARA APLICAR PINTURA O TINTAS,Items_Images/MTTO-1109.Image.142728.png,CAT002,PROV001,,,26813a72,0,1,FALSE,PIEZAS
MTTO-1110,"JUEGO DE 2 CONECTORES NPT PARA LAVADORA A PRESIÓN DE 1/4 PULGADAS, ROSCA EXTERNA",ACCESORIOS PARA HIDROLAVADORA,Items_Images/MTTO-1110.Image.143809.png,CAT005,,$599.00,,,1,1,FALSE,KITS
MTTO-1111,"CONDULET TIPO LB DE 1/2""","CONDULET TIPO LB DE 1/2""",Items_Images/MTTO-1111.Image.164354.jpg,CAT006,,,,LOC0061,2,1,FALSE,PIEZAS
MTTO-1112,TAPON GALVANIZADO MACHO 1 1/4”,TAPON GALVANIZADO USO GENARL,Items_Images/MTTO-1112.Image.193912.jpg,CAT002,,,,e3c7b211,2,1,FALSE,PIEZAS
MTTO-1113,"NIPLE GALVANIZADO DE 1 1/4"" X 1 1/2”",NIPLE GALVANIZADO USO GENERAL,Items_Images/MTTO-1113.Image.184850.jpg,CAT002,PROV001,,,e3c7b211,4,1,FALSE,PIEZAS
MTTO-1114,PULIMENTO 30- DIAMOLD,PULIMENTO 30,Items_Images/MTTO-1114.Image.170014.jpg,CAT002,,,,3d9eb8e3,2,1,FALSE,PIEZAS
MTTO-1115,PULIMENTO 3- DIAMOLD,PULIMENTO 3,Items_Images/MTTO-1115.Image.170233.jpg,CAT002,,,,3d9eb8e3,2,1,FALSE,PIEZAS
MTTO-1116,PULIMENTO 15- DIAMOLD,PULIMENTO 15,Items_Images/MTTO-1116.Image.170121.jpg,CAT002,,,,3d9eb8e3,1,1,FALSE,PIEZAS
MTTO-1117,HUSILLO PARA PIGMENTADOR SOLIDO,,Items_Images/MTTO-1117.Image.142223.png,,,,,,0,1,FALSE,PIEZAS
MTTO-1118,"SELLO LIMPIADOR PARA PISTON HIDRAULICO 55-63 K27"" KASTAS",SE USA EN LOS PISTONES DE LA CALANDRA,Items_Images/MTTO-1118.Image.150554.png,CAT008,d8419d6c,,,LOC0042,6,1,FALSE,PIEZAS
MTTO-1119,"LAMPARA REFLECTOR ARTEIKE, HIGH BAY DE LED 200W",ARTEIKE 200W,Items_Images/MTTO-1119.Image.151316.jpg,CAT003,,,,LOC0012,1,1,FALSE,PIEZAS
MTTO-1120,RETEN 85108-10 VITON,RETEN DE VITON,Items_Images/MTTO-1120.Image.193216.jpg,CAT008,32918d31,,,LOC0016,8,1,FALSE,PIEZAS
MTTO-1121,RETEN 96120-12 VITON,RETEN DE VITON,Items_Images/MTTO-1121.Image.193436.jpg,CAT008,32918d31,,,LOC0016,3,1,FALSE,PIEZAS
MTTO-1122,RETEN 7795-9 VITON,RETEN DE VITON,Items_Images/MTTO-1122.Image.193522.jpg,CAT008,32918d31,,,LOC0016,10,1,FALSE,PIEZAS
MTTO-1123,SELLO MECANICO CRIN101520-16MM -SIC/SIC/V -SS316,SELLO MECANICO,Items_Images/MTTO-1123.Image.204954.jpg,CAT008,,,,LOC0017,1,1,FALSE,PIEZAS
MTTO-1124,BALERO 32211-XL,BALEROS,Items_Images/MTTO-1124.Image.141729.jpg,CAT009,e0a455a9,,,LOC0022,2,1,FALSE,PIEZAS
MTTO-1125,"RESISTENCIA CARTUCHO 340MM X 20 MM, 1.3KW, 440V",RESISTENCIA CALEFACTORA,Items_Images/MTTO-1125.Image.142221.jpg,CAT003,a5e797e4,,,LOC0033,4,1,FALSE,PIEZAS
MTTO-1126,"RESISTENCIA CARTUCHO 360MM X 20 MM, 1.5KW, 440V",RESISTENCIA CALEFACTORA,Items_Images/MTTO-1126.Image.142817.jpg,CAT003,a5e797e4,,,LOC0033,1,1,FALSE,PIEZAS
MTTO-1127,"RESISTENCIA CARTUCHO 600MM X 20MM, 2.4KW, 440V",RESISTENCIA CALEFACTORA,Items_Images/MTTO-1127.Image.142950.jpg,CAT003,a5e797e4,,,LOC0033,1,1,FALSE,PIEZAS
MTTO-1128,"RESISTENCIA CARTUCHO 235MM X 20MM, 1006W, 260V",RESISTENCIA CALEFACTORA,Items_Images/MTTO-1128.Image.150247.jpg,CAT003,a5e797e4,,,LOC0034,4,1,FALSE,PIEZAS
MTTO-1129,"RESISTENCIA CARTUCHO 195MM X 20MM, 1000, 440V",RESISTENCIA CALEFACTORA,Items_Images/MTTO-1129.Image.182437.png,CAT003,a5e797e4,,,LOC0034,4,1,FALSE,PIEZAS
MTTO-1130,"SENSOR DE PROXIMIDAD INDUCTIVO, 24VDC, AUTONICS PRCM12-2DN",SENSOR DE INDUCTIVO,Items_Images/MTTO-1130.Image.193221.png,CAT006,,,,LOC0056,3,1,FALSE,PIEZAS
MTTO-1131,POTENCIOMETRO MULTIVUELTA 10K-5% WXD3-13 L1.08,POTENCIOMETRO ROTATIVO,Items_Images/MTTO-1131.Image.193127.png,CAT006,,,,LOC0056,2,1,FALSE,PIEZAS
MTTO-1132,PERILLAS DE PRECISION H-516-6A,ESTABILIZADOR DE PRESION,Items_Images/MTTO-1132.Image.161743.png,CAT002,,,,LOC0056,2,1,FALSE,PIEZAS
MTTO-1133,LAMPARA FLUORESCENTE FL-8D 6400K 8W,LAMPARA PANEL LED,Items_Images/MTTO-1133.Image.141525.png,CAT006,,,,LOC0102,0,1,FALSE,PIEZAS
MTTO-1134,LAMPARA LED VOLTECK GU10/MR16/4W,LAMPARA LED,Items_Images/MTTO-1134.Image.214611.png,CAT006,,,,LOC0060,4,1,FALSE,PIEZAS
MTTO-1135,LAMPARA LED TECNOLITE GU10/3W/65H,LAMPARA PANEL LED,,CAT006,,,,,0,2,FALSE,PIEZAS
MTTO-1136,"ADAPTADORES DE MANGUERA HIDRAULICA RECTO, JIC ABOCINADO DE 37 NPTF, 2404-08-16",ADAPTADOR HIDRAULICO,Items_Images/MTTO-1136.Image.151155.png,CAT003,344207b0,,,LOC0083,10,1,FALSE,PIEZAS
MTTO-1137,"BASE PARA RELEVADOR IDEC, SY4S-05D, 14PINES",BASE PARA RELEVADOR 14 PINES,Items_Images/MTTO-1137.Image.202736.png,CAT006,1ce673ed,,,LOC0065,2,1,FALSE,PIEZAS
MTTO-1138,"CAPACITOR NGM, 430-516MF, 110VAC",CAPACITOR NGM,Items_Images/MTTO-1138.Image.144433.png,CAT006,,,,LOC0063,3,1,FALSE,PIEZAS
MTTO-1139,"CANDADO PHILLIPS 44.5MM-1 3/4""",CANDADO PHILIPS,Items_Images/MTTO-1139.Image.131946.jpg,CAT002,,,,LOC0010,0,1,FALSE,PIEZAS
MTTO-1140,"PORTACANDADO HERMEX, 2 1/2""",PORTA CANDADO 2 1/2”,Items_Images/MTTO-1140.Image.135309.jpg,CAT002,,,,LOC0010,1,1,FALSE,PIEZAS
MTTO-1141,"LAMPARA PANEL LED, RD SP 6500K-24W",LAMPARA PANEL LED,,CAT006,,,,,0,2,FALSE,PIEZAS
MTTO-1142,"INTERRUPTOR DE BOTON ZB2-BE102C. 240V,3A (NC)",BLOQUE DE CONTACTO,Items_Images/MTTO-1142.Image.184802.png,CAT006,1ce673ed,,,LOC0064,3,1,FALSE,PIEZAS
MTTO-1143,INTERRUPTOR DE BOTON ZB2-BE101C. 240V-3A (NO),BLOQUE DE CONTACTO,Items_Images/MTTO-1143.Image.185223.png,CAT006,1ce673ed,,,LOC0064,1,1,FALSE,PIEZAS
MTTO-1144,DADO TARRAJA REDONDA M10 X 1,TERRAZA REDONDA PARA TORNILLOS M10,Items_Images/MTTO-1144.Image.142242.jpg,CAT001,PROV001,,,LOC0004,0,1,FALSE,PIEZAS
MTTO-1145,"BASE PARA RELEVADOR OMRON, K8DS-PH1",BASE PARA RELEVADOR,Items_Images/MTTO-1145.Image.203314.png,CAT006,1ce673ed,,,LOC0065,1,1,FALSE,PIEZAS
MTTO-1146,"RELEVADOR IDEC, 220VAC, RN4S-NL, 14PINES",RELEVADOR IDEC,Items_Images/MTTO-1146.Image.185438.png,CAT006,1ce673ed,,,LOC0076,0,1,FALSE,PIEZAS
MTTO-1147,"CONECTOR MILITAR PARA SERVOMOTORES 90° MS3106A-20-29S, HEMBRA",SE USA PARA EL ENCODER ROTATIVO DE EMBOBINADORES DE ROLLOS,Items_Images/MTTO-1147.Image.202313.png,CAT003,ab7dd31c,,,LOC0070,6,1,FALSE,PIEZAS
MTTO-1148,BOTON PULSADOR SCHNEIDER XB4BW3365 TELEMEC BOTON ILUM VERDE 1NA-1NC P/BA9S 250V METAL,BOTONERA,Items_Images/MTTO-1148.Image.200440.jpg,CAT006,,,,LOC0058,10,1,FALSE,PIEZAS
MTTO-1149,FILTRO PA2434 BALDWIN,FILTRO PARA VASIJA DE ALIMENTACION,Items_Images/MTTO-1149.Image.190713.jpg,CAT003,,,,15a6e401,10,1,FALSE,PIEZAS
MTTO-1150,"CONTACTOR TRIFASICO ANDELI SIEMENS 220V, 3RT2026-1AN20",CONTACTOR TRIFASICO,Items_Images/MTTO-1150.Image.144233.jpg,CAT006,1ce673ed,,,LOC0076,0,1,FALSE,PIEZAS
MTTO-1151,"CONTACTOR TRIFASICO ANDELI 220V, CJX2-1810",CONTACTOR TRIFASICO,Items_Images/MTTO-1151.Image.145209.jpg,CAT006,1ce673ed,,,LOC0076,0,1,FALSE,PIEZAS
MTTO-1152,"CONTACTO DUPLEX COMPLETOS, 125V-15A",CONTACTO DUPLEX 125V-15A,Items_Images/MTTO-1152.Image.145416.jpg,CAT006,PROV001,,,LOC0071,11,1,FALSE,PIEZAS
MTTO-1153,"APAGADOR SENCILLO, 127/250V",APAGADOR SENCILLO,Items_Images/MTTO-1153.Image.145531.jpg,CAT006,,,,LOC0118,3,1,FALSE,PIEZAS
MTTO-1154,"CLAVIJA BLINDADA DE SEGURIDAD, MEDIA VUELTA 20A-250V",CONEXION MEDIA VUELTA,Items_Images/MTTO-1154.Image.164709.png,CAT003,,,,LOC0071,4,1,FALSE,PIEZAS
MTTO-1155,"HOJA LAINA DE 0.003"" 30CM",HOJA DE LAINA,Items_Images/MTTO-1155.Image.150000.jpg,CAT002,,,,LOC0105,12,1,FALSE,METROS
MTTO-1156,"RECEPTACULO 3 FASES, 1 TIERRA, NEMA L16-20",RECEPTACULO 3 FASES,Items_Images/MTTO-1156.Image.215456.png,CAT006,,,,LOC0052,3,1,FALSE,PIEZAS
MTTO-1157,"RECEPTACULO 3 FASES, 1 TIERRA, NEMA L15-20",RECEPTACULO 3 FASES,Items_Images/MTTO-1157.Image.215305.png,CAT006,,,,LOC0053,1,1,FALSE,PIEZAS
MTTO-1158,"RECEPTACULO 3 FASES, 1 TIERRA, NEMA L7-15R",RECEPTACULO 3 FASES,Items_Images/MTTO-1158.Image.214821.png,CAT006,,,,LOC0053,1,1,FALSE,PIEZAS
MTTO-1159,"CLAVIJA DE 3 PATAS 15A, 127V",CONEXION DE 3 PATAS,Items_Images/MTTO-1159.Image.170132.png,CAT003,,,,LOC0071,5,1,FALSE,PIEZAS
MTTO-1160,"VALVULA SOLENOIDE DE 1 1/2""",VALVULA,Items_Images/MTTO-1160.Image.183522.png,CAT003,,,,LOC0081,1,1,FALSE,PIEZAS
MTTO-1161,"CONTACTOR, TRIFASICO 3RT2036-1AN60 220V.",CONTACTOR TRIFASICO,Items_Images/MTTO-1161.Image.150811.jpg,CAT006,1ce673ed,,,LOC0076,1,1,FALSE,PIEZAS
MTTO-1162,DREN NEUMATICO AUTOMATICO SMC AF40-04-C-A,,,,,,,,0,2,FALSE,PIEZAS
MTTO-1163,DREN NEUMATICO AUTOMATICO SMC AL40-04-A,MODULAR DISEÑADO PARA PROPORCIONAR UNA LUBRICACCION PRECISA,Items_Images/MTTO-1163.Image.155516.png,CAT005,,,,LOC0082,2,1,FALSE,PIEZAS
MTTO-1164,GRASA TOTAL ENERGIES XS 80 CUBETA 16KG,GRASA PARA USO GENERAL GRADO ALIMENTICIO,Items_Images/MTTO-1164.Image.163026.jpg,CAT002,a7cc6f64,$766.47,,26813a72,112,2,FALSE,KILOGRAMOS
MTTO-1165,"LLANTA PARA SILLAS DE ESCRITORIO, CIRCUNFERANCIA 50MM",LLANTAS PARA USO A SILLAS DE ESCRITORIO,Items_Images/MTTO-1165.Image.173642.jpg,CAT003,,,,LOC0002,44,1,FALSE,PIEZAS
MTTO-1166,"SILENCIADORES DE AIRE 1/2"" NPT",SILENCIADOR NEUMATICO DE BRONCE SINTERIZADO,Items_Images/MTTO-1166.Image.210943.png,CAT010,,,,LOC0083,1,1,FALSE,PIEZAS
MTTO-1167,PROBADOR DE DUERZA,,,,,,,,0,2,FALSE,PIEZAS
MTTO-1168,TALADRO INALAMBRICO,TALADRO INALAMBRICO,Items_Images/MTTO-1168.Image.141216.jpg,CAT001,PROV001,,,920237d4,1,1,FALSE,PIEZAS
MTTO-1169,DIAL ASIMETO,ASIMETO,Items_Images/MTTO-1169.Image.142519.jpg,CAT001,PROV001,,,920237d4,1,1,FALSE,PIEZAS
MTTO-1170,"KIT SEPARADOR DE BALEROS, CON DIAMETRO DE 1 1/4"" A 3 1/2""",BALEROS DIFERENTES TAMAÑO,Items_Images/MTTO-1170.Image.164622.png,CAT001,PROV001,,,7066317f,1,1,FALSE,KITS
MTTO-1171,ROTOMARTILLO MILWANKEE,ROTOMARTILLO MILWANKEE,Items_Images/MTTO-1171.Image.141348.jpg,CAT001,PROV001,,,LOC0087,1,1,FALSE,PIEZAS
MTTO-1172,KIT DE TARRAJAS,HERRAMIENTAS DE USO EN GENERAL,Items_Images/MTTO-1172.Image.164131.png,CAT001,,,,3d9eb8e3,0,1,FALSE,KITS
MTTO-1173,"VOLANTE METALICO, PARA SISTEMA DE RODILLOS, M22 X 105MM",VOLANTE MEDIANO PARA POLEA,Items_Images/MTTO-1173.Image.162650.png,CAT003,,,,LOC0086,23,1,FALSE,PIEZAS
MTTO-1174,EXTENCION PARA MOTOTOOL,,Items_Images/MTTO-1174.Image.204510.png,CAT006,,,,LOC0048,0,1,FALSE,PIEZAS
MTTO-1175,GRABADOR ELECTRICO 127V,GRABADOR PARA METAL,Items_Images/MTTO-1175.Image.185709.png,CAT001,,,,3d9eb8e3,0,1,FALSE,PIEZAS
MTTO-1176,ESTANO PARA CAUTIN 60-40,ROLLO PARA SOLDADURA,Items_Images/MTTO-1176.Image.142811.jpg,CAT002,,,,3d9eb8e3,2,1,FALSE,PIEZAS
MTTO-1177,"NIPLE GALVANIZADO DE 1/2"" CUERDA CORRIDA",ACCESORIOS PARA TUBERIAS GALVANIZADOS,Items_Images/MTTO-1177.Image.161249.jpg,CAT003,PROV001,,,e3c7b211,4,2,FALSE,PIEZAS
MTTO-1178,"SIERRA DE PUNTA 3/4""",SIERRA DE PUNTA,Items_Images/MTTO-1178.Image.145006.png,CAT001,PROV001,,,3d9eb8e3,3,1,FALSE,PIEZAS
MTTO-1179,"SIERRA DE PUNTA 3""",SIERRA DE PUNTA,Items_Images/MTTO-1179.Image.145146.png,CAT001,PROV001,,,3d9eb8e3,1,1,FALSE,PIEZAS
MTTO-1180,"SIERRA DE PUNTA 2 1/2""",SIERRA DE PUNTA,Items_Images/MTTO-1180.Image.145351.png,CAT001,PROV001,,,3d9eb8e3,2,1,FALSE,PIEZAS
MTTO-1181,"SIERRA DE PUNTA 1 1/4""",SIERRA DE PUNTA,Items_Images/MTTO-1181.Image.145931.png,CAT001,PROV001,,,3d9eb8e3,2,1,FALSE,PIEZAS
MTTO-1182,"SIERRA DE PUNTA 1""",SIERRA DE PUNTA,Items_Images/MTTO-1182.Image.145802.png,CAT001,PROV001,,,3d9eb8e3,3,1,FALSE,PIEZAS
MTTO-1183,SACABROCAS INTERCAMBIABLE,USO GENERAL,Items_Images/MTTO-1183.Image.141336.png,CAT001,PROV001,,,7066317f,0,1,FALSE,PIEZAS
MTTO-1184,DIAL INZISE INDO16,MEDICION DE DESPLAZAMIENTOS,Items_Images/MTTO-1184.Image.203454.png,84388e9b,,,,3d9eb8e3,2,1,FALSE,PIEZAS
MTTO-1185,"MEDIDOR DE ROSCA IMPERIO METRICO, CALIBRE DE TORNILLO IMPERIAL",MEDIDOR DE ROSCA,Items_Images/MTTO-1185.Image.200743.png,CAT001,PROV001,,,3d9eb8e3,2,1,FALSE,PIEZAS
MTTO-1186,TALADRO PERCUTOR MILWAUKEE,,,,,,,,0,1,FALSE,PIEZAS
MTTO-1187,ESMILADORA MILWAUKEE,ESMERILADORA,Items_Images/MTTO-1187.Image.140532.jpg,CAT001,PROV001,,,LOC0087,1,1,FALSE,PIEZAS
MTTO-1188,SIERRA CALADORA PENDULAR SK904,SIERRA CALADORA PENDULAR SK904,Items_Images/MTTO-1188.Image.142016.jpg,CAT001,PROV001,,,LOC0087,1,1,FALSE,PIEZAS
MTTO-1189,MOTOTOOL NEUMATICO,,,,,,,,0,1,FALSE,PIEZAS
MTTO-1190,"TUERCA HEXAGONAL, M10, INOXIDABLE",TUERCA HEXAGONAL,Items_Images/MTTO-1190.Image.193338.png,CAT010,fc5645e9,,,LOC0094,6,1,FALSE,PIEZAS
MTTO-1191,"TORNILLO ALLEN CABEZA PLANA, M6 X 6MM, PASO 1, PAVONADO",TORNILLERIA USO GENERAL,,CAT010,fc5645e9,,,,0,1,FALSE,PIEZAS
MTTO-1192,"TORNILLO ALLEN CILINDRICO M4 X 16MM, PASO 0.7, PAVONADO",TORNILLERIA USO GENERAL,Items_Images/MTTO-1192.Image.214650.png,CAT010,fc5645e9,,,LOC0046,44,1,FALSE,PIEZAS
MTTO-1193,"TORNILLO ALLEN CABEZA PLANA, M4 X 30MM, PAVONADO",TORNILLERIA USO GENERAL,Items_Images/MTTO-1193.Image.174649.png,CAT010,fc5645e9,,,LOC0094,24,5,FALSE,PIEZAS
MTTO-1194,"TORNILLO ALLEN CILINDRICO M6 X 15MM, PASO 1.0, PAVONADO",TORNILLERIA USO GENERAL,Items_Images/MTTO-1194.Image.154911.png,CAT010,fc5645e9,,,LOC0094,34,1,FALSE,PIEZAS
MTTO-1195,"TORNILLO ALLEN CILINDRICO M6 X 12MM, PASO 1.0, PAVONADO",TORNILLERIA USO GENERAL,Items_Images/MTTO-1195.Image.195512.png,CAT010,fc5645e9,,,LOC0094,12,1,FALSE,PIEZAS
MTTO-1196,"SEGUROS OMEGA EXTERNO, 5/8""",SEGURO OMEGA,Items_Images/MTTO-1196.Image.194746.png,CAT003,,,,LOC0051,45,1,FALSE,PIEZAS
MTTO-1197,"SEGUROS OMEGA EXTERNO, 1/2""",SEGURO OMEGA,Items_Images/MTTO-1197.Image.194511.png,CAT003,,,,LOC0051,21,1,FALSE,PIEZAS
MTTO-1198,FUNDA ORGANIZADORA EN ESPIRAL,PROTEJE Y OCULTA CABLES,Items_Images/MTTO-1198.Image.213412.png,CAT006,,,,LOC0069,3,1,FALSE,METROS
MTTO-1199,"AISLANTE TERMICO PARA TUBO DE 3/4""",AISLANTE 3/4,Items_Images/MTTO-1199.Image.154548.png,CAT003,,,,LOC0098,5,1,FALSE,PIEZAS
MTTO-1200,AFLOJATODO WD-40 13.5 OZ,PRODUCTO MULTIUSOS,Items_Images/MTTO-1200.Image.151326.jpg,CAT002,PROV001,,,LOC0117,0,1,TRUE,PIEZAS
MTTO-1201,"CHUMACERA DE PARED DE FYTB 507 M, YAR 207-104-2F, 2 BARRENOS",CHUMACERA,Items_Images/MTTO-1201.Image.000212.jpg,CAT003,e0a455a9,,,LOC0029,1,1,FALSE,PIEZAS
MTTO-1202,"CONTACTOR TRIFASICO SCHNEIDER 220V, LC1N0910",CONTACTOR TRIFASICO,Items_Images/MTTO-1202.Image.163628.jpg,CAT006,1ce673ed,,,LOC0076,1,1,FALSE,PIEZAS
MTTO-1203,EMPAQUE PARA MARCO 25MM,EMPAQUE PARA MARCO,Items_Images/MTTO-1203.Image.154229.jpg,CAT008,,,,LOC0003,5,1,FALSE,METROS
MTTO-1204,"MINI RODILLO DE NYLON 4""",RODILLO PARA PINTAR,Items_Images/MTTO-1204.Image.215352.png,CAT001,,,,26813a72,4,1,FALSE,PIEZAS
MTTO-1205,CONTRAPESO PLOM-4L,HERRAMIENTA USO GENERAL,Items_Images/MTTO-1205.Image.152643.jpg,CAT001,PROV001,,,LOC0003,1,1,FALSE,PIEZAS
MTTO-1206,"VALVULA DE PRESION J13W-160P, M16X1.5 304SS",VALVULA DE PRESION,Items_Images/MTTO-1206.Image.134455.png,CAT007,,,,LOC0052,12,1,FALSE,PIEZAS
MTTO-1207,"VALVULA DE BOLA 3/4""",VALVULA DE ESFERA 3/4,Items_Images/MTTO-1207.Image.135824.jpg,CAT007,,,,LOC0010,1,1,FALSE,PIEZAS
MTTO-1208,"NIPLE GALVANIZADO DE 3/4"" CUERDA CORRIDA",NIPLE CORRIDO USO GGENERAL,Items_Images/MTTO-1208.Image.135513.jpg,CAT003,PROV001,,,e3c7b211,5,1,FALSE,PIEZAS
MTTO-1209,"CONECTORES PARA MANGUERA DE 1/2""",CONECTORES PARA MANGUERA DE 1/2,Items_Images/MTTO-1209.Image.140130.jpg,CAT007,,,,LOC0010,4,1,FALSE,PIEZAS
MTTO-1210,MICAS PARA CARETA DE SOLDAR,MICAS PARA CARETA DE SOLDAR,Items_Images/MTTO-1210.Image.163158.jpg,CAT002,,,,LOC0004,0,1,FALSE,PIEZAS
MTTO-1211,COJINETE ACOPLE TRANSMISION-MOTOR,COJINETES PARA EL ACOPLE DE TRANSMISION AL MOTOR PRINCIPAL,Items_Images/MTTO-1211.Image.171241.jpg,CAT003,83a52293,"$1,131.00",,LOC0021,9,1,FALSE,PIEZAS
MTTO-1212,BOBINA PARA SOLENOIDE U7J-122-800,BOBINA 22V,Items_Images/MTTO-1212.Image.161142.png,CAT003,,,,LOC0081,9,1,FALSE,PIEZAS
MTTO-1213,PLACAS PARA BORNERAS DE MOTORES,PLACAS DE MOTORES,Items_Images/MTTO-1213.Image.134250.png,CAT002,,,,LOC0094,94,1,FALSE,PIEZAS
MTTO-1214,"MANGUERA PARA ASPIRADORA VT1720 48MM X 2,1M",REPUESTO DE ASPIRADORA,Items_Images/MTTO-1214.Image.150059.png,CAT003,,,,7066317f,0,1,FALSE,PIEZAS
MTTO-1215,FILTRO PARA ASPIRADORA VF6000,,,,,,,,0,1,FALSE,PIEZAS
MTTO-1216,"RONDANA PLANA, M27 X MM62 GALVANIZADA",RONDANA USO GENERAL,Items_Images/MTTO-1216.Image.155725.png,CAT010,fc5645e9,,,LOC0062,1,2,FALSE,PIEZAS
MTTO-1217,"TORNILLO ALLEN CABEZA PLANA. M6 X 25MM, PASO 1.0, PAVONADO",TORNILLERIA USO GENERAL,Items_Images/MTTO-1217.Image.211301.png,CAT010,fc5645e9,,,LOC0094,5,1,FALSE,PIEZAS
MTTO-1218,"TUERCA HEXAGONAL, M4, INOXIDABLE",TUERCA HEXAGONAL,Items_Images/MTTO-1218.Image.192913.png,CAT010,fc5645e9,,,LOC0094,64,1,FALSE,PIEZAS
MTTO-1219,"CONECTOR RAPIDO NEUMATICO RECTO MACHO 1/8"" NPT A MANGUERA 6MM",CONECTOR RAPIDO NEUMATICO,Items_Images/MTTO-1219.Image.220152.png,CAT004,2c6c8db2,,,LOC0083,6,1,FALSE,PIEZAS
MTTO-1220,"RONDANA PLANA, M5 X 13MM GALVANIZADA",RONDANA USO GENARAL,Items_Images/MTTO-1220.Image.142403.png,CAT010,fc5645e9,,,LOC0062,10,2,FALSE,PIEZAS
MTTO-1221,"TUERCA HEXAGONAL, M12",TUERCA EXAGONAL,Items_Images/MTTO-1221.Image.192411.png,CAT010,fc5645e9,,,LOC0047,32,1,FALSE,PIEZAS
MTTO-1222,"TORNILLO ALLEN CILINDRICO M6 X 45MM, PASO 1.0, PAVONADO",TORNILLERIA USO GENERAL,Items_Images/MTTO-1222.Image.185902.png,CAT010,fc5645e9,,,LOC0046,9,1,FALSE,PIEZAS
MTTO-1223,"MANGUERA TRAMADA DE METAL, 1/2"" X 80CM",SE USAN EN LAS ZONAS DE LOS CAÑONES.,Items_Images/MTTO-1223.Image.213150.png,CAT003,,,,LOC0080,13,1,FALSE,PIEZAS
MTTO-1224,"RONDANA DE PRESION, 12MM GALVANIZADA",RONDANA USO GENARAL,Items_Images/MTTO-1224.Image.213901.png,CAT010,fc5645e9,,,LOC0062,253,1,FALSE,PIEZAS
MTTO-1225,"COPLE ESTRELLA, L090",COMPONENTE MECÁNICO UTILIZADO PARA CONECTAR DOS EJES,Items_Images/MTTO-1225.Image.200011.png,,,,,LOC0074,2,1,FALSE,PIEZAS
MTTO-1226,TERMORETRACTIL BLACK DE 2.0MM,AISLANTE PARA CABLES,Items_Images/MTTO-1226.Image.171400.png,CAT002,,,,LOC0100,2,1,FALSE,PIEZAS
MTTO-1227,TERMORETRACTIL BLACK DE 4.0MM,AISLANTE PARA CABLES,Items_Images/MTTO-1227.Image.171349.png,CAT002,,,,LOC0100,2,1,FALSE,PIEZAS
MTTO-1228,TERMORETRACTIL BLACK DE 10MM,AISLANTE PARA CABLES,Items_Images/MTTO-1228.Image.171317.png,CAT002,,,,LOC0100,6,1,FALSE,PIEZAS
MTTO-1229,TERMORETRACTIL BLACK DE 5.0MM,AISLANTE PARA CABLES,Items_Images/MTTO-1229.Image.171329.png,CAT002,,,,LOC0100,4,1,FALSE,PIEZAS
MTTO-1230,TERMORETRACTIL YELLOW DE 6.0MM,AISLANTE PARA CABLES,Items_Images/MTTO-1230.Image.170854.png,CAT002,,,,LOC0100,15,1,FALSE,PIEZAS
MTTO-1231,TERMORECTRATIL GREEN DE 10MM,AISLANTE PARA CABLES,Items_Images/MTTO-1231.Image.172006.png,CAT002,,,,LOC0100,0,1,FALSE,PIEZAS
MTTO-1232,TERMORETRACTIL BLUE DE 10MM,AISLANTE PARA CABLES,Items_Images/MTTO-1232.Image.171203.png,CAT002,,,,LOC0100,10,1,FALSE,PIEZAS
MTTO-1233,TERMORETRACTIL RED DE 8.0MM,AISLANTE PARA CABLES,Items_Images/MTTO-1233.Image.171031.png,CAT002,,,,LOC0100,2,1,FALSE,PIEZAS
MTTO-1234,TERMORETRACTIL YELLOW DE 1.5MM,AISLANTE PARA CABLES,Items_Images/MTTO-1234.Image.170952.png,CAT002,,,,LOC0100,3,1,FALSE,PIEZAS
MTTO-1235,TERMORETRACTIL GREEN DE 3.0MM,AISLANTE PARA CABLES,Items_Images/MTTO-1235.Image.171119.png,CAT002,,,,LOC0100,3,1,FALSE,PIEZAS
MTTO-1236,TERMORETRACTIL BLUE DE 2.0MM,AISLANTE PARA CABLES,Items_Images/MTTO-1236.Image.171242.png,CAT002,,,,LOC0100,4,1,FALSE,PIEZAS
MTTO-1237,TERMORETRACTIL RED DE 4.0MM,AISLANTE PARA CABLES,Items_Images/MTTO-1237.Image.171046.png,CAT002,,,,LOC0100,3,1,FALSE,PIEZAS
MTTO-1238,PINZAS CRIMPADO TERMINAL TIPO TUBO,PINZAS PARA PONCHAR TEMINALES TIPO TUBO,Items_Images/MTTO-1238.Image.153646.png,CAT001,PROV001,,,7066317f,1,1,FALSE,PIEZAS
MTTO-1239,"INTERRUPTOR TERMOMAGNETICO RIEL DIN 125AM 3 FASES, DZ158-125H",INTERRUPTOR TERMOMAGNETICO,Items_Images/MTTO-1239.Image.144321.png,CAT003,1ce673ed,,,LOC0064,0,1,FALSE,PIEZAS
MTTO-1240,"TORRETA ROTATIVA CON SUMBADOR, S80U-BZ 120V ROJA",FINES ILUSTRATIVOS,Items_Images/MTTO-1240.Image.213922.png,CAT006,,,,LOC0070,8,1,FALSE,PIEZAS
MTTO-1241,"PASTECA CON GRILLETE DE 3"" CAPACIDAD 2TON CON SEGURO 3/8""",PASTECA CON GRILLETE PARA CARGA PESADA,Items_Images/MTTO-1241.Image.163749.jpg,CAT001,3591db66,"$3,963.36",,LOC0004,3,1,FALSE,PIEZAS
MTTO-1242,DESENGRASANTE MULTIPOINT PLUS 20LTS,USO GENERAL PARA LIMPIEZA,Items_Images/MTTO-1242.Image.152315.png,CAT002,,,,26813a72,0,1,TRUE,PIEZAS
MTTO-1243,ACEITE LUBRICANTE CARTER EP 200 19LT,ACEITE USO GENERAL,Items_Images/MTTO-1243.Image.161958.png,CAT002,a7cc6f64,,,26813a72,370,1,FALSE,LITROS
MTTO-1244,TERMINAL DE TUBO E0508 1.20MM,TERMINAL DE TUBO,Items_Images/MTTO-1244.Image.155323.png,CAT002,a5e797e4,,,LOC0094,30,2,FALSE,PIEZAS
MTTO-1245,TERMINAL DE TUBO E7508 1.40MM,TERMINAL DE TUBO,Items_Images/MTTO-1245.Image.155432.png,CAT002,a5e797e4,,,LOC0094,30,1,FALSE,PIEZAS
MTTO-1246,TERMINAL DE TUBO E1008 1.70MM,TERMINAL DE TUBO,Items_Images/MTTO-1246.Image.155540.png,CAT002,a5e797e4,,,LOC0094,30,1,FALSE,PIEZAS
MTTO-1247,TERMINAL DE TUBO E1508 1.90MM,TERMINAL DE TUBO,Items_Images/MTTO-1247.Image.155649.png,CAT002,a5e797e4,,,LOC0094,60,1,FALSE,PIEZAS
MTTO-1248,TERMINAL DE TUBO E2508 (14AWG),TERMINAL DE TUBO,Items_Images/MTTO-1248.Image.155914.png,CAT002,a5e797e4,,,LOC0094,300,1,FALSE,PIEZAS
MTTO-1249,TERMINAL DE TUBO E4009 (12AWG),TERMINAL DE TUBO,Items_Images/MTTO-1249.Image.160231.png,CAT002,a5e797e4,,,LOC0094,300,1,FALSE,PIEZAS
MTTO-1250,TERMINAL DE TUBO E6012 3.80MM,TERMINAL 3.80MM,Items_Images/MTTO-1250.Image.133547.png,CAT002,a5e797e4,,,LOC0094,30,1,FALSE,PIEZAS
MTTO-1251,TERMINAL DE TUBO E10-12 4.80MM,TERMINAL 4.80MM,Items_Images/MTTO-1251.Image.133706.png,CAT002,a5e797e4,,,LOC0094,80,1,FALSE,PIEZAS
MTTO-1252,"SENSOR DE PROXIMIDAD CAPACITIVO PEPPERL+FUCHS, CBN15-30GK60-E2",SENSOR CAPACITIVO PARA TOLVAS DE ALIMENTACION,Items_Images/MTTO-1252.Image.151714.jpg,CAT006,,,,LOC0056,3,2,FALSE,PIEZAS
MTTO-1253,"RONDANA PLANA, M5 X 9MM GALVANIZADA",RONDANA USO GENARAL,Items_Images/MTTO-1253.Image.142027.png,CAT010,fc5645e9,,,LOC0062,31,2,FALSE,PIEZAS
MTTO-1254,"RONDANA PLANA, M11 X 18MM GALVANIZADA",RONDANA USO GENARAL,Items_Images/MTTO-1254.Image.142436.png,CAT010,fc5645e9,,,LOC0062,13,2,FALSE,PIEZAS
MTTO-1255,"RONDANA PLANA, M16 X 30MM GALVANIZADA",RONDANA USO GENARAL,Items_Images/MTTO-1255.Image.142722.png,CAT010,fc5645e9,,,LOC0062,4,2,FALSE,PIEZAS
MTTO-1256,"RONDANA PLANA, M23 X 40MM GALVANIZADA",RONDANA USO GENARAL,Items_Images/MTTO-1256.Image.142859.png,CAT010,fc5645e9,,,LOC0062,56,2,FALSE,PIEZAS
MTTO-1257,"RONDANA PLANA, M21 X 37MM GALVANIZADA",RONDANA USO GENARAL,Items_Images/MTTO-1257.Image.142805.png,CAT010,fc5645e9,,,LOC0062,37,2,FALSE,PIEZAS
MTTO-1258,"RONDANA PLANA, M13 X 22MM GALVANIZADA",RONDANA USO GENARAL,Items_Images/MTTO-1258.Image.142551.png,CAT010,fc5645e9,,,LOC0062,0,2,FALSE,PIEZAS
MTTO-1259,"TORNILLO ALLEN CILINDRICO M16 X 60MM, PASO 2.0, PAVONADO",TORNILLERIA USO GENERAL,Items_Images/MTTO-1259.Image.214116.png,CAT010,fc5645e9,,,LOC0049,14,1,FALSE,PIEZAS
MTTO-1260,"TORNILLO ALLEN CILINDRICO M16 X 55MM, PASO 2.0, PAVONADO",TORNILLERIA USO GENERAL,Items_Images/MTTO-1260.Image.214010.png,CAT010,fc5645e9,,,LOC0049,29,1,FALSE,PIEZAS
MTTO-1261,"MANGUERA TRUPPER PRO, 1""",,,,,,,,0,2,FALSE,PIEZAS
MTTO-1262,"TORNILLO ALLEN CILINDRICO M16 X 40MM, PASO 2.0, PAVONADO",TORNILLERIA USO GENERAL,Items_Images/MTTO-1262.Image.212301.png,CAT010,fc5645e9,,,LOC0044,95,1,FALSE,PIEZAS
MTTO-1263,"TORNILLO ALLEN CILINDRICO M16 X 35MM, PASO 2.0, PAVONADO",TORNILLERIA USO GENERAL,Items_Images/MTTO-1263.Image.212854.png,CAT010,fc5645e9,,,LOC0044,28,1,FALSE,PIEZAS
MTTO-1264,"TORNILLO ALLEN CILINDRICO M16 X 50MM, PASO 2.0, PAVONADO",TORNILLERIA USO GENERAL,Items_Images/MTTO-1264.Image.212454.png,CAT010,fc5645e9,,,LOC0049,21,1,FALSE,PIEZAS
MTTO-1265,"TERMORETRACTIL 1""",,,,,,,,0,1,FALSE,PIEZAS
MTTO-1266,"TERMINAL DE OJILLO PARA CABLE 3/16"" CAL 12-10",TERMINAL DE OJILLO,Items_Images/MTTO-1266.Image.213731.png,CAT002,bc0b8156,,,LOC0094,0,1,FALSE,PIEZAS
MTTO-1267,PINZAS PELA CABLES AUTOMATICA,PINZAS DE CORTE,Items_Images/MTTO-1267.Image.234155.png,CAT001,PROV001,,,b563a079,1,1,FALSE,PIEZAS
MTTO-1268,CINCHOS PLASTICOS 30CM LARGO (BOLSA 100PZS),USO GENERAL,Items_Images/MTTO-1268.Image.192133.png,CAT002,955f69ca,,,218b4280,400,1,FALSE,PIEZAS
MTTO-1269,"CODO GALVANIZADO 90° 1""",CODO GALVANIZADO,Items_Images/MTTO-1269.Image.205216.png,CAT007,PROV001,,,e3c7b211,0,1,FALSE,PIEZAS
MTTO-1270,CONECTORES RJ45 CAT 6.,CONECTRORES PARA PONCHAR CABLE ETHERNET,Items_Images/MTTO-1270.Image.153038.png,CAT002,955f69ca,$2.00,,LOC0094,51,1,FALSE,PIEZAS
MTTO-1271,PINZAS PONCHADORA RJ45,PINZAS USO GENERAL,Items_Images/MTTO-1271.Image.010909.jpg,CAT001,PROV001,,,b563a079,1,2,FALSE,PIEZAS
MTTO-1272,"TUERCA UNION GALVANIZADA DE 2""",USO GENERAL EN DUCTOS Y TUBERIAS,Items_Images/MTTO-1272.Image.205730.jpg,CAT003,PROV001,,,e3c7b211,20,1,FALSE,PIEZAS
MTTO-1273,"NIPLE GALVANIZADO DE 2"" CUERDA CORRIDA",USO PARA DUCTOS Y TUBERIAS,Items_Images/MTTO-1273.Image.205519.jpg,CAT003,PROV001,,,e3c7b211,24,1,FALSE,PIEZAS
MTTO-1274,JUEGO DE DESARMADORES DE GOLPE,HERRAMIENTAS DESARMADOR,Items_Images/MTTO-1274.Image.142954.png,CAT001,,,,7066317f,0,1,FALSE,KITS
MTTO-1275,"DADO AJUSTABLE PARA TARRAJA 2""",PAR DE DADOS AJUSTABLE PARA TARRAJA,Items_Images/MTTO-1275.Image.161541.jpg,CAT002,,,,LOC0004,1,1,FALSE,PIEZAS
MTTO-1276,RETEN 3860-8 VITON,RETEN DE VITON,Items_Images/MTTO-1276.Image.211817.jpg,CAT008,32918d31,,,LOC0015,9,1,FALSE,PIEZAS
MTTO-1277,GRASERA 45° DE 1/16,USO GENERAL CHUMACERAS Y RODAMIENTOS,Items_Images/MTTO-1277.Image.191418.png,CAT003,fc5645e9,,,LOC0094,5,1,FALSE,PIEZAS
MTTO-1278,CINTA DOBLE CARA 3M,CINTA DOBLE CARA 3M,Items_Images/MTTO-1278.Image.202653.jpg,CAT002,PROV001,,,LOC0093,0,1,FALSE,PIEZAS
MTTO-1279,"LLAVE DE CHORRO DE 3/4""",REFACCION PARA FONTANERIA,Items_Images/MTTO-1279.Image.170356.png,CAT003,PROV001,,,LOC0010,3,1,FALSE,PIEZAS
MTTO-1280,VARIADOR DE FRECUENCIA DELTA MS300 3HP 460V 2.2KVA,,,,,,,,0,1,FALSE,PIEZAS
MTTO-1281,NIVEL LASER 360° PRETUL,HERRAMIENTA PARA NIVELACION LASER,Items_Images/MTTO-1281.Image.210809.png,CAT001,PROV001,,,3d9eb8e3,1,1,FALSE,PIEZAS
MTTO-1282,TUERCA PARA INYECTOR DE GRASERA RECTA  3MM 1/8,USO GENERAL CHUMACERAS Y RODAMIENTOS,Items_Images/MTTO-1282.Image.191747.png,CAT003,fc5645e9,,,LOC0094,3,1,FALSE,PIEZAS
MTTO-1283,LLAVE DE PRESION,USO GENERAL,Items_Images/MTTO-1283.Image.215418.png,CAT001,PROV001,,,84e30ac4,1,1,FALSE,PIEZAS
MTTO-1284,"VARILLA CUADRADA 3/8""",,,,,,,,0,1,FALSE,PIEZAS
MTTO-1285,"SEGUROS OMEGA EXTERNO, 7/16""",SEGURO OMEGA,Items_Images/MTTO-1285.Image.193859.png,CAT003,,,,LOC0051,65,1,FALSE,PIEZAS
MTTO-1286,SELLO DE PISTON HIDRÁULICO PS- 125 X 109.5 X 5.9 H754- PUR,SE USAN EN LOS PISTONES DE LA CALANDRA,Items_Images/MTTO-1286.Image.160529.png,CAT008,d8419d6c,,,LOC0042,5,1,FALSE,KITS
MTTO-1287,"LIMIT SWITCH ME-8112, 5A 205V, NC-NO",INTERRUPTOR FINAL,Items_Images/MTTO-1287.Image.204556.png,CAT006,1ce673ed,,,LOC0065,2,1,FALSE,PIEZAS
MTTO-1288,VARIADOR DE VELOCIDAD ABB ACS480-04-033A-4,,,,,,,,0,1,FALSE,PIEZAS
MTTO-1289,"TAQUETE TIPO MARIPOSA 1/8"" X 2""",USO GENERAL,Items_Images/MTTO-1289.Image.201859.png,CAT002,PROV001,,,LOC0100,15,1,FALSE,PIEZAS
MTTO-1290,"TUBO PVC CEDULA 80 DE 1"" X 6MTS",,,CAT005,PROV001,,,,0,1,FALSE,PIEZAS
MTTO-1291,"COPLE CPVC DE 1""X 3/4""",COPLE CPVC,Items_Images/MTTO-1291.Image.140309.jpg,CAT007,PROV001,,,e3c7b211,6,1,FALSE,PIEZAS
MTTO-1292,"ELECTRODO 6013 3/32""",SOLDADURA 6013,Items_Images/MTTO-1292.Image.214516.jpg,CAT002,PROV001,,,b99687bf,1,1,FALSE,PIEZAS
MTTO-1293,"PINZAS PARA SEGUROS OMEGA 6"" CON 4 CABEZAS INTERCAMBIABLES TRUPER",PINZAS PARA SEGUROS OMEGA,Items_Images/MTTO-1293.Image.161157.png,CAT001,PROV001,,,b563a079,1,1,FALSE,KITS
MTTO-1294,SILICON TRANSPARENTE,SILICON TRANSPARENTE,Items_Images/MTTO-1294.Image.141805.jpg,CAT002,PROV001,,,3d9eb8e3,0,1,FALSE,PIEZAS
MTTO-1295,"PIJAS CABEZA COMBINADA #10 1-1/4""",USO GENERAL,Items_Images/MTTO-1295.Image.195335.jpg,CAT010,fc5645e9,,,LOC0046,260,10,FALSE,PIEZAS
MTTO-1296,"TUERCA HEXAGONAL, M5, INOXIDABLE",TUERCA HEXAGONAL,Items_Images/MTTO-1296.Image.141802.png,CAT010,fc5645e9,,,LOC0094,24,1,FALSE,PIEZAS
MTTO-1297,"TUERCA HEXAGONAL, M6, INOXIDABLE",TUERCA INOXIDABLE,Items_Images/MTTO-1297.Image.142218.png,CAT010,fc5645e9,,,LOC0094,160,1,FALSE,PIEZAS
MTTO-1298,"TORNILLO ALLEN CILINDRICO M8 X 110MM, PASO 1.25, PAVONADO",TORNILLERIA USO GENERAL,Items_Images/MTTO-1298.Image.151139.png,CAT010,fc5645e9,,,LOC0046,44,1,FALSE,PIEZAS
MTTO-1299,MANGUERA PARA HIDROLAVADORA,MANGUERA,Items_Images/MTTO-1299.Image.161920.png,CAT005,,,,LOC0093,0,1,FALSE,PIEZAS
MTTO-1300,TAPADERAS PARA BIDONES,,,,,,,,0,1,FALSE,PIEZAS
MTTO-1301,"VOLANTE METALICO, PARA SISTEMA DE RODILLOS, M20 X 88MM",VOLANTE CHICO PARA POLEA,Items_Images/MTTO-1301.Image.162913.png,CAT003,,,,LOC0086,1,1,FALSE,PIEZAS
MTTO-1302,RELLENO DE POLIPROPILENO,,,,,,,,0,1,FALSE,PIEZAS
MTTO-1303,"ACEITE NEVASTANE, XSH 100 LUBRICANTE",ACEITE GRADO ALIMENTICIO PARA BOMBAS DE VACIO DE PALETAS ROTATIVAS,Items_Images/MTTO-1303.Image.152806.png,CAT002,a7cc6f64,$686.54,,26813a72,59,1,FALSE,LITROS
MTTO-1304,VACIO 07,,,,,,,,0,0,FALSE,PIEZAS
MTTO-1305,"RONDANA PLANA, M20 X 36MM GALVANIZADA",RONDANA USO GENARAL,Items_Images/MTTO-1305.Image.201852.png,CAT010,fc5645e9,,,LOC0062,47,2,FALSE,PIEZAS
MTTO-1306,GUIA DE ACERO PARA CABLE 30MTS,GUIA DE CABLE,Items_Images/MTTO-1306.Image.141822.png,CAT001,,,,b563a079,1,1,FALSE,PIEZAS
MTTO-1307,PISTOLA PARA SOPLETEAR DE 1/4,PISTOLA,Items_Images/MTTO-1307.Image.204609.png,CAT003,PROV001,,,LOC0032,4,1,FALSE,PIEZAS
MTTO-1308,"PTR CUADRADO DE 1"" CAL.14 X 6MTS",USO GENERAL DE HERRERIA,Items_Images/MTTO-1308.Image.163859.png,e4249c50,3900dab9,,,7066317f,2,1,FALSE,PIEZAS
MTTO-1309,"VALVULA DE BOLA CPVC 1/2""",VALVULA DE BOLA CPVC,Items_Images/MTTO-1309.Image.140441.jpg,CAT007,PROV001,,,e3c7b211,2,1,FALSE,PIEZAS
MTTO-1310,"CERRADURA DE POMO, TIPO ESFERA",CERRADURA DE POMO,Items_Images/MTTO-1310.Image.141209.jpg,CAT002,,,,LOC0010,1,1,FALSE,PIEZAS
MTTO-1311,BISAGRA DE EMBUTIDO PARA PUERTAS DE ALUMINIO,BISAGRA PARA EMBUTIDO,Items_Images/MTTO-1311.Image.165022.png,CAT003,PROV001,,,LOC0010,0,1,FALSE,PIEZAS
MTTO-1312,"CONECTOR RAPIDO NEUMATICO RECTO MACHO 1/4"" NPT A MANGUERA 12MM",CONECTOR RAPIDO NEUMATICO,Items_Images/MTTO-1312.Image.190443.png,CAT004,2c6c8db2,,,LOC0083,10,1,FALSE,PIEZAS
MTTO-1313,EMBUDO DE POLIETILENO PARA TAMBO,EMBUDO,Items_Images/MTTO-1313.Image.151444.jpg,CAT001,PROV001,,,26813a72,1,1,FALSE,PIEZAS
MTTO-1314,"PLACA DE 1 VENTANA, E913BN1",,,,,,,,0,2,FALSE,PIEZAS
MTTO-1315,INSERTOS HELICORDALES 10MM,INSERTOS HELICORDALES,Items_Images/MTTO-1315.Image.143857.png,CAT010,,,,LOC0094,50,1,FALSE,PIEZAS
MTTO-1316,INSERTOS HELICORDALES 8MM,INSERTOS HELICORDALES,Items_Images/MTTO-1316.Image.144030.png,CAT010,,,,LOC0094,50,1,FALSE,PIEZAS
MTTO-1317,INSERTOS HELICORDALES 6MM,INSERTOS HELICORDALES,Items_Images/MTTO-1317.Image.144143.png,CAT010,,,,LOC0094,40,1,FALSE,PIEZAS
MTTO-1318,"TORNILLO ALLEN CILINDRICO M12 X 20MM, PASO 1.75",TORNILLERIA USO GENERAL,Items_Images/MTTO-1318.Image.143329.png,CAT010,fc5645e9,,,LOC0045,12,1,FALSE,PIEZAS
MTTO-1319,"DADO CON PUNTA ALLEN 8MM, DE 1/2""",DADO ALLEN USO GENERAL,Items_Images/MTTO-1319.Image.211027.png,CAT001,PROV001,,,84e30ac4,1,1,FALSE,PIEZAS
MTTO-1320,"CONEXION PVC BLANCO TIPO CODO 90° 3""",CONEXION CODO BLANCO PVC,Items_Images/MTTO-1320.Image.165215.png,CAT007,PROV001,,,e3c7b211,5,1,FALSE,PIEZAS
MTTO-1321,CORDON DE SEGURIDAD P/HERRAMIENTAS,CORDON PARA HERRAMIENTAS,Items_Images/MTTO-1321.Image.205135.png,CAT001,PROV001,,,LOC0116,5,1,FALSE,PIEZAS
MTTO-1322,"CARDA DE COPA, DE 2 3/4""",CARDA 2,Items_Images/MTTO-1322.Image.161535.png,CAT002,PROV001,,,b563a079,0,1,FALSE,PIEZAS
MTTO-1323,"CARDA CICULAR PARA TALADRO, DE 1/4""",CARDA PARA TALADRO,Items_Images/MTTO-1323.Image.161433.png,CAT002,PROV001,,,b563a079,0,1,FALSE,PIEZAS
MTTO-1324,LLAVE STILLSON 300MM NIVEL,USO GENERAL,Items_Images/MTTO-1324.Image.214639.png,CAT001,PROV001,,,84e30ac4,1,1,FALSE,PIEZAS
MTTO-1325,VACIO 04,,,,,,,,0,0,FALSE,PIEZAS
MTTO-1326,"MARRO OCTAGONAL, 14LBS",MARRO USO GENERAL,Items_Images/MTTO-1326.Image.205619.png,CAT001,,,,84e30ac4,0,1,FALSE,PIEZAS
MTTO-1327,"ARCO PARA SEGUETA AJUSTABLE, 8"" 10"" Y 12""",ARCO PARA SEGUETA AJUSTABLE,Items_Images/MTTO-1327.Image.183905.png,CAT001,PROV001,,,7066317f,1,1,FALSE,PIEZAS
MTTO-1328,"COPLE GALVANIZADO 3/4""",USO PARA DUCTOS Y TUBERIAS,Items_Images/MTTO-1328.Image.194350.jpg,CAT002,,,,e3c7b211,8,1,FALSE,PIEZAS
MTTO-1329,"REDUCCION CAMPANA 3/4"" A 1/2"" GALV.",REDUCCION CAMPANA,Items_Images/MTTO-1329.Image.160844.png,CAT002,,,,e3c7b211,2,1,FALSE,PIEZAS
MTTO-1330,"DADO MAGNETICO DE 3/8"", PARA TALADRO",HERRAMIENTA DE TRABAJO USO GENERAL,Items_Images/MTTO-1330.Image.172405.png,CAT001,PROV001,,,,0,2,FALSE,PIEZAS
MTTO-1331,"LLAVE DE CHORRO DE 1/2""",REFACCIONES PARA FONTANERIA,Items_Images/MTTO-1331.Image.170505.png,CAT003,PROV001,,,LOC0010,3,1,FALSE,PIEZAS
MTTO-1332,JUEGO DE LLAVES ALLEN ESTANDAR CON PUNTA DE BOLA URREA,HERRAMIENTA USO GENERAL PARA TECNICOS,Items_Images/MTTO-1332.Image.161832.png,CAT001,PROV001,,,218b4280,1,1,FALSE,KITS
MTTO-1333,"MOTOR MONOFASICO, 1/2HP 4 POLOS 127/220V",,,,,,,,0,2,FALSE,PIEZAS
MTTO-1334,"TORNILLO HEXAGONAL M13 X 20MM, PASO 1.75, PAVONADO",TORNILLERIA USO GENERAL,Items_Images/MTTO-1334.Image.155047.png,CAT010,fc5645e9,,,LOC0044,2,1,FALSE,PIEZAS
MTTO-1335,TORNILLO PERNO DE OJO EN ELEVACION M12,PERNO USO GENERAL,Items_Images/MTTO-1335.Image.194223.png,CAT010,fc5645e9,,,LOC0007,22,1,FALSE,PIEZAS
MTTO-1336,PORTA CANDADO CON CERRADURA,PORTA CANDADO CON CERRADURA,Items_Images/MTTO-1336.Image.134733.jpg,CAT002,,,,LOC0010,1,1,FALSE,PIEZAS
MTTO-1337,GASOLINA,GASOLINA,Items_Images/MTTO-1337.Image.153147.png,CAT002,,,,26813a72,28,1,FALSE,LITROS
MTTO-1338,CANALETA BLANCA CON ADHESIVO 20X12X2000MM,CANALETA CON ADHESIVO,Items_Images/MTTO-1338.Image.161220.png,CAT002,,,,LOC0084,0,1,FALSE,PIEZAS
MTTO-1339,"VARILLA COOPERWER PARA TIERRA FISICA 1/2"" X 1MTS",VARILLA USO GENERAL,Items_Images/MTTO-1339.Image.215221.png,e4249c50,,,,7066317f,1,1,FALSE,PIEZAS
MTTO-1340,SEGURO Y PASO PARA CADENA DP50,SEGUROS PARA CADENA,Items_Images/MTTO-1340.Image.140116.png,CAT003,,,,LOC0114,15,1,FALSE,PIEZAS
MTTO-1341,"MACHUELO SEMICONICOS M10 X 1 MM, #123840",MACHUELO RECTO,Items_Images/MTTO-1341.Image.211946.png,CAT001,PROV001,,,LOC0120,1,1,FALSE,PIEZAS
MTTO-1342,CERRADURA PARA PERFIL DE ALUMINIO. MOD 549/549 MC,CERRADURA PARA PERFIL DE ALUMINIO,Items_Images/MTTO-1342.Image.134947.jpg,CAT002,,,,LOC0010,2,1,FALSE,PIEZAS
MTTO-1343,UNISAN CLD-100 DETERGERNTE Y DESENGRASANTE,USO GENERAL PARA LIMPIEZA,Items_Images/MTTO-1343.Image.151515.png,CAT002,,,,26813a72,0,1,TRUE,PIEZAS
MTTO-1344,"ANGULO 1"" X 3METROS",USO GENERAL HERRERIA,Items_Images/MTTO-1344.Image.153311.png,e4249c50,PROV001,,,7066317f,9,1,FALSE,PIEZAS
MTTO-1345,PINZAS DE CORTE PARA ELECTRONICA,HERRAMINETA PARA CORTE DE ELECTRONICA,Items_Images/MTTO-1345.Image.154007.png,CAT001,PROV001,,,7066317f,0,1,FALSE,PIEZAS
MTTO-1346,PASTA PARA SOLDAR TRUPER,SOLDADURA,Items_Images/MTTO-1346.Image.150958.png,CAT002,PROV001,,,3d9eb8e3,2,1,FALSE,PIEZAS
MTTO-1347,"VALVULA DE 1/2 S.W 446-T, 15-70K",VALVULA DE 1/2,Items_Images/MTTO-1347.Image.141530.jpg,CAT005,,,,LOC0010,5,1,FALSE,PIEZAS
MTTO-1348,"VENTILADOR AXIAL FAN, DC-24V",VENTILADOR DC-24V,Items_Images/MTTO-1348.Image.151213.png,CAT002,1ce673ed,,,LOC0101,4,1,FALSE,PIEZAS
MTTO-1349,"RODAJAS DE NYLON, PARA CORTINA",RODAJAS DE NYLON,Items_Images/MTTO-1349.Image.170521.jpg,CAT003,,,,LOC0002,3,1,FALSE,PIEZAS
MTTO-1350,RESISTENCIA DE BRAZALETE 260V / 1200W,RESISTENCIA CALEFACTORA,Items_Images/MTTO-1350.Image.151218.jpg,CAT003,a5e797e4,,,LOC0035,1,1,FALSE,PIEZAS
MTTO-1351,PERNOS GUIA TAPAS BOMBA VACIO,PERNOS GUIAS PARA LAS TAPAS DE LAS BOMBAS DE VACIO DE PALETAS ROTATIVAS,Items_Images/MTTO-1351.Image.162007.png,CAT003,,,,LOC0094,30,1,FALSE,PIEZAS
MTTO-1352,"COPLE NYLAMID 3""",COPLE USO GENERAL,Items_Images/MTTO-1352.Image.194045.png,CAT003,,,,,0,1,FALSE,PIEZAS
MTTO-1353,"COPLE NYLAMID 6""",COPLE USO GENERAL,Items_Images/MTTO-1353.Image.194321.png,CAT003,,,,,0,1,FALSE,PIEZAS
MTTO-1354,RODILLO MOLETEADO,,,,,,,,0,1,FALSE,PIEZAS
MTTO-1355,RETEN 2242-10 VITON,RETEN DE VITON,Items_Images/MTTO-1355.Image.190822.jpg,CAT008,32918d31,,,LOC0015,1,1,FALSE,PIEZAS
MTTO-1356,ACEITERA CON APLICADOR FLEXIBLE 10 OZ,ACEITERA PARA LUBRICACION,Items_Images/MTTO-1356.Image.160318.jpg,CAT002,,,,3d9eb8e3,2,1,FALSE,PIEZAS
MTTO-1357,ESPUMA PARA AFEITAR,ESPUMA PARA AFEITAR,Items_Images/MTTO-1357.Image.140537.jpg,CAT002,,,,LOC0117,0,1,FALSE,PIEZAS
MTTO-1358,"CONEXIONES RAPIDAS CAMLOCK A-300 HEMBRA 3"", HEMBRA 3"" NPT",SON ADAPTADORES DE ACOPLE RÁPIDO EN ALUMINIO,Items_Images/MTTO-1358.Image.184450.png,CAT003,,,,LOC0074,1,1,FALSE,PIEZAS
MTTO-1359,CAUTIN TIPO LAPIZ  45W 450°C,CAUTIN LAPIZ,Items_Images/MTTO-1359.Image.194519.png,CAT001,PROV001,,,3d9eb8e3,1,1,FALSE,PIEZAS
MTTO-1360,ALARMA SEN15-WS AC120V,CUBRE 1 ZONAS. CON ALARMA DE SONIDO,Items_Images/MTTO-1360.Image.214203.png,84388e9b,,,,LOC0070,3,1,FALSE,PIEZAS
MTTO-1361,SWICH V-15-1C25 10A 250VAC- 0.5A 125VDC,"SWICH, INTERRUPTOR",Items_Images/MTTO-1361.Image.204955.png,CAT003,1ce673ed,,,LOC0065,8,1,FALSE,PIEZAS
MTTO-1362,"CONTACTOR TRIFASICO SIEMENS 220V, 3RU1136-4FBO",CONTACTO TRIFASTICO,Items_Images/MTTO-1362.Image.212054.png,CAT006,1ce673ed,,,LOC0076,0,1,FALSE,PIEZAS
MTTO-1363,MEDIO CANDADO PASO 50,REFACCION DE CADENA,Items_Images/MTTO-1363.Image.140030.png,CAT003,,,,LOC0114,12,1,FALSE,PIEZAS
MTTO-1364,"GRASERA 90° DE 1/16""",USO GENERAL CHUMACERAS Y RODAMIENTOS,Items_Images/MTTO-1364.Image.140943.jpg,CAT003,fc5645e9,,,LOC0094,1,1,FALSE,PIEZAS
MTTO-1365,"LAMPARA ULTRAVIOLETA, LAMPUV-6W EVANS",LAMPARA ULTRAVIOLETA,Items_Images/MTTO-1365.Image.210204.jpg,CAT006,3a4110bf,,,LOC0119,4,1,FALSE,PIEZAS
MTTO-1366,GRAPA DE LAMINA #3,GRAPA #3,Items_Images/MTTO-1366.Image.174549.png,CAT002,,,,LOC0094,98,1,FALSE,PIEZAS
MTTO-1367,"COPLE GALVANIZADO 2""",USO PARA DUCTOS Y TUBERIAS,Items_Images/MTTO-1367.Image.205414.jpg,CAT003,,,,e3c7b211,13,1,FALSE,PIEZAS
MTTO-1368,"TUERCA HEXAGONAL, M45 X M37 PC29",TUERCA HEXAGONAL,Items_Images/MTTO-1368.Image.220048.png,CAT010,fc5645e9,,,LOC0094,6,1,FALSE,PIEZAS
MTTO-1369,"PTR CUADRADO DE 1½"" CAL.14 X 6MTS",USO GENERAL DE HERRERIA,Items_Images/MTTO-1369.Image.164001.png,e4249c50,3900dab9,,,7066317f,5,1,FALSE,PIEZAS
MTTO-1370,PASTA TERMICA HY51O,PASTA TERMICA PARA COMPONENTES,Items_Images/MTTO-1370.Image.163429.jpg,CAT002,,,,3d9eb8e3,2,1,FALSE,PIEZAS
MTTO-1371,"TRANSFORMADOR JBK3-2KVA, 127V-220V-440V---24V-127V-220V",,,,,,,,0,1,FALSE,PIEZAS
MTTO-1372,"BOMBA SUMERGIBLE SSX1ME050F2C-F, EVANS",BOMBA SUMERGIBLE,Items_Images/MTTO-1372.Image.191509.jpg,CAT005,3a4110bf,,,d009594f,0,1,FALSE,PIEZAS
MTTO-1373,RESISTENCIA DE BRAZALETE 260V / 750W,RESISTENCIA CALEFACTORA,Items_Images/MTTO-1373.Image.151420.jpg,CAT003,a5e797e4,,,LOC0035,6,1,FALSE,PIEZAS
MTTO-1374,"CONEXION TIPO CODO 90° 1/2""",CONEXION TIPO CODO 90 1/2”,Items_Images/MTTO-1374.Image.141858.jpg,CAT007,,,,LOC0010,6,1,FALSE,PIEZAS
MTTO-1375,PARKER P1D-B050MC,,,,,,,,0,1,FALSE,PIEZAS
MTTO-1376,ABRAZADERA SINFIN PARA MANGUERA 19-27MM,ABRAZADERA PARA MANGUERAS DE USO GENERAL,Items_Images/MTTO-1376.Image.164134.jpg,CAT007,PROV001,,,LOC0094,1,1,FALSE,PIEZAS
MTTO-1377,"SENSOR DE NIVEL ROTATIVO SR2-S 220VCA G1""",SP210971515CX SENSOR ROTATIVO,Items_Images/MTTO-1377.Image.212329.png,CAT005,,,,LOC0068,8,1,FALSE,PIEZAS
MTTO-1378,"CONTACTOR TRIFASICO ANDELI 110V, CJX2-2510",CONTACTOR TRIFASICO,Items_Images/MTTO-1378.Image.141546.jpg,CAT006,1ce673ed,,,LOC0076,4,1,FALSE,PIEZAS
MTTO-1379,"ARRANCADOR MAGNETICO, QCX2-18 220V, 5HP. ANDELI",ARRANCADOR MAGNÉTICO DE LA SERIE QCX2,Items_Images/MTTO-1379.Image.133819.png,CAT006,1ce673ed,,,LOC0077,2,1,FALSE,PIEZAS
MTTO-1380,"TRANSFORMADOR JBK3-630VA,110V-220V-240V---24V-110V-220V",TRASFORMADOR ELCTRICO,Items_Images/MTTO-1380.Image.142923.png,CAT006,,,,LOC0063,2,1,FALSE,PIEZAS
MTTO-1381,SELLO MECANICO MG-12,,,,,,,,0,2,FALSE,PIEZAS
MTTO-1382,"TORQUIMETRO DE 40.6.203NM 1/2""","TORQUIMETRO 1/2""",Items_Images/MTTO-1382.Image.201020.png,CAT001,PROV001,,,b563a079,1,1,FALSE,PIEZAS
MTTO-1383,REGULADOR DE VOLTAJE KOBLENZ RS-1410 8 CONTACTOS,REGULADOR DE VOLTAJE,Items_Images/MTTO-1383.Image.162532.png,CAT006,1ce673ed,,,LOC0060,0,1,FALSE,PIEZAS
MTTO-1384,"VENTILADOR AXIAL FAN, G8025HA2BL. AC220V 13W",VENTILADOR AC220V,Items_Images/MTTO-1384.Image.151506.png,CAT002,1ce673ed,,,LOC0101,5,1,FALSE,PIEZAS
MTTO-1385,"VENTILADOR AXIAL FAN, G12038HA2BT-7P. AC220V 24W",VANTILADOR AC220V,Items_Images/MTTO-1385.Image.151620.png,CAT002,1ce673ed,,,LOC0101,4,1,FALSE,PIEZAS
MTTO-1386,PERCLOROETILENO,DISOLVENTE LIQUIDO INCOLORO,Items_Images/MTTO-1386.Image.142153.png,CAT002,,,,26813a72,0,1,FALSE,LITROS
MTTO-1387,BALERO DE AGUJAS CASQUILLO ABIERTO HMK 182520,BALEROS,Items_Images/MTTO-1387.Image.184121.png,CAT009,e0a455a9,$522.00,,LOC0029,0,1,FALSE,PIEZAS
MTTO-1388,PISTOLA CALAFATEADORA PARA CARTUCHO,,,,,,,,0,1,FALSE,PIEZAS
MTTO-1389,"MANERAL RECTO PARA MACHUELO 1/8"" A 1/2""",MACHUELO RECTO,Items_Images/MTTO-1389.Image.211931.png,CAT001,PROV001,,,LOC0120,1,1,FALSE,PIEZAS
MTTO-1390,"ACEITE NEVASTANE, XSH 150 LUBRICANTE",ACEITE GRADO ALIMENTICIO PARA BOMBAS DE VACIO DE PALETAS ROTATIVAS,Items_Images/MTTO-1390.Image.152822.png,CAT002,a7cc6f64,$757.91,,26813a72,55,1,FALSE,LITROS
MTTO-1391,REGULADORES DE FLUJO 3 ZONAS,CAUDALÍMETRO REGULADORES EN FLUJOS EN AGUAS,Items_Images/MTTO-1391.Image.190349.png,CAT004,,,,LOC0093,2,1,FALSE,PIEZAS
MTTO-1392,BALERO 6200-2Z,BALEROS,Items_Images/MTTO-1392.Image.141843.jpg,CAT009,e0a455a9,$53.36,,LOC0028,6,1,FALSE,PIEZAS
MTTO-1393,BLOQUE DE CONTACTO NORMALMENTE CERRADO ANDELI ZBE-102,BLOQUE DE CONTACTO,Items_Images/MTTO-1393.Image.135709.png,CAT006,1ce673ed,,,LOC0064,19,1,FALSE,PIEZAS
MTTO-1394,COPLE HEMBRA PARA HIDROLAVADORA CON CONEXION RAPIDA,ACCESORIOS PARA HIDROLAVADORA,Items_Images/MTTO-1394.Image.145949.png,CAT003,a5eff119,,,LOC0094,3,1,FALSE,KITS
MTTO-1395,CHUMACERA DE PARED GRAE60-NPP-B,CHUMACERA,Items_Images/MTTO-1395.Image.203956.jpg,CAT003,e0a455a9,,,LOC0029,1,1,FALSE,PIEZAS
MTTO-1396,RETEN 3247-8 VITON,RETEN DE VITON,Items_Images/MTTO-1396.Image.191208.jpg,CAT008,32918d31,,,LOC0015,5,1,FALSE,PIEZAS
MTTO-1397,RETEN 1827-6 VITON,RETEN DE VITON,Items_Images/MTTO-1397.Image.193643.jpg,CAT008,32918d31,,,LOC0015,6,1,FALSE,PIEZAS
MTTO-1398,"TORNILLO ALLEN CILINDRICO M5 X 90MM, PASO 0.8, PAVONADO",TORNILLERIA USO GENERAL,Items_Images/MTTO-1398.Image.144633.png,CAT010,fc5645e9,,,LOC0046,8,1,FALSE,PIEZAS
MTTO-1399,GUIAS PARA BOMBAS DE VACIO,,,,,,,,0,2,FALSE,PIEZAS
MTTO-1400,BALERO 61807 2RS1 SKF,BALEROS,Items_Images/MTTO-1400.Image.142112.jpg,CAT009,e0a455a9,,,LOC0022,6,1,FALSE,PIEZAS
MTTO-1401,"TAQUETE ANCLA ARPON 3/8"" X 3 3/4""",USO GENERAL,Items_Images/MTTO-1401.Image.201337.png,CAT002,PROV001,,,LOC0053,20,1,FALSE,PIEZAS
MTTO-1402,"TAQUETE ANCLA ARPON 1/2"" X 4 1/2""",USO GENERAL,Items_Images/MTTO-1402.Image.201451.png,CAT002,PROV001,,,LOC0053,26,1,FALSE,PIEZAS
MTTO-1403,"BROCA PARA CONCRETO SDS PLUS 1/2"" X 6""",BROCA 1/2X 6,Items_Images/MTTO-1403.Image.140440.png,CAT001,PROV001,,,c44b408e,4,1,FALSE,PIEZAS
MTTO-1404,CERRADURA DE PERILLA CILINDRICA. MX 81140,CERRADURA DE PERILLA,Items_Images/MTTO-1404.Image.142356.jpg,CAT003,,,,LOC0010,2,1,FALSE,PIEZAS
MTTO-1405,RESISTENCIA DE BRAZALETE 250V / 1200W,RESISTENCIA CALEFACTORA,Items_Images/MTTO-1405.Image.165241.jpg,CAT003,a5e797e4,,,LOC0041,1,1,FALSE,PIEZAS
MTTO-1406,RESISTENCIA DE BRAZALETE 260V /1400W,RESISTENCIA CALEFACTORA,Items_Images/MTTO-1406.Image.165324.jpg,CAT003,a5e797e4,,,LOC0041,1,1,FALSE,PIEZAS
MTTO-1407,RESISTENCIA DE BRAZALETE 260V / 1100W,RESISTENCIA CALEFACTORA,Items_Images/MTTO-1407.Image.165519.jpg,CAT003,a5e797e4,,,LOC0041,1,1,FALSE,PIEZAS
MTTO-1408,RESISTENCIA DE BRAZALETE 250V / 1500 W,RESISTENCIA CALEFACTORA,Items_Images/MTTO-1408.Image.164230.jpg,CAT003,a5e797e4,,,LOC0040,1,1,FALSE,PIEZAS
MTTO-1409,"INTERRUPTOR COLA DE RATA, ANDELI 15A 250V",INTERRUPTOR COLA DE RATA,Items_Images/MTTO-1409.Image.142225.jpg,CAT006,1ce673ed,,,LOC0120,2,1,FALSE,PIEZAS
MTTO-1410,"CONTACTO AUXILIAR SIEMENS 3RH2911-1HA11, NO-NC",CONTACTO 1HA11 NO-NC,Items_Images/MTTO-1410.Image.204511.jpg,CAT006,1ce673ed,,,LOC0076,1,1,FALSE,PIEZAS
MTTO-1411,"ACOPLAMIENTO ESTRELLA L100, L100B",COMPONENTE MECÁNICO UTILIZADO PARA CONECTAR DOS EJES,Items_Images/MTTO-1411.Image.142649.png,CAT003,,,,LOC0074,6,1,FALSE,PIEZAS
MTTO-1412,"MANGUERA DE VAPOR SH250, 250PSI, ALTA PRESION INDUSTRIAL, 2""",MANGUERA PARA EL ENFRIAMIENTO DE LOS INTERCAMBIADORES DE LAS CALANDRAS.,Items_Images/MTTO-1412.Image.213650.png,CAT005,a5eff119,,,7066317f,15,3,FALSE,PIEZAS
MTTO-1413,ACOPLAMIENTO ESTRELLA MS090 3/4,COMPONENTE MECÁNICO UTILIZADO PARA CONECTAR DOS EJES,Items_Images/MTTO-1413.Image.142523.png,CAT003,,,,LOC0074,4,1,FALSE,PIEZAS
MTTO-1414,ACOPLAMIENTO ESTRELLA GB3,COMPONENTE MECÁNICO UTILIZADO PARA CONECTAR DOS EJES,Items_Images/MTTO-1414.Image.184338.png,CAT003,,,,LOC0074,4,1,FALSE,PIEZAS
MTTO-1415,PISTON NEUMATICO SDA-50X50-B,MINI CILINDRO NEUMATICO SDA 50X50MM DE DOBLE ACCION,Items_Images/MTTO-1415.Image.135719.jpg,CAT005,,,,LOC0082,3,1,FALSE,PIEZAS
MTTO-1416,"KIT DE PRESION, PRES 10",BOMBA ELECTRICA,Items_Images/MTTO-1416.Image.175357.png,CAT006,,,,LOC0081,2,1,FALSE,KITS
MTTO-1417,VALVULA MECANICA PV8-2321H-08,VALVULA PV8-2321H-08,Items_Images/MTTO-1417.Image.140437.jpg,CAT005,,,,LOC0082,10,1,FALSE,PIEZAS
MTTO-1418,"DISCO CORTE PARA METAL DIAMANTADO BOSH 4 1/2""",INSUMOS PARA HERRAMIENTA ELECTRICA,Items_Images/MTTO-1418.Image.151331.png,CAT002,PROV001,$522.00,,LOC0120,1,1,FALSE,PIEZAS
MTTO-1419,"CANDADO PHILLIPS 44.5MM MX268, MX125",CANDADO,Items_Images/MTTO-1419.Image.142928.jpg,CAT002,,,,LOC0008,0,1,FALSE,PIEZAS
MTTO-1420,BANDAS A-42,BANDAS A-42,Items_Images/MTTO-1420.Image.153511.jpg,CAT003,e0a455a9,$46.40,,LOC0014,8,1,FALSE,PIEZAS
MTTO-1421,VALVULA DE RETENCION HORIZONTAL 03T.25,VALVULA USO GENERAL,Items_Images/MTTO-1421.Image.154318.png,CAT007,,,,e3c7b211,1,1,FALSE,PIEZAS
MTTO-1422,VARIADOR DE FRECUENCIA DELTA 3HP 440V 18.5KW / 22KW,,,,,,,,0,1,FALSE,PIEZAS
MTTO-1423,"INTERRUPTOR TERMOMAGNETICO RIEL DIN 10AMP 2 FASES, DZ47-63",CONECTOR DE POTENCIA,Items_Images/MTTO-1423.Image.174919.png,CAT006,1ce673ed,,,LOC0064,5,1,FALSE,PIEZAS
MTTO-1424,VALVULA SOLENOIDE V70-2521-08,VALVULA SOLENOIDE,Items_Images/MTTO-1424.Image.184547.jpg,CAT004,,,,LOC0027,4,1,FALSE,PIEZAS
MTTO-1425,PISTON NEUMATICO FVBC 50X50-S,PISTON PARA DIVERSAS APLICACCIONES INDUSTRIALES,Items_Images/MTTO-1425.Image.184913.png,,,,,LOC0082,0,1,FALSE,PIEZAS
MTTO-1426,"TUERCA HEXAGONAL, M20 X PASO 1.5",TUERCA HEXAGONAL,Items_Images/MTTO-1426.Image.215913.png,CAT010,fc5645e9,,,LOC0047,13,1,FALSE,PIEZAS
MTTO-1427,CADENA METALICA ESLABONADA GALVANIZADA 1/4,CADENA USO GENERAL,Items_Images/MTTO-1427.Image.181055.png,CAT003,,,,7066317f,0,1,FALSE,METROS
MTTO-1428,VALVULA SOLENOIDE CX5-VT5. 3/8NPT,VALVULA SOLENOIDE,Items_Images/MTTO-1428.Image.184755.jpg,CAT005,,,,LOC0027,8,2,FALSE,PIEZAS
MTTO-1429,SENSOR DE MOVIMIENTO 360°,SENSOR DE MOVIMIENTO,Items_Images/MTTO-1429.Image.194217.jpg,CAT006,,,,LOC0057,1,1,FALSE,PIEZAS
MTTO-1430,"AISLANTE TERMICO PARA TUBO DE 1""","AISLANTE 1""",Items_Images/MTTO-1430.Image.154500.png,CAT003,,,,LOC0098,7,1,FALSE,PIEZAS
MTTO-1431,"TUBO LICUATITE CON FORRO DE 1""",TOBO DE FORRO,Items_Images/MTTO-1431.Image.160829.png,CAT006,,,,LOC0001,20,1,FALSE,METROS
MTTO-1432,LAMPARA TIPO REGLETA DE LED. 8W 127-240V,LAMPARA LED,Items_Images/MTTO-1432.Image.194313.jpg,CAT006,,,,LOC0057,4,1,FALSE,PIEZAS
MTTO-1433,BALERO 645,PARA REVOLVEDORA,Items_Images/MTTO-1433.Image.185643.jpg,CAT009,e0a455a9,,,LOC0028,2,1,FALSE,PIEZAS
MTTO-1434,"ACEITE NEVASTANE, SH46 LUBRICANTE",ACEITE GRADO ALIMENTICIO PARA ACELERADORES DE VACIO,Items_Images/MTTO-1434.Image.152612.jpg,CAT002,a7cc6f64,$656.98,,26813a72,108,1,FALSE,LITROS
MTTO-1435,MULTIMETRO FLUKE 17B+,MULTIMETRO HERRAMIENTA MULTIPROPOSITO,Items_Images/MTTO-1435.Image.212423.jpg,84388e9b,1ce673ed,,,84e30ac4,1,1,FALSE,PIEZAS
MTTO-1436,AXIAL FAN MOTOR-YWF4D-350S,AXIAL FAN MOTOR,Items_Images/MTTO-1436.Image.001556.jpg,CAT003,,,,LOC0066,1,1,FALSE,PIEZAS
MTTO-1437,MODULO PLC XMTD-808,MODULO PLC,Items_Images/MTTO-1437.Image.230616.jpg,CAT006,,,,LOC0059,1,1,FALSE,PIEZAS
MTTO-1438,CONTROL DE TEMPERATURA ATR226-12ABC,CONTROL DE TEMPERATURA,Items_Images/MTTO-1438.Image.230727.jpg,CAT006,,,,LOC0059,2,1,FALSE,PIEZAS
MTTO-1439,CONTROL DE TEMPERATURA TP-TC400-KIT,CONTROL DE TEMPERATURA,Items_Images/MTTO-1439.Image.230823.jpg,CAT006,,,,LOC0059,1,1,FALSE,PIEZAS
MTTO-1440,"TUERCA UNION GALVANIZADA DE 1/2""",TUERCA DE UNION GALVANIZADA,Items_Images/MTTO-1440.Image.214006.jpg,CAT003,PROV001,,,e3c7b211,8,1,FALSE,PIEZAS
MTTO-1441,"TAPON GALVANIZADO HEMBRA 1/2""",TAPON GALVANIZADO USO GENERAL,Items_Images/MTTO-1441.Image.213840.jpg,CAT003,,,,e3c7b211,9,1,FALSE,PIEZAS
MTTO-1442,"CONECTOR RAPIDO NEUMATICO RECTO MACHO 1/8"" NPT A MANGUERA 10MM",CONECTOR RAPIDO NEUMATICO,Items_Images/MTTO-1442.Image.191545.png,CAT004,2c6c8db2,,,LOC0083,10,1,FALSE,PIEZAS
MTTO-1443,"ABRAZADERA UNICANAL DE 1""",ABRAZADERA,Items_Images/MTTO-1443.Image.190422.jpg,CAT002,PROV001,,,LOC0055,80,1,FALSE,PIEZAS
MTTO-1444,"ABRAZADERA UNICANAL DE 2""",ABRAZADERA,Items_Images/MTTO-1444.Image.190025.jpg,CAT002,PROV001,,,LOC0055,6,1,FALSE,PIEZAS
MTTO-1445,CABLE UNIPOLAR BLANCO CALIBRE 14AWG,CABLE UNIPOLAR BLANCO CALIBRE 14AWG,Items_Images/MTTO-1445.Image.143618.jpg,CAT006,,,,LOC0069,10,1,FALSE,METROS
MTTO-1446,"CONEXIONES RAPIDAS CAMLOCK B-300 HEMBRA 3"", HEMBRA 3"" NPT",SON ADAPTADORES DE ACOPLE RÁPIDO EN ALUMINIO,Items_Images/MTTO-1446.Image.184705.png,CAT003,,,,LOC0074,3,1,FALSE,PIEZAS
MTTO-1447,"CONEXIONES RAPIDAS CAMLOCK D-300 HEMBRA 3"", HEMBRA 3"" NPT",SON ADAPTADORES DE ACOPLE RÁPIDO EN ALUMINIO,Items_Images/MTTO-1447.Image.184810.png,CAT003,,,,LOC0074,2,1,FALSE,PIEZAS
MTTO-1448,"CONEXIONES RAPIDAS CAMLOCK F-300 HEMBRA 3"", HEMBRA 3"" NPT",SON ADAPTADORES DE ACOPLE RÁPIDO EN ALUMINIO,Items_Images/MTTO-1448.Image.184829.png,CAT003,,,,LOC0074,5,1,FALSE,PIEZAS
MTTO-1449,"CONTACTO AUXILIAR SCHNEIDER LANN02N, NC-NC",CONTACTO LANN02N NC-NC,Items_Images/MTTO-1449.Image.205657.jpg,CAT006,1ce673ed,,,LOC0076,4,1,FALSE,PIEZAS
MTTO-1450,GUARDAMOTOR ABB MS116,GUARDAMOTOR ABB MS116,Items_Images/MTTO-1450.Image.205831.jpg,CAT006,,,,LOC0076,1,1,FALSE,PIEZAS
MTTO-1451,TORQUIMETRO DE TRUENO ESCALA DUAL,TORQUIMETRO,Items_Images/MTTO-1451.Image.210324.jpg,CAT001,PROV001,,,3d9eb8e3,2,1,FALSE,PIEZAS
MTTO-1452,"TRANSDUCTOR SAND 0-50 MPA, 1/2”, 0-10V, 24VDC, PT316B",TRANSDUCTOR PT316B,Items_Images/MTTO-1452.Image.210732.jpg,CAT006,,,,LOC0099,3,1,FALSE,PIEZAS
MTTO-1453,"MANOMETRO, YNXC-100ZT 0-1.6MPA",MANOMETRO USO GENERAL,Items_Images/MTTO-1453.Image.211700.jpg,CAT005,e0a455a9,,,LOC0101,1,1,FALSE,PIEZAS
MTTO-1454,WATER ADDITIVE 320 ML,WATER ADDITIVE 320 ML,Items_Images/MTTO-1454.Image.212032.jpg,CAT002,,,,26813a72,1,1,FALSE,LITROS
MTTO-1455,CEMENTO BLANCO PARA PVC OATEY 473ML,CEMENTO BLANCO PARA PVC,Items_Images/MTTO-1455.Image.214719.jpg,CAT007,PROV001,,,26813a72,0,1,FALSE,PIEZAS
MTTO-1456,ESPUMA DE POLIURETANO SURTEK 750 ML,ESPUMA DE POLIURETANO,Items_Images/MTTO-1456.Image.235332.jpg,CAT002,,,,LOC0107,2,1,FALSE,PIEZAS
MTTO-1457,DISYUNTOR DE CAJA MOLDEADA CDM6I-63L/3300 IN 63 A,DISYUNTOR 63 A,Items_Images/MTTO-1457.Image.232843.jpg,CAT006,1ce673ed,,,LOC0063,1,1,FALSE,PIEZAS
MTTO-1458,"INTERRUPTOR TERMOMAGNETICO RIEL DIN 6 AMP, 2 FASES",INTERRUPTOR TERMOMAGNETICO DOS FASES 6 AMP,Items_Images/MTTO-1458.Image.000442.jpg,CAT006,1ce673ed,,,LOC0064,0,1,FALSE,PIEZAS
MTTO-1459,"INTERRUPTOR TERMOMAGNETICO RIEL DIN 10AMP, 1 FASE",INTERRUPTOR TERMOMAGNETICO 10 AMP,Items_Images/MTTO-1459.Image.162647.png,CAT006,1ce673ed,$104.40,,LOC0064,2,1,FALSE,PIEZAS
MTTO-1460,"REDUCCION BUSHING DE 1"" A 1/2"" GALVANIZADO",REDUCCION DE BUSHING,Items_Images/MTTO-1460.Image.213420.png,CAT007,PROV001,,,e3c7b211,4,1,FALSE,PIEZAS
MTTO-1461,CONECTOR DE POTENCIA LEGRAND-555240,CONECTOR DE POTENCIA,Items_Images/MTTO-1461.Image.001045.jpg,CAT006,1ce673ed,,,LOC0064,5,1,FALSE,PIEZAS
MTTO-1462,TAPA DE CONTACTO REDONDO P/INTERPERIE,TAPA DE CONTACTO,Items_Images/MTTO-1462.Image.001235.jpg,CAT006,PROV001,,,92bd79f5,1,1,,PIEZAS
MTTO-1463,CABLE USB-SER,CABLE USB-SER,Items_Images/MTTO-1463.Image.001429.jpg,CAT006,,,,LOC0077,1,1,,PIEZAS
MTTO-1464,CODO GALVANIZADO 90° DE 2”,CODO GALVANIZADO 90° DE 2”,Items_Images/MTTO-1464.Image.001605.jpg,CAT007,,,,e3c7b211,2,1,,PIEZAS
MTTO-1465,TUERCA UNION GALVANIZADA DE 1”,TUERCA UNION GALVANIZADA DE 1”,Items_Images/MTTO-1465.Image.001729.jpg,CAT007,PROV001,,,e3c7b211,2,1,,PIEZAS
MTTO-1466,CONEXION PVC GRIS TIPO CODO 90 1”,CONEXION CODO GRIS PVC,Items_Images/MTTO-1466.Image.142805.jpg,CAT007,PROV001,,,e3c7b211,11,1,FALSE,PIEZAS
MTTO-1467,"TIJERAS MULTIUSOS 8"" ACERO INOXIDABLE TRUPER",TIJERAS MULTIUSOS PARA CORTAR MALLAS,,CAT001,PROV001,,,7066317f,1,1,FALSE,PIEZAS
MTTO-1468,CORTADORA DE PLASMA INVERTER,HERRAMIENTA DE USO GENERAL PARA CORTE,Items_Images/MTTO-1468.Image.141816.png,CAT001,PROV001,,,7066317f,1,1,FALSE,PIEZAS
MTTO-1469,SILLA DE OFICINA ERGONOMICA,SILLA,Items_Images/MTTO-1469.Image.001950.jpg,CAT002,,,$0.00,7066317f,6,1,FALSE,PIEZAS
MTTO-1470,BALERO 632,PARA REVOLVEDORA,Items_Images/MTTO-1470.Image.185859.jpg,CAT009,e0a455a9,,$0.00,LOC0028,2,1,FALSE,PIEZAS
MTTO-1471,VASIJA PORTA FILTRO (COMPLETA),VASIJA PARA ALIMENTADORES,Items_Images/MTTO-1471.Image.005756.jpg,CAT003,,,$0.00,1cdacd99,1,1,FALSE,PIEZAS
MTTO-1472,"LAMINA DE POLIURETANO 20"" X 40"" ESPESOR 4MM",PARA EMPAQUES DE COMPUERTAS DE TOLVAS ALIMENTADORAS,Items_Images/MTTO-1472.Image.155534.png,CAT008,,,$0.00,7066317f,0,1,FALSE,METROS
MTTO-1473,BALERO 30208,BALERO PARA REVOLVEDORAS CHICAS,Items_Images/MTTO-1473.Image.155733.png,CAT009,e0a455a9,$197.20,$0.00,LOC0028,3,1,FALSE,PIEZAS
MTTO-1474,TABLERO CONTROL CAMBIAMALLAS GMACH1,CONTROLADOR DE CAMBIAMALLAS,Items_Images/MTTO-1474.Image.162211.jpg,db498a61,ab7dd31c,,$0.00,8eede3f6,1,1,FALSE,PIEZAS
MTTO-1475,UNIDAD DE POTENCIA CAMBIAMALLAS GMACH1,HIDRAULICO PARA LOS PISTONES DEL CAMBIAMALLAS GMACH,Items_Images/MTTO-1475.Image.162324.jpg,db498a61,ab7dd31c,,$0.00,8eede3f6,1,1,FALSE,PIEZAS
MTTO-1476,CAMBIAMALLAS BLOQUE GMACH1,BLOQUE CAMBIAMALLAS Y PISTONES GMACH,Items_Images/MTTO-1476.Image.162938.png,db498a61,ab7dd31c,,$0.00,8eede3f6,1,1,FALSE,PIEZAS
MTTO-1477,TABLERO DE CONTROL ELECTRICO 01,TABLERO DE CONTROL ELECTRICO DESGUAZADO,Items_Images/MTTO-1477.Image.163250.jpg,db498a61,ab7dd31c,,$0.00,8eede3f6,1,1,FALSE,PIEZAS
MTTO-1478,"COPLE ROSCADO 1"" CEDULA 80 PVC, CUERDA HEMBRA NPT",COPLE ROSCADO,Items_Images/MTTO-1478.Image.164158.jpg,CAT007,PROV001,,$0.00,e3c7b211,12,1,FALSE,PIEZAS
MTTO-1479,CRUCETA PARA VENTEOS DE VACIO,CRUCETA PARA CONECTAR 2 VENTEOS A 1 BOMBA DE VACIO,Items_Images/MTTO-1479.Image.164142.jpg,db498a61,ab7dd31c,,$0.00,8eede3f6,4,1,FALSE,PIEZAS
MTTO-1480,COPLE RECTO PVC GRIS 1”,COPLE RECTO GRIS PVC,Items_Images/MTTO-1480.Image.164445.jpg,CAT007,PROV001,,$0.00,e3c7b211,16,1,FALSE,PIEZAS
MTTO-1481,CONEXION PVC GRIS TIPO TEE 1”,CONEXION TIPO TEE GRIS PVC,Items_Images/MTTO-1481.Image.170220.jpg,CAT007,PROV001,,$0.00,e3c7b211,1,1,FALSE,PIEZAS
MTTO-1482,CONEXION PVC BLANCO TIPO CODO 90° 1”,CODO 90° 1”,Items_Images/MTTO-1482.Image.170947.jpg,CAT007,PROV001,,$0.00,e3c7b211,8,1,FALSE,PIEZAS
MTTO-1483,CONEXION PVC BLANCO TIPO TEE 1”,CONEXION BLANCO PVC,Items_Images/MTTO-1483.Image.171201.jpg,CAT007,PROV001,,$0.00,e3c7b211,2,1,FALSE,PIEZAS
MTTO-1484,CONECTOR PVC CEDULA 80 MACHO 1”,CONECTOR MACHO 1”,Items_Images/MTTO-1484.Image.192132.png,CAT007,PROV001,,$0.00,e3c7b211,1,1,FALSE,PIEZAS
MTTO-1485,TUERCA UNION PVC GRIS 1”,TUERCA UNION PVC GRIS,Items_Images/MTTO-1485.Image.171937.jpg,CAT007,PROV001,,$0.00,e3c7b211,6,1,FALSE,PIEZAS
MTTO-1486,PANEL DE CONTROL DE CAMBIAMALLAS ROTATIVO GOODIE,PANEL CONTROLADOR DEL CAMBIAMALLAS ROTATIVO GOODIE PANTALLA HMI,Items_Images/MTTO-1486.Image.172330.jpg,db498a61,ab7dd31c,,$0.00,8eede3f6,1,1,FALSE,PIEZAS
MTTO-1487,COPLE PVC BLANCO RECTO 1 1/4”,COPLE PVC 1 1/4”,Items_Images/MTTO-1487.Image.190903.jpg,CAT007,PROV001,,$0.00,e3c7b211,20,2,FALSE,PIEZAS
MTTO-1488,CONEXION PVC BLANCO TIPO CODO 90° 1 1/4”,CODO 90° 1 1/4”,Items_Images/MTTO-1488.Image.191134.jpg,CAT007,PROV001,,$0.00,e3c7b211,4,1,FALSE,PIEZAS
MTTO-1489,CONECTOR PVC BLANCO HEMBRA 1 1/4”,COPLE 1 1/4”,Items_Images/MTTO-1489.Image.191428.jpg,CAT007,PROV001,,$0.00,e3c7b211,4,1,FALSE,PIEZAS
MTTO-1490,TUERCA UNION PVC BLANCO 1 1/4”,TUERCA UNION 1 1/4”,Items_Images/MTTO-1490.Image.191931.jpg,CAT007,PROV001,,$0.00,e3c7b211,3,1,FALSE,PIEZAS
MTTO-1491,REDUCTOR PVC BLANCO 1 1/4”- 1”,REDUCTOR,Items_Images/MTTO-1491.Image.192406.jpg,CAT007,PROV001,,$0.00,e3c7b211,1,1,FALSE,PIEZAS
MTTO-1492,CABLE USO RUDO 4 PUNTAS CALIBRE 8,CABLE USO RUDO,Items_Images/MTTO-1492.Image.200953.jpg,CAT006,1ce673ed,,$0.00,c4b19a8c,19,1,FALSE,METROS
MTTO-1493,CABLE USO RUDO  3X0 + 1X8,CABLE USO RUDO,Items_Images/MTTO-1493.Image.202037.jpg,CAT006,,,$0.00,c4b19a8c,32,1,FALSE,METROS
MTTO-1494,CABLE ELECTRICO 3X4(0) + 1X2(0) (SEGUNDO TRAMO),CABLE ELECTRICO,Items_Images/MTTO-1494.Image.214519.jpg,CAT006,,,$0.00,c4b19a8c,4,1,FALSE,METROS
MTTO-1495,CORTINAS HAWAIANAS PARA RAMPAS GRANDES,CORTINAS PARA RAMPAS,Items_Images/MTTO-1495.Image.220501.jpg,CAT003,,,$0.00,c4b19a8c,22,2,FALSE,PIEZAS
MTTO-1496,CORTINAS HAWAIANAS CHICAS PARA RAMPA,CORTINAS PARA RAMPA,Items_Images/MTTO-1496.Image.220642.jpg,CAT003,,,$0.00,c4b19a8c,0,1,FALSE,PIEZAS
MTTO-1497,COPLE PVC GRIS RECTO 1 1/2”,COPLE PVC GRIS,Items_Images/MTTO-1497.Image.233236.jpg,CAT007,PROV001,,$0.00,e3c7b211,4,1,FALSE,PIEZAS
MTTO-1498,INTERRUPTOR SQUARE D FA32100-AL100FA,INTERRUPTOR 100A,Items_Images/MTTO-1498.Image.235449.jpg,CAT006,1ce673ed,,$0.00,c4b19a8c,2,1,FALSE,PIEZAS
MTTO-1499,INTERRUPTOR SQUARE D FA34100-AL100A,INTERRUPTOR 100A,Items_Images/MTTO-1499.Image.235940.jpg,CAT006,1ce673ed,,$0.00,c4b19a8c,1,1,FALSE,PIEZAS
MTTO-1500,INTERRUPTOR SQUARE D HDA36150-AL150HD,INTERRUPTOR 150A,Items_Images/MTTO-1500.Image.000254.jpg,CAT006,1ce673ed,,$0.00,c4b19a8c,2,1,FALSE,PIEZAS
MTTO-1501,INTERRUPTOR SQUARE D HDA36100-AL150HD,INTERRUPTOR 100A,Items_Images/MTTO-1501.Image.000357.jpg,CAT006,1ce673ed,,$0.00,c4b19a8c,1,1,FALSE,PIEZAS
MTTO-1502,INTERRUPTOR SQUARE D JDA36200-AL250JD,INTERRUPTOR 200A,Items_Images/MTTO-1502.Image.000644.jpg,CAT006,1ce673ed,,$0.00,c4b19a8c,2,1,FALSE,PIEZAS
MTTO-1503,INTERRUPTOR SQUARE D JDA36150-AL175JD,INTERRUPTOR 150A,Items_Images/MTTO-1503.Image.000815.jpg,CAT006,1ce673ed,,$0.00,c4b19a8c,1,1,FALSE,PIEZAS
MTTO-1504,TUBO CORRUGADO FLEXIBLE 3”,TUBO CORRUGADO,Items_Images/MTTO-1504.Image.002308.jpg,CAT002,,,$0.00,c4b19a8c,4,1,FALSE,METROS
MTTO-1505,TUBO DE ACERO INOXIDABLE PARA TOLVAS DE ALIMENTACION,TUBO DE ACERO INOXIDABLE PARA TOLVAS DE ALIMENTACION,Items_Images/MTTO-1505.Image.002544.jpg,CAT003,,,$0.00,c4b19a8c,1,1,FALSE,PIEZAS
MTTO-1506,MANGUERA DE SUCCION PARA ALIMENTADORES 3”,MANGUERA DE SUCCION PARA ALIMENTADORES,Items_Images/MTTO-1506.Image.003106.jpg,CAT003,,,$0.00,c4b19a8c,5,1,FALSE,PIEZAS
MTTO-1507,MANGUERA DE SUCCION PARA ALIMENTADORES 4”,MANGUERA DE SUCCION PARA ALIMENTADORES,Items_Images/MTTO-1507.Image.003157.jpg,CAT003,,,$0.00,c4b19a8c,1,1,FALSE,PIEZAS
MTTO-1508,TOPE PARA ESTACIONAMIENTO,TOPE PARA ESTACIONAMIENTO,Items_Images/MTTO-1508.Image.003353.jpg,CAT003,,,$0.00,c4b19a8c,0,1,FALSE,PIEZAS
MTTO-1509,INTERRUPTOR SQUARE D FA32050-AL100FA,INTERRUPTOR 50A,Items_Images/MTTO-1509.Image.005442.jpg,CAT006,1ce673ed,,$0.00,c4b19a8c,1,1,FALSE,PIEZAS
MTTO-1510,CONEXION PVC GRIS HEMBRA 1 1/2”,COPLE ROSCADO GRIS PVC,Items_Images/MTTO-1510.Image.141816.jpg,CAT007,PROV001,,$0.00,e3c7b211,4,1,FALSE,PIEZAS
MTTO-1511,CONECTOR PVC GRIS MACHO 1 1/2”,CONECTOR MACHO GRIS PVC,Items_Images/MTTO-1511.Image.142015.jpg,CAT007,PROV001,,$0.00,e3c7b211,1,1,FALSE,PIEZAS
MTTO-1512,CONEXION PVC GRIS TIPO TEE 1 1/2”,CONEXION TIPO TEE GRIS PVC,Items_Images/MTTO-1512.Image.142200.jpg,CAT007,PROV001,,$0.00,e3c7b211,8,1,FALSE,PIEZAS
MTTO-1513,CONEXION PVC GRIS TIPO CODO 45° 1 1/2”,CODO GRIS PVC,Items_Images/MTTO-1513.Image.142552.jpg,CAT007,PROV001,,$0.00,e3c7b211,2,1,FALSE,PIEZAS
MTTO-1514,TUERCA UNION PVC GRIS 1 1/2”,TUERCA UNION GRIS PVC,Items_Images/MTTO-1514.Image.143522.jpg,CAT007,PROV001,,$0.00,e3c7b211,6,1,FALSE,PIEZAS
MTTO-1515,CONEXION PVC BLANCO TIPO TEE 1 1/2”,CONEXION TIPO TEE,Items_Images/MTTO-1515.Image.143855.jpg,CAT007,PROV001,,$0.00,e3c7b211,2,1,FALSE,PIEZAS
MTTO-1516,CONECTOR PVC BLANCO MACHO 1 1/2”,CONECTOR MACHO 1 1/2”,Items_Images/MTTO-1516.Image.144207.jpg,CAT007,PROV001,,$0.00,e3c7b211,1,1,FALSE,PIEZAS
MTTO-1517,CONEXION PVC BLANCO TIPO CODO 90° 1 1/2”,CODO 90°,Items_Images/MTTO-1517.Image.144524.jpg,CAT007,PROV001,,$0.00,1cdacd99,8,1,FALSE,PIEZAS
MTTO-1518,CONEXION PVC BLANCO TIPO CODO 45° 1 1/2”,CODO 45° 1 1/2”,Items_Images/MTTO-1518.Image.144756.jpg,CAT007,PROV001,,$0.00,1cdacd99,2,1,FALSE,PIEZAS
MTTO-1519,COPLE PVC BLANCO RECTO 1 1/2”,COPLE RECTO 1 1/2”,Items_Images/MTTO-1519.Image.145140.jpg,CAT007,PROV001,,$0.00,e3c7b211,1,1,FALSE,PIEZAS
MTTO-1520,TUERCA UNION PVC BLANCO 1 1/2”,TUERCA UNION 1 1/2,Items_Images/MTTO-1520.Image.145400.jpg,CAT007,PROV001,,$0.00,e3c7b211,5,1,FALSE,PIEZAS
MTTO-1521,ASIENTO PARA WC REDONDO 39CM,ASIENTO REDONDO PARA BANO,Items_Images/MTTO-1521.Image.145825.jpg,CAT003,,,$0.00,LOC0090,0,1,FALSE,PIEZAS
MTTO-1522,INTERRUPTOR SQUARE D MG800-MGP36800,INTERRUPTOR 800A,Items_Images/MTTO-1522.Image.151651.jpg,CAT006,1ce673ed,,$0.00,c4b19a8c,1,1,FALSE,PIEZAS
MTTO-1523,INTERRUPTOR J 405-TJK436F000-400A,INTERRUPTOR 3 FASES-400A,Items_Images/MTTO-1523.Image.152311.jpg,CAT006,1ce673ed,,$0.00,c4b19a8c,1,1,FALSE,PIEZAS
MTTO-1524,INTERRUPTOR J 403-TJK436F000-400A,INTERRUPTOR 3 FASES-400A,Items_Images/MTTO-1524.Image.152935.jpg,CAT006,1ce673ed,,$0.00,c4b19a8c,1,1,FALSE,PIEZAS
MTTO-1525,INTERRUPTOR J 408-TJK436F00-350A,INTERRUPTOR 3 FASES-350A,Items_Images/MTTO-1525.Image.153317.jpg,CAT006,1ce673ed,,$0.00,c4b19a8c,1,1,FALSE,PIEZAS
MTTO-1526,INTERRUPTOR T JK436F000-400A,INTERRUPTOR 400A,Items_Images/MTTO-1526.Image.160204.jpg,CAT006,1ce673ed,,$0.00,c4b19a8c,1,1,FALSE,PIEZAS
MTTO-1527,INTERRUPTOR SQUARE D KAL36200-200A,INTERRUPTOR 200A,Items_Images/MTTO-1527.Image.160512.jpg,CAT006,1ce673ed,,$0.00,c4b19a8c,2,1,FALSE,PIEZAS
MTTO-1528,INTERRUPTOR ANDELI MCCB-AM2-160N,INTERRUPTOR ANDELI,Items_Images/MTTO-1528.Image.160859.jpg,CAT006,1ce673ed,,$0.00,c4b19a8c,1,1,FALSE,PIEZAS
MTTO-1529,MANGUERA METALICA FLEXIBLE 3”,MANGUERA METALICA PARA CALANDRIA,Items_Images/MTTO-1529.Image.161321.jpg,CAT003,,,$0.00,c4b19a8c,0,1,FALSE,PIEZAS
MTTO-1530,MANGUERA METALICA FLEXIBLE 2”,MANGUERA METALICA PARA CALANDRIA,Items_Images/MTTO-1530.Image.161640.jpg,CAT003,,,$0.00,c4b19a8c,1,1,FALSE,PIEZAS
MTTO-1531,VASIJA PORTA FLITRO (PARTE SUPERIOR),VASIJA PARA ALIMENTADORES,Items_Images/MTTO-1531.Image.162527.jpg,CAT003,,,$0.00,1cdacd99,1,1,FALSE,PIEZAS
MTTO-1532,IMAN PARA TOLVAS ALIMENTACION,IMAN PARA RETENER METALES EN LA CAIDA DE MATERIAL A LA MAQUINA,Items_Images/MTTO-1532.Image.165740.jpg,db498a61,,,$0.00,8eede3f6,1,1,FALSE,PIEZAS
MTTO-1533,TABLERO CONTROL TURBINAS ALIMENTACION DOBLE,CONTROLADOR PARA TURBINAS DE ALIMENTACION A EXTRUSION,Items_Images/MTTO-1533.Image.170136.jpg,db498a61,ab7dd31c,,$0.00,8eede3f6,1,1,FALSE,PIEZAS
MTTO-1534,BASE PARA BOMBA DE ANILLO LIQUIDO Y PULMONES,BASE PARA LA BOMBA DE VACIO DE ANILLO LIQUIDO CON SUS DOS PULMONES PERO SIN BOMBA,Items_Images/MTTO-1534.Image.171300.jpg,db498a61,ab7dd31c,,$0.00,8eede3f6,1,1,FALSE,PIEZAS
MTTO-1535,CAMBIAMALLAS ROTATIVO GOODIE,BLOQUE CAMBIAMALLAS ROTATIVO MARCA GOODIE DESARMADO,Items_Images/MTTO-1535.Image.171758.jpg,db498a61,ab7dd31c,,$0.00,8eede3f6,1,1,FALSE,PIEZAS
MTTO-1536,TABLERO DE CONTROL ELECTRICO 02,TABLERO DE CONTROL ELECTRICO DESGUAZADO,Items_Images/MTTO-1536.Image.172240.jpg,db498a61,ab7dd31c,,$0.00,8eede3f6,1,1,FALSE,PIEZAS
MTTO-1537,CONEXION CPVC TIPO TEE 1/2”,CONEXION TEE CPVC,Items_Images/MTTO-1537.Image.212733.jpg,CAT007,PROV001,,$0.00,e3c7b211,3,1,FALSE,PIEZAS
MTTO-1538,CONEXION CPVC TIPO CODO 90° 1 1/2”,CODO 90° CPVC,Items_Images/MTTO-1538.Image.213924.jpg,CAT007,PROV001,,$0.00,e3c7b211,4,1,FALSE,PIEZAS
MTTO-1539,VALVULA DE BOLA CPVC 1 1/2”,VALVULA DE BOLA CPVC,Items_Images/MTTO-1539.Image.215052.jpg,CAT007,PROV001,,$0.00,e3c7b211,2,1,FALSE,PIEZAS
MTTO-1540,TUERCA UNION CPVC 1 1/2”,TUERCA UNION CPVC,Items_Images/MTTO-1540.Image.215508.jpg,CAT007,PROV001,,$0.00,e3c7b211,5,1,FALSE,PIEZAS
MTTO-1541,CONECTOR CPVC MACHO 1 1/2”,CONECTOR MACHO CPVC,Items_Images/MTTO-1541.Image.215756.jpg,CAT007,PROV001,,$0.00,e3c7b211,2,1,FALSE,PIEZAS
MTTO-1542,VALVULA DE BOLA CPVC 1”,VALVULA DE BOLA CPVC,Items_Images/MTTO-1542.Image.222255.jpg,CAT007,PROV001,,$0.00,e3c7b211,2,1,FALSE,PIEZAS
MTTO-1543,TUERCA UNION CPVC 1 1/4”,TUERCA UNION CPVC,Items_Images/MTTO-1543.Image.222636.jpg,CAT007,PROV001,,$0.00,e3c7b211,2,1,FALSE,PIEZAS
MTTO-1544,CONEXION CPVC TIPO CODO 90° 1”,CODO 90° CPVC,Items_Images/MTTO-1544.Image.223714.jpg,CAT007,PROV001,,$0.00,e3c7b211,2,1,FALSE,PIEZAS
MTTO-1545,CONEXION CPVC TIPO TEE 1”,CONEXION TEE CPVC,Items_Images/MTTO-1545.Image.224101.jpg,CAT007,PROV001,,$0.00,e3c7b211,1,1,FALSE,PIEZAS
MTTO-1546,CONECTOR CPVC HEMBRA 1”,CONECTOR HEMBRA CPVC,Items_Images/MTTO-1546.Image.224354.jpg,CAT007,PROV001,,$0.00,e3c7b211,1,1,FALSE,PIEZAS
MTTO-1547,CONEXION CPVC TIPO CODO 90° 1/2”,CODO 90° CPVC,Items_Images/MTTO-1547.Image.225352.jpg,CAT007,PROV001,,$0.00,e3c7b211,2,1,FALSE,PIEZAS
MTTO-1548,COPLE CPVC RECTO 1/2”,COPLE CPVC,Items_Images/MTTO-1548.Image.225656.jpg,CAT007,PROV001,,$0.00,e3c7b211,6,1,FALSE,PIEZAS
MTTO-1549,FILTRO SEPARADOR ACEITE BV USADOS (BLANCOS BOSH V532 140 159),FILTROS SEPARADORES DE ACEITE PARA BOMBAS DE VACIO,Items_Images/MTTO-1549.Image.001421.jpg,CAT003,,,$0.00,15a6e401,56,1,FALSE,PIEZAS
MTTO-1550,FILTRO SEPARADOR ACEITE BV USADO (NEGRO),FILTRO SEPARADOR DE ACEITE PARA BOMBA DE VACIO,Items_Images/MTTO-1550.Image.001618.jpg,CAT003,,,$0.00,15a6e401,13,1,FALSE,PIEZAS
MTTO-1551,CORREA PARA CARGA CON TRIQUETE,CORREA PARA CARGA,Items_Images/MTTO-1551.Image.002826.jpg,CAT001,PROV001,,$0.00,15a6e401,58,2,FALSE,PIEZAS
MTTO-1552,LITEL HEATER LAMP 235V/3000W,LAMPARAS,Items_Images/MTTO-1552.Image.134200.jpg,db498a61,ab7dd31c,,$0.00,8eede3f6,81,1,FALSE,PIEZAS
MTTO-1553,REDUCTOR FALK-SPTH56C,REDUCTOR PARA CALANDRIA,Items_Images/MTTO-1553.Image.135158.jpg,CAT003,,,$0.00,1abd033c,1,1,FALSE,PIEZAS
MTTO-1554,REDUCTOR FALK-SPFH56C,REDUCTOR PARA CALANDRIA,Items_Images/MTTO-1554.Image.135452.jpg,CAT003,,,$0.00,1abd033c,1,1,FALSE,PIEZAS
MTTO-1555,REDUCTOR US-SERIES 3000,MOTORREDUCTOR,Items_Images/MTTO-1555.Image.152007.jpg,CAT003,,,$0.00,1abd033c,1,1,FALSE,PIEZAS
MTTO-1556,REDUCTOR FALK-SIFN46B,MOTORREDUCTOR,Items_Images/MTTO-1556.Image.152458.jpg,CAT003,,,$0.00,1abd033c,1,1,FALSE,PIEZAS
MTTO-1557,SEGURO PARA CARRO DE EMBOBINADOR,SEGURO,Items_Images/MTTO-1557.Image.155118.jpg,CAT003,,,$0.00,1abd033c,5,2,FALSE,PIEZAS
MTTO-1558,MOTOR DK92-230V/60HZ,MOTOR,Items_Images/MTTO-1558.Image.155759.jpg,CAT003,,,$0.00,1abd033c,1,1,FALSE,PIEZAS
MTTO-1559,MOTOR YLJ112-10-4/440V-60HZ,MOTOR,Items_Images/MTTO-1559.Image.160146.jpg,CAT003,,,$0.00,1abd033c,1,1,FALSE,PIEZAS
MTTO-1560,SOPLADOR CENTRIFUGO 3250RPM,SOPLADOR,Items_Images/MTTO-1560.Image.162025.jpg,CAT003,,,$0.00,1abd033c,1,1,FALSE,PIEZAS
MTTO-1561,MOTOR NEMA PREMIUM DX41,MOTOR,Items_Images/MTTO-1561.Image.162818.jpg,CAT003,,,$0.00,1abd033c,1,1,FALSE,PIEZAS
MTTO-1562,"CINTA ADHESIVA DE COLOR ROJO  2"" X 55 YARDAS, ROJA, 48 MM X 50 M",IDENTIFICAR  AISLAR COMPONENTES,Items_Images/MTTO-1562.Image.165408.jpg,CAT002,PROV001,,$0.00,218b4280,2,1,FALSE,PIEZAS
MTTO-1563,MOTOR WEG-00518ET3EM184TW,MOTOR,Items_Images/MTTO-1563.Image.165700.jpg,CAT003,,,$0.00,1abd033c,1,1,FALSE,PIEZAS
MTTO-1564,"CINTA ADHESIVA DE COLOR VERDE 2"" X 55 YARDAS, , 48 MM X 50 M",IDENTIFICAR AISLAR COMPONENTES,Items_Images/MTTO-1564.Image.165802.jpg,CAT002,PROV001,,$0.00,218b4280,2,1,FALSE,PIEZAS
MTTO-1565,"CINTA ADHESIVA DE COLOR AZUL 2"" X 55 YARDAS, , 48 MM X 50 M",IDENTIFICAR AISLAR COMPONENTES,Items_Images/MTTO-1565.Image.170033.jpg,CAT002,PROV001,,$0.00,218b4280,2,1,FALSE,PIEZAS
MTTO-1566,"CINTA ADHESIVA DE COLOR AMARILLO 2"" X 55 YARDAS, , 48 MM X 50 M",IDENTIFICAR AISLAR COMPONENTES,Items_Images/MTTO-1566.Image.170214.jpg,CAT002,PROV001,,$0.00,218b4280,2,1,FALSE,PIEZAS
MTTO-1567,REDUCTOR DE TORNILLO SIN FIN,REDUCTOR,Items_Images/MTTO-1567.Image.193021.jpg,CAT003,,,$0.00,1abd033c,2,1,FALSE,PIEZAS
MTTO-1568,REDUCTOR PARA EMBOBINADORES,REDUCTOR,Items_Images/MTTO-1568.Image.195218.jpg,CAT003,,,$0.00,1abd033c,3,1,FALSE,PIEZAS
MTTO-1569,BASES PARA EXTURSORA,PATAS PARA EXTURSORA,Items_Images/MTTO-1569.Image.195445.jpg,CAT003,,,$0.00,1abd033c,0,2,FALSE,PIEZAS
MTTO-1570,VENTEO DESGASIFICADOR,VENTEO,Items_Images/MTTO-1570.Image.195753.jpg,CAT003,,,$0.00,1abd033c,1,1,FALSE,PIEZAS
MTTO-1571,POLEA CBS C-069,POLEA,Items_Images/MTTO-1571.Image.200458.jpg,CAT003,,,$0.00,1abd033c,1,1,FALSE,PIEZAS
MTTO-1572,POLEA 2B 136 SK,POLEA,Items_Images/MTTO-1572.Image.201322.jpg,CAT003,,,$0.00,1abd033c,1,1,FALSE,PIEZAS
MTTO-1573,POLEA PARA CHUMACERA DE SILO,POLEA,Items_Images/MTTO-1573.Image.201503.jpg,CAT003,,,$0.00,1abd033c,1,1,FALSE,PIEZAS
MTTO-1574,POLEA 3 CANALES,POLEA,Items_Images/MTTO-1574.Image.201629.jpg,CAT003,,,$0.00,1abd033c,1,1,FALSE,PIEZAS
MTTO-1575,EMPAQUE CIRCULAR PARA CRUCETA VENTEOS,EMPAQUE PARA CRUCETA,Items_Images/MTTO-1575.Image.202611.jpg,CAT008,a5eff119,,$0.00,LOC0116,25,1,FALSE,PIEZAS
MTTO-1576,JUEGO DE LIMAS,LIMAS,Items_Images/MTTO-1576.Image.202827.jpg,CAT001,PROV001,,$0.00,LOC0116,0,1,FALSE,PAQUETES
MTTO-1577,MOTOR MARATHON XJ-10HP-7.5KW,MOTOR,Items_Images/MTTO-1577.Image.135045.jpg,CAT003,,,$0.00,1bf1bb15,1,1,FALSE,PIEZAS
MTTO-1578,MOTOR IE2-7.5KW,MOTOR,Items_Images/MTTO-1578.Image.135402.jpg,CAT003,,,$0.00,1bf1bb15,1,1,FALSE,PIEZAS
MTTO-1579,MOTOR YX3-132M-4,MOTOR,Items_Images/MTTO-1579.Image.135709.jpg,CAT003,,,$0.00,1bf1bb15,1,1,FALSE,PIEZAS
MTTO-1580,MOTOR YE3-132M-4,MOTOR,Items_Images/MTTO-1580.Image.140621.jpg,CAT003,,,$0.00,1bf1bb15,1,1,FALSE,PIEZAS
MTTO-1581,ROTOR PARA BOMBA DE VACIO,ROTOR PARA PALETAS DE BOMBA DE VACIO,Items_Images/MTTO-1581.Image.141610.jpg,CAT003,,,$0.00,1bf1bb15,2,1,FALSE,PIEZAS
MTTO-1582,MOTOR SIN ESPECIFICACIONES,MOTOR,Items_Images/MTTO-1582.Image.142005.jpg,CAT003,,,$0.00,1bf1bb15,1,1,FALSE,PIEZAS
MTTO-1583,MOTOR Y2-132S1-2,MOTOR,Items_Images/MTTO-1583.Image.142725.jpg,CAT003,,,$0.00,1bf1bb15,1,1,FALSE,PIEZAS
MTTO-1584,TUERCA UNION PVC GRIS 3”,TUERCA UNION PVC GRIS,Items_Images/MTTO-1584.Image.152725.jpg,CAT007,PROV001,,$0.00,e3c7b211,6,1,FALSE,PIEZAS
MTTO-1585,VALVULA DE BOLA PVC GRIS 3”,VALVULA DE BOLA GRIS PVC,Items_Images/MTTO-1585.Image.153302.jpg,CAT007,PROV001,,$0.00,e3c7b211,7,1,FALSE,PIEZAS
MTTO-1586,CONECTOR PVC GRIS HEMBRA 3”,CONECTOR HEMBRA GRIS PVC,Items_Images/MTTO-1586.Image.153939.jpg,CAT007,PROV001,,$0.00,e3c7b211,6,1,FALSE,PIEZAS
MTTO-1587,CONECTOR PVC GRIS MACHO 3”,CONECTOR MACHO GRIS PVC,Items_Images/MTTO-1587.Image.154333.jpg,CAT007,PROV001,,$0.00,e3c7b211,6,1,FALSE,PIEZAS
MTTO-1588,VALVULA DE BOLA PVC GRIS 2”,VALVULA DE BOLA GRIS PVC,Items_Images/MTTO-1588.Image.154611.jpg,CAT007,PROV001,,$0.00,e3c7b211,4,1,FALSE,PIEZAS
MTTO-1589,TUERCA UNION PVC GRIS 2”,TUERCA UNION PVC GRIS,Items_Images/MTTO-1589.Image.154943.jpg,CAT007,PROV001,,$0.00,e3c7b211,3,1,FALSE,PIEZAS
MTTO-1590,REDUCTOR PVC GRIS OCTAGONAL 3-2”,REDUCTOR GRIS PVC,Items_Images/MTTO-1590.Image.155327.jpg,CAT007,PROV001,,$0.00,e3c7b211,8,1,FALSE,PIEZAS
MTTO-1591,REDUCTOR PVC GRIS HEXAGONAL 3-2”,REDUCTOR GRIS PVC,Items_Images/MTTO-1591.Image.155600.jpg,CAT007,PROV001,,$0.00,e3c7b211,3,1,FALSE,PIEZAS
MTTO-1592,REDUCTOR PVC GRIS CIRCULAR 3-2”,REDUCTOR GRIS PVC,Items_Images/MTTO-1592.Image.155659.jpg,CAT007,PROV001,,$0.00,e3c7b211,7,1,FALSE,PIEZAS
MTTO-1593,REDUCTOR PVC GRIS 3-1”,REDUCTOR GIRS PVC,Items_Images/MTTO-1593.Image.160029.jpg,CAT007,PROV001,,$0.00,e3c7b211,1,1,FALSE,PIEZAS
MTTO-1594,COPLE PVC GRIS RECTO 3”,COPLE PVC GRIS,Items_Images/MTTO-1594.Image.160503.jpg,CAT007,PROV001,,$0.00,e3c7b211,2,1,FALSE,PIEZAS
MTTO-1595,CONEXION PVC GRIS TIPO TEE 3”,CONEXION TEE GRIS PVC,Items_Images/MTTO-1595.Image.160924.jpg,CAT007,PROV001,,$0.00,e3c7b211,3,1,FALSE,PIEZAS
MTTO-1596,CONEXION PVC GRIS TIPO CODO 90° 3”,CODO GRIS PVC,Items_Images/MTTO-1596.Image.161127.jpg,CAT007,PROV001,,$0.00,e3c7b211,3,1,FALSE,PIEZAS
MTTO-1597,CONEXION PVC GRIS TIPO TEE 2”,CONEXION PVC TIPO TEE GRIS,Items_Images/MTTO-1597.Image.161946.jpg,CAT007,PROV001,,$0.00,e3c7b211,2,1,FALSE,PIEZAS
MTTO-1598,CONECTOR PVC GRIS HEMBRA 2”,CONECTOR HEMBRA GRIS PVC,Items_Images/MTTO-1598.Image.162130.jpg,CAT007,PROV001,,$0.00,e3c7b211,5,1,FALSE,PIEZAS
MTTO-1599,CONECTOR PVC GRIS MACHO 2”,CONECTOR MACHO GRIS PVC,Items_Images/MTTO-1599.Image.162334.jpg,CAT007,PROV001,,$0.00,e3c7b211,7,1,FALSE,PIEZAS
MTTO-1600,REDUCTOR PVC GRIS OCTAGONAL 2”- 1 1/4”,REDUCTOR GRIS PVC,Items_Images/MTTO-1600.Image.162708.jpg,CAT007,PROV001,,$0.00,e3c7b211,5,1,FALSE,PIEZAS
MTTO-1601,REDUCTOR PVC GRIS CIRCULAR 2-1”,REDUCTOR GRIS PVC,Items_Images/MTTO-1601.Image.163032.jpg,CAT007,PROV001,,$0.00,e3c7b211,5,1,FALSE,PIEZAS
MTTO-1602,COPLE PVC GRIS RECTO 2”,COPLE PVC GRIS,Items_Images/MTTO-1602.Image.184358.jpg,CAT007,PROV001,,$0.00,e3c7b211,4,1,FALSE,PIEZAS
MTTO-1603,COPLE PVC BLANCO RECTO 2”,COPLE,Items_Images/MTTO-1603.Image.184601.jpg,CAT007,PROV001,,$0.00,e3c7b211,2,1,FALSE,PIEZAS
MTTO-1604,CONEXION PVC GRIS TIPO CODO 45° 2”,CODO GRIS PVC,Items_Images/MTTO-1604.Image.184939.jpg,CAT007,PROV001,,$0.00,e3c7b211,6,1,FALSE,PIEZAS
MTTO-1605,CONEXION PVC GRIS TIPO CODO 90° 2”,CODO GRIS PVC,Items_Images/MTTO-1605.Image.185209.jpg,CAT007,PROV001,,$0.00,e3c7b211,1,1,FALSE,PIEZAS
MTTO-1606,"MANGUERA NEUMATICA 3/8""",MANGUERA 3/8,Items_Images/MTTO-1606.Image.190315.jpg,CAT004,,,$0.00,7066317f,5,1,FALSE,METROS
MTTO-1607,ELEMENTO 90°/5/64,ELEMENTOS PARA HUSILLO,Items_Images/MTTO-1607.Image.201430.jpg,CAT003,,,$0.00,d009594f,21,1,FALSE,PIEZAS
MTTO-1608,ELEMENTO 45°/5/36,ELEMENTOS PARA HUSILLO,Items_Images/MTTO-1608.Image.202114.jpg,CAT003,,,$0.00,d009594f,5,1,FALSE,PIEZAS
MTTO-1609,ELEMENTO 64/32,ELEMENTO PARA HUSILLO,Items_Images/MTTO-1609.Image.234542.jpg,CAT003,,,$0.00,d009594f,4,2,FALSE,PIEZAS
MTTO-1610,ELEMENTO 72/72,ELEMENTO PARA HUSILLO,Items_Images/MTTO-1610.Image.235252.jpg,CAT003,,,$0.00,d009594f,34,1,FALSE,PIEZAS
MTTO-1611,ELEMENTO 45°/5/64,ELEMENTOS PARA HUSILLO,Items_Images/MTTO-1611.Image.234501.jpg,CAT003,,,$0.00,d009594f,39,2,FALSE,PIEZAS
MTTO-1612,ELEMENTO 96/96,ELEMENTOS PARA HUSILLO,Items_Images/MTTO-1612.Image.235043.jpg,CAT003,,,$0.00,d009594f,18,1,FALSE,PIEZAS
MTTO-1613,ELEMENTO 128/128,ELEMENTO PARA HUSILLO,Items_Images/MTTO-1613.Image.234847.jpg,CAT003,,,$0.00,d009594f,53,1,FALSE,PIEZAS
MTTO-1614,ELEMENTO 45°/5/128,ELEMENTO PARA HUSILLO,Items_Images/MTTO-1614.Image.235527.jpg,CAT003,,,$0.00,d009594f,3,1,FALSE,PIEZAS
MTTO-1615,ELEMENTO D72/72,ELEMENTO PARA HUSILLO,Items_Images/MTTO-1615.Image.190749.jpg,CAT003,,,$0.00,15a6e401,16,2,FALSE,PIEZAS
MTTO-1616,ELEMENTO PUNTA,PUNTAS DE ELEMENTO PARA HUSILLO,Items_Images/MTTO-1616.Image.141842.jpg,CAT003,,,$0.00,d009594f,4,2,FALSE,PIEZAS
MTTO-1617,VENTILADOR PARA BOMBA DE ENGRANE,VENTILADOR,Items_Images/MTTO-1617.Image.143306.jpg,CAT003,,,$0.00,769ef04d,1,1,FALSE,PIEZAS
MTTO-1618,POLEA 2 CANALES CON 6 ASPAS,POLEA,Items_Images/MTTO-1618.Image.144205.jpg,CAT003,,,$0.00,769ef04d,1,1,FALSE,PIEZAS
MTTO-1619,TABLERO ELECTRICO,TABLERO ELECTRICO,Items_Images/MTTO-1619.Image.144717.jpg,CAT006,,,$0.00,769ef04d,1,1,FALSE,PIEZAS
MTTO-1620,ESTATOR 1380 RPM,ESTATOR DE MOTOR,Items_Images/MTTO-1620.Image.145815.jpg,CAT003,,,$0.00,769ef04d,0,1,FALSE,PIEZAS
MTTO-1621,TINA PARA PORTAFILTRO CHICA,TINA PORTAFILTRO PARA BOMBA DE VACIO,Items_Images/MTTO-1621.Image.155613.jpg,CAT003,,,$0.00,769ef04d,1,1,FALSE,PIEZAS
MTTO-1622,TAPA PARA BOMBA DE VACIO,TAPA PARA BOMBA DE VACIO,Items_Images/MTTO-1622.Image.160359.jpg,CAT003,,,$0.00,769ef04d,7,2,FALSE,PIEZAS
MTTO-1623,GUARDA DE NAVAJAS CIRCULARES (NUEVA),GUARDA DE NAVAJAS,Items_Images/MTTO-1623.Image.163857.jpg,CAT003,,,$0.00,769ef04d,1,2,FALSE,PIEZAS
MTTO-1624,GUARDA PARA VARIADOR DE EMBOBINADOR DE REFIL,GUARDA,Items_Images/MTTO-1624.Image.164011.jpg,CAT003,,,$0.00,769ef04d,1,1,FALSE,PIEZAS
MTTO-1625,CAJA XA PARA CONEXIONES,CAJA PARA CONEXIONES,Items_Images/MTTO-1625.Image.164155.jpg,CAT002,,,$0.00,769ef04d,1,1,FALSE,PIEZAS
MTTO-1626,MALLA DE ACERO INOXIDABLE,MALLA,Items_Images/MTTO-1626.Image.201221.png,CAT002,,,$0.00,e7e69bdf,9,1,FALSE,PIEZAS
MTTO-1627,MOTOR MONOFASICO IRF 3-056-4YC41-1HP,MOTOR,Items_Images/MTTO-1627.Image.205634.jpg,CAT003,,,$0.00,b4a2143f,1,1,FALSE,PIEZAS
MTTO-1628,ESTATOR PARA TURBINA DE ALIMENTACION,ESTATOR PARA TURBINA,Items_Images/MTTO-1628.Image.215040.jpg,CAT003,,,$0.00,b4a2143f,1,1,FALSE,PIEZAS
MTTO-1629,"DISCO DESBASTE PARA METAL 8"" X 1""",DISCO PARA EL ESMERIL DE BANCO,Items_Images/MTTO-1629.Image.135850.png,CAT002,PROV001,$211.28,$274.66,LOC0106,0,1,FALSE,PIEZAS
MTTO-1630,PINON,PINON,Items_Images/MTTO-1630.Image.170353.jpg,CAT003,,,$0.00,b4a2143f,1,1,FALSE,PIEZAS
MTTO-1631,SERVOMOTOR PARA RODILLOS JALADORES,SERVOMOTOR,Items_Images/MTTO-1631.Image.150603.jpg,CAT003,,,$0.00,2e6af4ed,3,2,FALSE,PIEZAS
MTTO-1632,CONECTOR CODO 90° PARA CAÑON,CONECTOR PARA CANON,Items_Images/MTTO-1632.Image.153803.jpg,CAT003,344207b0,,$0.00,4ca9e823,1,1,FALSE,PIEZAS
MTTO-1633,CONECTOR PARA DADO (LABIO),CONECTOR PARA DADO,Items_Images/MTTO-1633.Image.153919.jpg,CAT003,ab7dd31c,,$0.00,4ca9e823,1,1,FALSE,PIEZAS
MTTO-1634,"CABLE MULTICONDUCTOR 4 HILOS, CALIBRE 22 AWG",CABLE DE CONTROL USO GENERAL,Items_Images/MTTO-1634.Image.165949.png,CAT006,,,$0.00,LOC0069,100,1,FALSE,METROS
MTTO-1635,ELEMENTO 128/128C,ELEMENTO PARA HUSILLO,Items_Images/MTTO-1635.Image.184551.jpg,CAT003,,,$0.00,15a6e401,12,2,FALSE,PIEZAS
MTTO-1636,ELEMENTO 72/72C,ELEMENTO PARA HUSILLO,Items_Images/MTTO-1636.Image.185945.jpg,CAT003,,,$0.00,15a6e401,8,2,FALSE,PIEZAS
MTTO-1637,ELEMENTO D72/72G,ELEMENTO PARA HUSILLO,Items_Images/MTTO-1637.Image.191340.jpg,CAT003,,,$0.00,15a6e401,2,1,FALSE,PIEZAS
MTTO-1638,ELEMENTO G12,ELEMENTO PARA HUSILLO,Items_Images/MTTO-1638.Image.191749.jpg,CAT003,,,$0.00,15a6e401,2,2,FALSE,PIEZAS
MTTO-1639,ELEMENTO PRXX,ELEMENTO PARA HUSILLO,Items_Images/MTTO-1639.Image.191924.jpg,CAT003,,,$0.00,15a6e401,2,1,FALSE,PIEZAS
MTTO-1640,ELEMENTO 64/64,ELEMENTO PARA HUSILLO,Items_Images/MTTO-1640.Image.140320.jpg,CAT003,,,$0.00,2d7d9e04,24,2,FALSE,PIEZAS
MTTO-1641,BALERO 22318-E1-C3,BALERO,Items_Images/MTTO-1641.Image.160422.jpg,CAT009,e0a455a9,,$0.00,2d7d9e04,3,1,FALSE,PIEZAS
MTTO-1642,BALERO NA6913-ZW-XL,BALERO,Items_Images/MTTO-1642.Image.160739.jpg,CAT009,e0a455a9,,$0.00,2d7d9e04,4,1,FALSE,PIEZAS
MTTO-1643,BALERO NU2315-E-XL-M1-C3,BALERO,Items_Images/MTTO-1643.Image.161318.jpg,CAT009,e0a455a9,,$0.00,2d7d9e04,2,1,FALSE,PIEZAS
MTTO-1644,DISPENSADOR DE AGUA,DISPENSADOR,Items_Images/MTTO-1644.Image.171209.jpg,CAT003,,,$0.00,2e6af4ed,1,1,FALSE,PIEZAS
MTTO-1645,NIPLE GALVANIZADO 1 1/4” X 4 1/2,NIPLE GALVANIZADO,Items_Images/MTTO-1645.Image.185114.jpg,CAT002,PROV001,,$0.00,e3c7b211,1,1,FALSE,PIEZAS
MTTO-1646,NIPLE GALVANIZADO 1 1/4” X 7,NIPLE GALVANIZADO,Items_Images/MTTO-1646.Image.185349.jpg,CAT002,PROV001,,$0.00,e3c7b211,2,1,FALSE,PIEZAS
MTTO-1647,CODO GALVANIZADO 90° 1 1/4”,CODO GALVANIZADO,Items_Images/MTTO-1647.Image.190054.jpg,CAT002,,,$0.00,e3c7b211,1,1,FALSE,PIEZAS
MTTO-1648,REDUCCION BUSHING DE 1 1/4” A 1”,REDUCCION,Items_Images/MTTO-1648.Image.190128.jpg,CAT002,,,$0.00,1bf1bb15,2,1,FALSE,PIEZAS
MTTO-1649,REDUCCION BUSHING DE 1 1/4” A 1/2”,REDUCCION,Items_Images/MTTO-1649.Image.190353.jpg,CAT002,,,$0.00,1bf1bb15,2,1,FALSE,PIEZAS
MTTO-1650,CONEXION GALVANIZADA TIPO TEE 1 1/4”,TEE CONEXIONES USO GENERAL,Items_Images/MTTO-1650.Image.191052.jpg,CAT002,,,$0.00,e3c7b211,4,1,FALSE,PIEZAS
MTTO-1651,CODO GALVANIZADO 90° 1 1/2”,CODO GALVANIZADO,Items_Images/MTTO-1651.Image.191710.jpg,CAT002,,,$0.00,e3c7b211,1,1,FALSE,PIEZAS
MTTO-1652,COPLE GALVANIZADO 1 1/2”,USO PARA DUCTOS Y TUBERIAS,Items_Images/MTTO-1652.Image.192036.jpg,CAT002,,,$0.00,e3c7b211,2,1,FALSE,PIEZAS
MTTO-1653,TUERCA UNION GALVANIZADA 1 1/2”,TUERCA UNION GALVANIZADA,Items_Images/MTTO-1653.Image.192746.jpg,CAT002,PROV001,,$0.00,e3c7b211,1,1,FALSE,PIEZAS
MTTO-1654,REDUCCION BUSHING DE 1 1/2” A 1”,REDUCCION,Items_Images/MTTO-1654.Image.193033.jpg,CAT002,,,$0.00,1bf1bb15,1,1,FALSE,PIEZAS
MTTO-1655,REDUCCION CAMPANA DE 1 1/2” A 1”,REDUCCION,Items_Images/MTTO-1655.Image.193339.jpg,CAT002,,,$0.00,1bf1bb15,1,1,FALSE,PIEZAS
MTTO-1656,REDUCCION CAMPANA DE 1 1/2” A 3/4”,REDUCCION,Items_Images/MTTO-1656.Image.193605.jpg,CAT002,,,$0.00,1bf1bb15,1,1,FALSE,PIEZAS
MTTO-1657,CONEXION GALVANIZADA TIPO TEE 3/4”,TEE CONEXIONES USO GENERAL,Items_Images/MTTO-1657.Image.194224.jpg,CAT002,,,$0.00,e3c7b211,10,1,FALSE,PIEZAS
MTTO-1658,TAPON GALVANIZADO MACHO 3/4”,TAPON GALVANIZADA USO GENERAL,Items_Images/MTTO-1658.Image.194920.jpg,CAT002,,,$0.00,e3c7b211,4,1,FALSE,PIEZAS
MTTO-1659,TAPON GALVANIZADO HEMBRA 3/4”,TAPON GALVANIZADO USO GENAL,Items_Images/MTTO-1659.Image.200322.jpg,CAT002,,,$0.00,e3c7b211,2,1,FALSE,PIEZAS
MTTO-1660,CODO GALVANIZADO 90° 3/4”,CODO GALVANIZADO,Items_Images/MTTO-1660.Image.200632.jpg,CAT002,,,$0.00,e3c7b211,3,1,FALSE,PIEZAS
MTTO-1661,TUERCA UNION GALVANIZADA 3/4”,TUERCA UNION GALVANIZADA,Items_Images/MTTO-1661.Image.200919.jpg,CAT002,PROV001,,$0.00,e3c7b211,2,1,FALSE,PIEZAS
MTTO-1662,REDUCCION BUSHING DE 3/4” A 1/2”,REDUCCION,Items_Images/MTTO-1662.Image.201248.jpg,CAT002,,,$0.00,1bf1bb15,0,1,FALSE,PIEZAS
MTTO-1663,REDUCCION BUSHING DE 3/4” A 1/4”,REDUCCION,Items_Images/MTTO-1663.Image.201432.jpg,CAT002,,,$0.00,1bf1bb15,1,1,FALSE,PIEZAS
MTTO-1664,REDUCCION BUSHING DE 1/2” A 1/4”,REDUCCION,Items_Images/MTTO-1664.Image.201800.jpg,CAT002,,,$0.00,1bf1bb15,1,1,FALSE,PIEZAS
MTTO-1665,CONEXION GALVANIZADA TIPO TEE 1/2”,TEE CONEXIONES USO GENERAL,Items_Images/MTTO-1665.Image.202340.jpg,CAT002,,,$0.00,e3c7b211,5,1,FALSE,PIEZAS
MTTO-1666,CONEXION GALVANIZADA TIPO CRUZ 1/2”,CRUZ CONEXIONES USO GENERAL,Items_Images/MTTO-1666.Image.145040.jpg,CAT002,,,$0.00,e3c7b211,1,1,FALSE,PIEZAS
MTTO-1667,CODO GALVANIZADO 90° 1/2”,CODO GALVANIZADO,Items_Images/MTTO-1667.Image.145559.jpg,CAT002,,,$0.00,e3c7b211,4,1,FALSE,PIEZAS
MTTO-1668,CONEXION GALVANIZADA TIPO YEE 1/2”,YEE CONEXIONES USO GENERAL,Items_Images/MTTO-1668.Image.152903.jpg,CAT002,,,$0.00,e3c7b211,11,1,FALSE,PIEZAS
MTTO-1669,NIPLE GALVANIZADO 1” X 1 1/2”,NIPLE GALVANIZADO,Items_Images/MTTO-1669.Image.153904.jpg,CAT002,PROV001,,$0.00,e3c7b211,2,1,FALSE,PIEZAS
MTTO-1670,NIPLE GALVANIZADO 1” X 2”,NIPLE GALVANIZADO,Items_Images/MTTO-1670.Image.160053.jpg,CAT002,PROV001,,$0.00,e3c7b211,0,1,FALSE,PIEZAS
MTTO-1671,FUNDA DE FIBRA DE VIDRIO TRENZADA PARA CABLE 6MM,FUNDA PARA ALTA TEMPERATURA PARA CABLE,Items_Images/MTTO-1671.Image.143658.png,CAT002,,,$0.00,,0,1,FALSE,PIEZAS
MTTO-1672,RETEN 4262-8 VITON,RETEN PARA TURBINA ALIMENTACION RETENEDOR DE POLVO,Items_Images/MTTO-1672.Image.211726.jpg,CAT008,32918d31,,$0.00,LOC0015,7,1,FALSE,PIEZAS
MTTO-1673,"CRUZ GALVANIZADO DE 2""",CONEXIONES USO GENERAL,Items_Images/MTTO-1673.Image.173757.png,CAT007,,,$0.00,e3c7b211,3,1,FALSE,PIEZAS
MTTO-1674,"REDUCCION BUSHING GALVANIZADA DE 2"" A ½""",CONEXIONES USO GENERAL,Items_Images/MTTO-1674.Image.200612.png,CAT002,,,$0.00,e3c7b211,5,1,FALSE,PIEZAS
MTTO-1675,"REDUCCION BUSHING GALVANIZADA DE 2"" A ¼""",CONEXIONES USO GENERAL,Items_Images/MTTO-1675.Image.200851.png,CAT002,,,$0.00,e3c7b211,4,1,FALSE,PIEZAS
MTTO-1676,"NIPLE GALVANIZADO DE 1/4"" CUERDA CORRIDA",CONEXIONES USO GENERAL,Items_Images/MTTO-1676.Image.213109.png,CAT003,PROV001,,$0.00,e3c7b211,4,1,FALSE,PIEZAS
MTTO-1677,"CONEXION GALVANIZADA TIPO TEE ¼""",CONEXIONES USO GENERAL,Items_Images/MTTO-1677.Image.210356.png,CAT007,,,$0.00,e3c7b211,4,1,FALSE,PIEZAS
MTTO-1678,CONTACTO COLGANTE USO RUDO 15AMP 125V,MATERIAL ELÉCTRICO,Items_Images/MTTO-1678.Image.170122.jpg,CAT006,PROV001,,$0.00,LOC0071,10,1,,PIEZAS
MTTO-1679,BALASTRA PARA LAMPARA ULTRAVIOLETA,BALUV-6W EVANS,Items_Images/MTTO-1679.Image.161213.jpg,CAT006,3a4110bf,,$0.00,LOC0006,1,1,FALSE,PIEZAS
MTTO-1680,VALES DE MANTENIMIENTO,CAJAS CON VALES,Items_Images/MTTO-1680.Image.161551.jpg,db498a61,,,$0.00,LOC0006,2,1,FALSE,CAJAS
MTTO-1681,FLECA CARDAN TRASMISION SEIKO,TRASMISION SEIKO,Items_Images/MTTO-1681.Image.162956.jpg,CAT003,ab7dd31c,,$0.00,LOC0008,1,1,FALSE,PIEZAS
MTTO-1682,FLECHA CARDAN,AB2-97-A23,Items_Images/MTTO-1682.Image.163350.jpg,CAT003,ab7dd31c,,$0.00,LOC0008,3,1,FALSE,PIEZAS
MTTO-1683,FLECHA,CARDAN,Items_Images/MTTO-1683.Image.164009.jpg,CAT003,,,$0.00,LOC0008,1,1,FALSE,PIEZAS
MTTO-1684,VALVULA REGULADOR DE FLUJO,5000 PSI 345 BAR MAX,Items_Images/MTTO-1684.Image.173620.jpg,CAT007,,,$0.00,LOC0010,6,1,FALSE,PIEZAS
MTTO-1685,"COPLE LATÓN 3/4""",ACOPLAMIENTO EXAGONAL,Items_Images/MTTO-1685.Image.173658.jpg,CAT010,,,$0.00,LOC0010,3,1,FALSE,PIEZAS
MTTO-1686,FILTRO TIPO Y,PN16 DN25,Items_Images/MTTO-1686.Image.173204.jpg,CAT003,,,$0.00,LOC0010,5,1,FALSE,PIEZAS
MTTO-1687,LETREROS DE SILOS,SILOS,Items_Images/MTTO-1687.Image.190209.jpg,CAT002,,,$0.00,LOC0012,7,1,FALSE,PIEZAS
MTTO-1688,SENSOR MAGNÉTICO REED SWITCH PARA CILINDRO CST-220 CON SOPORTE,PARA LOS PISTONES DEL SLITTER,Items_Images/MTTO-1688.Image.193732.png,CAT004,2c6c8db2,$858.50,$0.00,LOC0056,4,1,FALSE,PIEZAS
MTTO-1689,MANGERA HIDRÁULICA PARKER 302/301 1-6,MANGERA PARA EL HIDRÁULICO DE RODILLO DE CROMO DE CALANDRA,Items_Images/MTTO-1689.Image.190258.jpg,CAT005,,,$0.00,LOC0080,1,2,FALSE,PIEZAS
MTTO-1690,"BLOQUE VALVULA SOLENOIDE HIDRAULICA, D03, 4/2, 1SOL, 24VDC DIN ""C A""",D1VW020BNJW91 350 BAR MAX. P.A.B,Items_Images/MTTO-1690.Image.142133.jpg,CAT005,a5eff119,"$7,364.40",$0.00,LOC0082,1,1,FALSE,PIEZAS
MTTO-1691,CABEZAL DE ESCANER,ESCANER DE CABEZAL,Items_Images/MTTO-1691.Image.152844.jpg,CAT006,,,$0.00,LOC0027,3,1,FALSE,PIEZAS
MTTO-1692,"CONEXIÓN TIPO TEE PVC 3/4"" BLANCO",CONEXION TIPO TEE PVC BLANCO,Items_Images/MTTO-1692.Image.181020.png,CAT007,PROV001,,$0.00,e3c7b211,4,1,FALSE,PIEZAS
MTTO-1693,REVEVADOR ESTADO SOLIDO SA3-4050D 40-480VAC 50A,RELEVADOR USO GENERAL,Items_Images/MTTO-1693.Image.192821.png,CAT006,,,$0.00,LOC0058,4,1,FALSE,PIEZAS
MTTO-1694,"TAQUETE ANCLA ARPON 5/8"" X 8 1/2""",USO GENERAL,Items_Images/MTTO-1694.Image.201611.png,CAT002,PROV001,,$0.00,LOC0053,5,1,FALSE,PIEZAS
MTTO-1695,GLÁNDULA CONECTOR AD28.5,CONECTORAD28.5,Items_Images/MTTO-1695.Image.132646.png,CAT002,,,$0.00,LOC0055,32,1,FALSE,PIEZAS
MTTO-1696,GLÁNDULA DE CONECTOR AD18,CONECTOR AD18,Items_Images/MTTO-1696.Image.132810.png,CAT002,,,$0.00,LOC0055,15,1,FALSE,PIEZAS
MTTO-1697,TAPA CIEGA CUADRADA DE 4X4 GALVANIZADA,MATERIAL ELECTRICO,Items_Images/MTTO-1697.Image.142140.png,CAT006,PROV001,,$0.00,92bd79f5,5,1,FALSE,PIEZAS
MTTO-1698,"SENSOR NIVEL DE AGUA, TIPO FLOTADOR DE ACERO INOXIDABLE DC0-110V, DE MONTAJE LATERAL DE 1/2"" NPT",SENSOR TINA DE ADICTIVO,Items_Images/MTTO-1698.Image.165208.jpg,CAT006,1ce673ed,,$0.00,,0,1,,PIEZAS
MTTO-1699,BLOQUE DE CONTACTO NORMALMENTE CERRADO SCHNEIDER ZB2-BE101C,BLOQUE DE CONTACTO,Items_Images/MTTO-1699.Image.140344.png,CAT006,1ce673ed,,$0.00,LOC0064,3,1,FALSE,PIEZAS
MTTO-1700,"TRANSFORMADOR DE CONTROL CUADRADO D 9070T500D1: 277V AC, 120V AC, CLASIFICACIÓN 500 VA",TRASFORMADOR DE CONTROL,Items_Images/MTTO-1700.Image.145333.png,CAT003,,,$0.00,LOC0063,1,1,FALSE,PIEZAS
MTTO-1701,COPLE CONDUIT DE PARED DELGADA CPD 100MM,COPLE CONDUIT,Items_Images/MTTO-1701.Image.210534.png,e4249c50,,,$0.00,e3c7b211,6,2,FALSE,PIEZAS
MTTO-1702,TAPON GALVANIZADO MACHO 2X 1/2,TAPON GALVANIZADO USO GENARL,Items_Images/MTTO-1702.Image.200658.png,CAT003,,,$0.00,e3c7b211,7,1,FALSE,PIEZAS
MTTO-1703,BOQUILLA PARA HIDROLAVADORA,PUNTA PARA KARCHER 360°,Items_Images/MTTO-1703.Image.144716.png,CAT001,PROV001,,$0.00,LOC0094,8,1,,PIEZAS
MTTO-1704,"TUBO TERMOCONTRÁCTIL, 3/16""",TUBO TERMOCONTRÁCTIL,Items_Images/MTTO-1704.Image.213212.jpg,CAT006,,,$0.00,LOC0100,25,1,,KITS
MTTO-1705,"ELECTRODO 6013 PUNTA NARANJA 1/8""",SOLDADURA 6013,Items_Images/MTTO-1705.Image.133508.png,CAT002,PROV001,,$0.00,b99687bf,120,1,FALSE,PIEZAS
MTTO-1706,MANGERA HIDRÁULICA PARKER 302/301 1-4,MANGUERA HIDRAULICA,Items_Images/MTTO-1706.Image.161345.png,CAT005,,,$0.00,LOC0080,0,1,FALSE,PIEZAS
MTTO-1707,RELEVADOR BIMETALICO ANDELI JR28-25 7-10A,RELE TERMICO PARA CONTACTOR,Items_Images/MTTO-1707.Image.193005.png,CAT006,1ce673ed,$301.60,$392.08,LOC0076,2,1,FALSE,PIEZAS
MTTO-1708,CINTA ESPUMA 6X 50 2,CINTA,Items_Images/MTTO-1708.Image.162716.png,CAT002,PROV001,,$0.00,LOC0093,15,1,FALSE,METROS
MTTO-1709,CINTA ESPUMA 6X24 1,CINTA,Items_Images/MTTO-1709.Image.162852.png,CAT002,PROV001,,$0.00,LOC0093,15,1,FALSE,METROS
MTTO-1710,MANOMETROS REFRIGERACION R410A R134A R22 R404A,MANOMETRO KITS,Items_Images/MTTO-1710.Image.181242.png,84388e9b,e0a455a9,,$0.00,LOC0094,1,1,FALSE,KITS
MTTO-1711,BOTAS DE PLATICO PARA AGUA,BOTAS DE PLASTICO,Items_Images/MTTO-1711.Image.151623.png,db498a61,,,$0.00,LOC0054,1,1,FALSE,PIEZAS
MTTO-1712,"DESATORNILLADOR /SCREWDRIVER, CABINET 1/8X 6""",9626 DESATORNILLADOR,Items_Images/MTTO-1712.Image.174015.png,CAT001,PROV001,,$0.00,218b4280,2,1,FALSE,PIEZAS
MTTO-1713,DADO LARGO/ LONG SOCKERT 12MM,"DADO 5312HM 6""",Items_Images/MTTO-1713.Image.173918.png,CAT001,PROV001,,$0.00,218b4280,4,1,FALSE,PIEZAS
MTTO-1714,ELECTROVALVULA NEUMATICA 4GA310R-08-B-3 DC24V,ELECTROVALVULA DCV24,Items_Images/MTTO-1714.Image.152725.png,CAT004,,,$0.00,LOC0082,5,1,FALSE,PIEZAS
MTTO-1715,"TORNILLO ALLEN CILINDRICO M6 X 10MM, PASO 1.0, PAVONADO",TORNILLERIA USO GENERAL,Items_Images/MTTO-1715.Image.200101.png,CAT010,fc5645e9,,$0.00,LOC0094,29,1,FALSE,PIEZAS
MTTO-1716,PIEDRA SINTERIZADA PARA ENCENDEDOR SENCILLA,PIEDRA SENCILLA,Items_Images/MTTO-1716.Image.202239.png,CAT002,,,$0.00,LOC0094,13,1,FALSE,PIEZAS
MTTO-1717,"INTERRUPTOR TERMOMAGNETICO RIEL DIN 10AMP 3 FASES, DZ47-63",CONECTOR DE POTENCIA,Items_Images/MTTO-1717.Image.190227.png,CAT006,1ce673ed,,$0.00,LOC0064,3,1,FALSE,PIEZAS
MTTO-1718,"INTERRUPTOR TERMOMAGNETICO RIEL DIN 10AMP 1 FASES, DZ47-63",INTERRUPTOR TERMOMAGNETICO NXC-32,Items_Images/MTTO-1718.Image.190038.png,CAT006,1ce673ed,,$0.00,LOC0064,11,1,FALSE,PIEZAS
MTTO-1719,"INTERRUPTOR TERMOMAGNETICO RIEL 120V, NXC-32",CONECTOR DE POTENCIA,Items_Images/MTTO-1719.Image.133809.png,CAT006,1ce673ed,,$0.00,LOC0064,1,1,FALSE,PIEZAS
MTTO-1720,REJILLA PROTECTORA DE VENTILADOR METALICA,REJILLA METALICA,Items_Images/MTTO-1720.Image.150536.png,CAT003,1ce673ed,,$0.00,LOC0101,16,1,FALSE,PIEZAS
MTTO-1721,CONTRAPESOS PLOMO 1/4,USO GENERAL,Items_Images/MTTO-1721.Image.141341.jpg,CAT002,,,$0.00,LOC0003,1,1,FALSE,PIEZAS
MTTO-1722,TERMINAL ELECTRICA TIPO ESPADA,TERMINAL ESPADA PARA CABLE EN GENERAL,Items_Images/MTTO-1722.Image.151158.png,CAT002,,,$0.00,LOC0100,44,2,FALSE,PIEZAS
MTTO-1723,TERMINAL ELECTRICO AISLADOS,TERMIANAL PARA CABLES EN GENERAL,Items_Images/MTTO-1723.Image.151600.png,CAT002,,,$0.00,LOC0100,11,3,FALSE,PIEZAS
MTTO-1724,"ACOPLAMIENTO ESTRELLA 1""",ACOPLAMIENTO ESTRELLA,Items_Images/MTTO-1724.Image.235923.jpg,CAT003,,,$0.00,LOC0074,4,1,FALSE,PIEZAS
MTTO-1725,KIT DE VALVULA DE LLENADO CON FLOTADOR CITIJAL,VALVULA DE LLENADO DE AGUA,Items_Images/MTTO-1725.Image.160153.png,CAT007,,,$0.00,LOC0102,0,1,FALSE,KITS
MTTO-1726,CARRETA FACIAL INDUSTRIAL,CARETA FACIAL,Items_Images/MTTO-1726.Image.161256.png,CAT002,,,$0.00,7066317f,11,1,FALSE,PIEZAS
MTTO-1727,FLOTADOR PARA SISTERNA,FLOTADOR PARA SISTERNA,Items_Images/MTTO-1727.Image.174644.jpg,CAT002,,,$0.00,LOC0019,5,1,FALSE,PIEZAS
MTTO-1728,MAXIFLEX PARA MANOMANDO 10MM X13MM X55CM,MAXIFLEX PARA MANOMANDO,Items_Images/MTTO-1728.Image.175147.jpg,CAT002,e0a455a9,,$0.00,LOC0019,0,1,FALSE,PIEZAS
MTTO-1729,CONECTOR FLEXIBLE CVSG-C35 13MM X22MM X35CM,CONECTOR FLEXIBLE,Items_Images/MTTO-1729.Image.175336.jpg,CAT002,,,$0.00,LOC0019,10,1,FALSE,PIEZAS
MTTO-1730,RETEN 2235-7 VITON,RETEN VITON,Items_Images/MTTO-1730.Image.191045.jpg,CAT008,,,$0.00,LOC0015,6,1,FALSE,PIEZAS
MTTO-1731,"TAQUETE EXPANSIVO TX 7/8"" X 5 7/8""",USO GENERAL,Items_Images/MTTO-1731.Image.202605.png,CAT002,PROV001,,$0.00,LOC0053,34,1,FALSE,PIEZAS
MTTO-1732,RETEN 2846-7 VITON,BOMBA DE AGUA MULTIETAPA,Items_Images/MTTO-1732.Image.133143.png,CAT008,e0a455a9,,$0.00,LOC0015,25,1,FALSE,PIEZAS
MTTO-1733,"TAQUETE ANCLA ARPON 3/7  3/8""",USO GENERAL,Items_Images/MTTO-1733.Image.205336.jpg,CAT002,PROV001,,$0.00,LOC0053,13,1,FALSE,PIEZAS
MTTO-1734,"GRASERA RECTA DE 1/16""",USO GENERAL CHUMACERAS Y RODAMIENTOS,Items_Images/MTTO-1734.Image.143615.png,CAT003,fc5645e9,,$0.00,LOC0094,3,1,FALSE,PIEZAS
MTTO-1735,"GRASERA 90° DE 1/4""",USO GENERAL CHUMACERAS Y RODAMIENTOS,Items_Images/MTTO-1735.Image.145157.png,CAT003,fc5645e9,,$0.00,LOC0094,6,1,FALSE,PIEZAS
MTTO-1736,"GRASERA 90° DE 1/8""",USO GENERAL CHUMACERAS Y RODAMIENTOS,Items_Images/MTTO-1736.Image.150309.png,CAT003,fc5645e9,,$0.00,LOC0094,0,1,FALSE,PIEZAS
MTTO-1737,"TORNILLO ALLEN CILINDRICO M12 X 50MM, PASO 1.75",TORNILLERIA USO GENERAL,Items_Images/MTTO-1737.Image.143805.png,CAT010,fc5645e9,,$0.00,LOC0045,20,1,FALSE,PIEZAS
MTTO-1738,"TORNILLO ALLEN CILINDRICO M12 X 45MM, PASO 1.75, PAVONADO",TORNILLERIA USO GENERAL,Items_Images/MTTO-1738.Image.152953.png,CAT010,fc5645e9,,$0.00,LOC0045,15,1,FALSE,PIEZAS
MTTO-1739,TORNILLO ALLEN CILINDRICO M12 X 25MM,TORNILLERIA USO GENERAL,Items_Images/MTTO-1739.Image.153310.png,CAT010,fc5645e9,,$0.00,LOC0045,27,1,FALSE,PIEZAS
MTTO-1740,TORNILLO ALLEN CILINDRICO M12 X 30MM,TORNILLERIA USO GENERAL,Items_Images/MTTO-1740.Image.153642.png,CAT010,fc5645e9,,$0.00,LOC0045,43,1,FALSE,PIEZAS
MTTO-1741,"TORNILLO ALLEN CILINDRICO M12 X 55MM, PASO 1.75",TORNILLERIA USO GENERAL,Items_Images/MTTO-1741.Image.154004.png,CAT010,fc5645e9,,$0.00,LOC0045,14,1,FALSE,PIEZAS
MTTO-1742,"TORNILLO ALLEN CILINDRICO M12 X 35MM, PASO 1.75",TORNILLERIA USO GENERAL,Items_Images/MTTO-1742.Image.155208.png,CAT010,fc5645e9,,$0.00,LOC0045,179,1,FALSE,PIEZAS
MTTO-1743,"TORNILLO ALLEN CILINDRICO M10 X 60MM, PASO 1.50, PAVONADO",TORNILLERIA USO GENERAL,Items_Images/MTTO-1743.Image.175852.png,CAT010,fc5645e9,,$0.00,LOC0045,4,1,FALSE,PIEZAS
MTTO-1744,"ABRAZADERA TIPO UÑA 1""",ABRAZADERA PARA TUBO DE USO GENERAL,Items_Images/MTTO-1744.Image.132725.png,CAT003,PROV001,,$0.00,LOC0052,19,1,FALSE,PIEZAS
MTTO-1745,"TORNILLO ALLEN CILINDRICO M5 X 60MM, PASO 0.8, PAVONADO",TORNILLERIA USO GENERAL,Items_Images/MTTO-1745.Image.144405.png,CAT010,fc5645e9,,$0.00,LOC0046,15,1,FALSE,PIEZAS
MTTO-1746,"TORNILLO ALLEN CILINDRICO M20 X 90MM, PASO 2.5, PAVONADO",TORNILLERIA USO GENERAL,Items_Images/MTTO-1746.Image.210011.png,CAT010,fc5645e9,,$0.00,LOC0043,1,1,FALSE,PIEZAS
MTTO-1747,"TORNILLO ALLEN CILINDRICO M20 X 65MM, PASO 2.5, PAVONADO",TORNILLERIA USO GENERAL,Items_Images/MTTO-1747.Image.210231.png,CAT010,fc5645e9,,$0.00,LOC0049,6,1,FALSE,PIEZAS
MTTO-1748,"TORNILLO ALLEN CILINDRICO M20 X 30MM, PASO 2.5, PAVONADO",TORNILLERIA USO GENERAL,Items_Images/MTTO-1748.Image.210353.png,CAT010,fc5645e9,,$0.00,LOC0049,3,1,FALSE,PIEZAS
MTTO-1749,CONECTOR PARA CABLE TIPO PERRO 1/2,CONECTOR TIPO PERRO,Items_Images/MTTO-1749.Image.135522.png,CAT003,,,$0.00,LOC0052,11,1,FALSE,PIEZAS
MTTO-1750,CONECTOR PARA CABLE TIPO PERRO 3/8,CONECTOR TIPO PERRO,Items_Images/MTTO-1750.Image.135626.png,CAT003,,,$0.00,LOC0052,11,1,FALSE,PIEZAS
MTTO-1751,DIAFRAGMA PARA VÁLVULA DE SOLENOIDE,DIAFRAGMA BOMBA,Items_Images/MTTO-1751.Image.140855.png,CAT003,,,$0.00,LOC0052,5,1,FALSE,PIEZAS
MTTO-1752,"ESPIGA PVC DE 1/2"" MACHO NPT A MANGUERA DE 1/2""",USO GENERAL,Items_Images/MTTO-1752.Image.145355.png,CAT005,PROV001,,$0.00,e3c7b211,7,1,FALSE,PIEZAS
MTTO-1753,VINAGRE BLANCO (ACIDO ACETICO),USO DE LIMPIEZA,Items_Images/MTTO-1753.Image.151631.png,CAT002,1ce673ed,,$0.00,26813a72,40,1,FALSE,LITROS
MTTO-1754,TERMINAL DE COMPRESION ZAPATA 1/2,TERMINAL PONCHADOR,Items_Images/MTTO-1754.Image.152541.png,CAT002,,,$0.00,LOC0063,9,1,FALSE,PIEZAS
MTTO-1755,MOTOR DE PAR YLJ-K-3F CONTROLADOR V10% HZ 22AMP,MOTOR CONTROLADOR,Items_Images/MTTO-1755.Image.160130.png,CAT003,,,$0.00,LOC0050,3,1,FALSE,PIEZAS
MTTO-1756,"TORNILLO ALLEN CILINDRICO M14  X 30MM, PASO 0.8, PAVONADO",TORNILLERIA USO GENERAL,Items_Images/MTTO-1756.Image.162815.png,CAT010,fc5645e9,,$0.00,LOC0046,7,1,FALSE,PIEZAS
MTTO-1757,"TORNILLO ALLEN CILINDRICO M16 X 70MM, PASO 2.0, PAVONADO",TORNILLERIA USO GENERAL,Items_Images/MTTO-1757.Image.182501.png,CAT010,fc5645e9,,$0.00,LOC0049,2,1,FALSE,PIEZAS
MTTO-1758,"TORNILLO ALLEN CILINDRICO M16 X 90MM, PASO 2.0, PAVONADO",TORNILLERIA USO GENERAL,Items_Images/MTTO-1758.Image.182758.png,CAT010,fc5645e9,,$0.00,LOC0049,2,1,FALSE,PIEZAS
MTTO-1759,"CONECTOR RECTO PARA TUBO LIQUIDTIGHT 1"" 23MM",CONECTOR PARA TUBO,Items_Images/MTTO-1759.Image.214155.png,CAT007,,,$0.00,LOC0052,8,1,FALSE,PIEZAS
MTTO-1760,"BOQUILLA TURBO GIRATORIA 360° PARA LANZA HIDROLAVADORA 1/4"" PLATEADO 50/60 HZ",PUNTA PARA KARCHER 360°,Items_Images/MTTO-1760.Image.143924.png,CAT001,PROV001,,$0.00,LOC0032,1,1,FALSE,PIEZAS
MTTO-1761,QUESO MOVIL PARA CAMBIAMALLA 136.75MM,CAMBIAMALLAS MOVIL,Items_Images/MTTO-1761.Image.192231.jpg,CAT003,,,$0.00,LOC0112,8,1,FALSE,PIEZAS
MTTO-1762,QUESO MOVIL PARA CAMBIAMALLAS 123.75MM,CAMBIAMALLAS MOVIL,Items_Images/MTTO-1762.Image.192256.jpg,CAT003,,,$0.00,LOC0112,5,1,FALSE,PIEZAS
MTTO-1763,QUESO BASE PARA CAMBIAMALLAS 123.75MM,CAMBIAMALLAS BASE,Items_Images/MTTO-1763.Image.132248.jpg,CAT003,,,$0.00,LOC0112,0,1,FALSE,PIEZAS
MTTO-1764,QUESO BASE PARA CAMBIAMALLAS 136.75MM,CAMBIAMALLAS BASE,Items_Images/MTTO-1764.Image.192135.jpg,CAT003,,,$0.00,LOC0112,6,1,FALSE,PIEZAS
MTTO-1765,"TORNILLO ALLEN CILINDRICO M16 X 30MM, PASO 2.5, PAVONADO",TORNILLERIA USO GENERAL,Items_Images/MTTO-1765.Image.142150.png,CAT010,fc5645e9,,$0.00,LOC0044,4,1,FALSE,PIEZAS
MTTO-1766,"TORNILLO HEXAGONAL M13 X 75MM, PASO 1.75, PAVONADO",TORNILLERIA USO GENERAL,Items_Images/MTTO-1766.Image.155102.png,CAT010,fc5645e9,,$0.00,LOC0044,11,1,FALSE,PIEZAS
MTTO-1767,"TORNILLO HEXAGONAL M13 X 90MM, PASO 1.75, PAVONADO",TORNILLERIA USO GENERAL,Items_Images/MTTO-1767.Image.155000.png,CAT010,fc5645e9,,$0.00,LOC0044,6,1,FALSE,PIEZAS
MTTO-1768,KIT DE ESMERILADOR ANGULAR INALAMBRICA DEWALT 20V DCG413P2,ESMERIL ANGULAR,Items_Images/MTTO-1768.Image.192158.png,CAT001,PROV001,,$0.00,920237d4,1,1,FALSE,KITS
MTTO-1769,LLAVE DE IMPACTO INALAMBRICA DEWALT DCF889M2,LLAVE DE IMPACTO INALAMBRICA,Items_Images/MTTO-1769.Image.192610.png,CAT001,PROV001,,$0.00,920237d4,1,1,FALSE,PIEZAS
MTTO-1770,TUERCA HEXAGONAL 10M,TUERCA HEXAGONAL,Items_Images/MTTO-1770.Image.201624.png,CAT010,fc5645e9,,$0.00,LOC0047,10,1,FALSE,PIEZAS
MTTO-1771,TUERCA HEXAGONAL 16M,TUERCA HEXAGONAL,Items_Images/MTTO-1771.Image.203024.png,CAT010,fc5645e9,,$0.00,LOC0047,61,1,FALSE,PIEZAS
MTTO-1772,ARMELLA CERRADA 6M X 22MM,TORNILLERIA USO GENERAL,Items_Images/MTTO-1772.Image.205035.png,CAT010,,,$0.00,LOC0094,5,1,FALSE,PIEZAS
MTTO-1773,CONECTOR RECTO PARA TUBO LIQUIDTIGHT 4 PULGADAS,CONECTOR PARA TUBO,Items_Images/MTTO-1773.Image.205712.png,CAT007,,,$0.00,LOC0051,3,1,FALSE,PIEZAS
MTTO-1774,"CONEXIONES RAPIDAS CAMLOCK D200 HEMBRA 2"", HEMBRA 2"" NPT",SON ADAPTADORES DE ACOPLE RÁPIDO EN ALUMINIO,Items_Images/MTTO-1774.Image.214604.png,CAT003,,,$0.00,LOC0074,1,1,FALSE,PIEZAS
MTTO-1775,JUEGO DE SACO Y PANTALÓN IMPERMEABLE CON REFLEJANTE DIAMANTADO NEGRO,KITS IMPERMIABLE,Items_Images/MTTO-1775.Image.154125.png,db498a61,,,$0.00,LOC0054,1,1,FALSE,KITS
MTTO-1776,VALVULA DE ESFERA 125LBS FIGURA 555.51,VALVULA DE ESFERA,Items_Images/MTTO-1776.Image.162746.png,CAT003,,,$0.00,LOC0011,3,1,FALSE,PIEZAS
MTTO-1777,SEGURO Y PASO PARA CADENA 50-1OL,SEGURO PARA CADENA,Items_Images/MTTO-1777.Image.145204.png,CAT003,,,$0.00,LOC0114,29,1,FALSE,PIEZAS
MTTO-1778,RONDAMIENTOS DE RODILLOS CILINDRICOS AZK65907.5,RONDANA USO GENERAL,Items_Images/MTTO-1778.Image.151032.png,CAT009,,,$0.00,LOC0028,1,1,FALSE,PIEZAS
MTTO-1779,PISTA INTERNA PARA RONDAMIENTOS GS56590,PISTA INTERNA,Items_Images/MTTO-1779.Image.151539.png,CAT009,,,$0.00,LOC0028,3,1,FALSE,PIEZAS
MTTO-1780,"INTERRUPTOR DE PALANCA, 3 POLOS - 2 TIROS ACCION SI NO- SI 16A 125V 10A 250VC.A.",INTERRUPTOS 3 POLOS,Items_Images/MTTO-1780.Image.152637.png,CAT006,1ce673ed,,$0.00,LOC0120,2,1,FALSE,PIEZAS
MTTO-1781,SOPORTE TIPO L CIRCULAR,SOPORTE TIPO L,Items_Images/MTTO-1781.Image.161725.png,CAT002,,,$0.00,LOC0052,5,1,FALSE,PIEZAS
MTTO-1782,"CONEXION GALVANIZADA TIPO TEE 2""",TEE CONEXIONES USO GENERAL,Items_Images/MTTO-1782.Image.194227.png,CAT002,,,$0.00,e3c7b211,10,1,FALSE,PIEZAS
MTTO-1783,"VALVULA DE ESFERA INDUSTRIAL 3""",VALVULA DE ESFERA,Items_Images/MTTO-1783.Image.195000.png,CAT003,,,$0.00,e3c7b211,2,1,FALSE,PIEZAS
MTTO-1784,VALVULA DE BOLA DE ACERO INOXIDABLE 304,VALVULA DE BOLA,Items_Images/MTTO-1784.Image.195739.png,CAT007,,,$0.00,e3c7b211,3,1,FALSE,PIEZAS
MTTO-1785,COPLE GALVANIZADO 2 1/2,USO PARA DUCTOS Y TUBERIAS,Items_Images/MTTO-1785.Image.200324.png,CAT003,,,$0.00,e3c7b211,3,1,FALSE,PIEZAS
MTTO-1786,"VALVULA DE BOLA LATON 1""",VALVULA DE ESFERA,Items_Images/MTTO-1786.Image.212902.png,CAT002,,,$0.00,LOC0010,0,1,FALSE,PIEZAS
MTTO-1787,PERFIL SOPORTE CP 60 CERRADO RITTAL 6206.050,PERFIL SOPORTE,Items_Images/MTTO-1787.Image.184809.png,CAT002,,,$0.00,920237d4,4,1,FALSE,PIEZAS
MTTO-1788,OPRESORES M12 X 10MM,PARA TOAPONES DE BOMBA DE VACIO,Items_Images/MTTO-1788.Image.211751.png,CAT003,,,$0.00,LOC0094,11,1,FALSE,PIEZAS
MTTO-1789,OPRESORES M10 X 10MM,PARA TOAPONES DE BOMBA DE VACIO,Items_Images/MTTO-1789.Image.211723.png,CAT003,,,$0.00,LOC0094,17,1,FALSE,PIEZAS
MTTO-1790,TUERCA HEXAGONAL 18M,TUERCA HEXAGONAL,Items_Images/MTTO-1790.Image.164359.png,CAT010,fc5645e9,,$0.00,LOC0047,7,1,FALSE,PIEZAS
MTTO-1791,MANGUERA ALTA PRESION KARCHER H9Q SISTEMA QUICK CONECT. 9M,MANGUERA PARA KARCHER,Items_Images/MTTO-1791.Image.163058.png,CAT002,,,$0.00,LOC0048,1,1,FALSE,PIEZAS
MTTO-1792,"ESPIGA GALVANIZADA DE 1/2"" MACHO NPT A MANGUERA DE 1/2""",ESPIGA GALVANIZADA,Items_Images/MTTO-1792.Image.210240.png,CAT002,PROV001,,$0.00,e3c7b211,0,1,FALSE,PIEZAS
MTTO-1793,"MANGUERA ROJA DE ALTA TEMPERATURA REFORZADA DE 1/2""",MANGUERA PARA TEMPERATURAS ALTAS,Items_Images/MTTO-1793.Image.192715.png,CAT002,a5eff119,,$0.00,e7c03846,15,1,FALSE,METROS
MTTO-1794,"TAPON ROSCA HEXAGONAL INTERNA 1/4""",TAPON TIPO ALLEN INTERNO,Items_Images/MTTO-1794.Image.200530.png,CAT002,,,$0.00,LOC0094,9,1,FALSE,PIEZAS
MTTO-1795,"DADO, UÑA DE PERNO PARA LABIO 90MM",REFACCIONES PARA EL LABIO O DADO,Items_Images/MTTO-1795.Image.151356.jpg,CAT003,ab7dd31c,,$0.00,920237d4,103,2,FALSE,PIEZAS
MTTO-1796,"DADO, TORNILLO DOBLE CUERDA 80MM",REFACCIONES PARA EL LABIO O DADO,Items_Images/MTTO-1796.Image.151409.jpg,CAT003,ab7dd31c,,$0.00,920237d4,88,2,FALSE,PIEZAS
MTTO-1797,"DADO, BASE SUPERIOR SOPORTE",REFACCIONES PARA EL LABIO O DADO,Items_Images/MTTO-1797.Image.151437.jpg,CAT003,ab7dd31c,,$0.00,920237d4,166,2,FALSE,PIEZAS
MTTO-1798,"DADO, BASE INFERIOR SOPORTE",REFACCIONES PARA EL LABIO O DADO,Items_Images/MTTO-1798.Image.151448.jpg,CAT003,ab7dd31c,,$0.00,920237d4,164,2,FALSE,PIEZAS
MTTO-1799,"DADO, CUBO BRONCE ROSCADO",REFACCIONES PARA EL LABIO O DADO,Items_Images/MTTO-1799.Image.151421.jpg,CAT003,ab7dd31c,,$0.00,920237d4,150,2,FALSE,PIEZAS
MTTO-1800,"DADO, UÑA SUJECIÓN",REFACCIONES PARA EL LABIO O DADO,Items_Images/MTTO-1800.Image.151329.jpg,CAT003,ab7dd31c,,$0.00,920237d4,170,2,FALSE,PIEZAS
MTTO-1801,"TORNILLO ALLEN CILINDRICO M20 X 120MM, PASO 3.0, PAVONADO",TORNILLERIA USO GENERAL,Items_Images/MTTO-1801.Image.155229.png,CAT010,fc5645e9,,$0.00,LOC0049,1,1,FALSE,PIEZAS
MTTO-1802,"TORNILLO ALLEN CILINDRICO M20 X 130MM, PASO 3.0, PAVONADO",TORNILLERIA USO GENERAL,Items_Images/MTTO-1802.Image.155841.png,CAT010,fc5645e9,,$0.00,LOC0049,1,1,FALSE,PIEZAS
MTTO-1803,TORNILLO TIPO PUNTA 30M X 50MM,TORNILLERÍA USO GENERAL,Items_Images/MTTO-1803.Image.192418.jpg,CAT010,fc5645e9,,$0.00,LOC0044,8,1,FALSE,PIEZAS
MTTO-1804,"TORNILLO ALLEN CILINDRICO M30 X 120MM, PASO 3.0, PAVONADO",TORNILLERIA USO GENERAL,Items_Images/MTTO-1804.Image.193141.png,CAT010,fc5645e9,,$0.00,LOC0044,1,1,FALSE,PIEZAS
MTTO-1805,"DADO, PERNO",REFRACCIONES PARA LABIO O DADO,Items_Images/MTTO-1805.Image.201247.jpg,CAT003,ab7dd31c,,$0.00,920237d4,181,2,FALSE,PIEZAS
MTTO-1806,"DADO, TORNILLO ALLEN M10 X 50MM",REFACCIONES PARA LABIO O DADO,Items_Images/MTTO-1806.Image.201257.jpg,CAT003,ab7dd31c,,$0.00,920237d4,83,2,FALSE,PIEZAS
MTTO-1807,"DADO, TUBO RECTANGULAR",REFACCION PARA LABIO O DADO,Items_Images/MTTO-1807.Image.201312.jpg,CAT003,ab7dd31c,,$0.00,920237d4,25,2,FALSE,PIEZAS
MTTO-1808,"DADO, TORNILLO ALLEN M10 X 60",REFACCION PARA LABIO O DADO,Items_Images/MTTO-1808.Image.204838.jpg,CAT003,ab7dd31c,,$0.00,920237d4,102,2,FALSE,PIEZAS
MTTO-1809,JUEGO DE CORTADOR DE TUBO Y AVELLANADOR,"CORTE ALUMINION, COBRE, LATON",Items_Images/MTTO-1809.Image.141457.png,CAT001,PROV001,,$0.00,3d9eb8e3,1,1,FALSE,PIEZAS
MTTO-1810,"PROBADOR DE DUREZA LEEB, LS252D",MEDIR DUREZA EN MATERIALES METALICOS,Items_Images/MTTO-1810.Image.141834.png,CAT006,,,$0.00,3d9eb8e3,1,1,FALSE,PIEZAS
MTTO-1811,FILTROS PARA PARTICULAS AP MASCARILLAS  MODELO D79,FILTROS PARA MASCARILLAS,Items_Images/MTTO-1811.Image.143311.png,CAT002,,,$0.00,3d9eb8e3,2,1,FALSE,PIEZAS
MTTO-1812,RESPIRADOR MEDIA CARA 4675-0001 TRUPER,RESPIRADOR/ MASCARILLA,Items_Images/MTTO-1812.Image.143718.png,db498a61,PROV001,,$0.00,3d9eb8e3,5,1,FALSE,PIEZAS
MTTO-1813,"SIERRA DE PUNTA 2""",SIERRA DE PUNTA,Items_Images/MTTO-1813.Image.145455.png,CAT001,PROV001,,$0.00,3d9eb8e3,1,1,FALSE,PIEZAS
MTTO-1814,LLAVE AJUSTABLE PARA MANCHUELOS Y ESCARIDORES HANSON 12088,LLAVE AJUSTABLE PARA MACHUELOS,Items_Images/MTTO-1814.Image.153612.png,CAT001,PROV001,,$0.00,3d9eb8e3,1,1,FALSE,PIEZAS
MTTO-1815,"DADO CON PUNTA ALLEN 19MM, DE 1/2""",HERRAMIENTA DE USO GENERAL,Items_Images/MTTO-1815.Image.154020.png,CAT001,PROV001,,$0.00,3d9eb8e3,3,1,FALSE,PIEZAS
MTTO-1816,KIT DE REPARACCION DE MONTACARGAS ELECTRICO,KIT DE REPARACCION,Items_Images/MTTO-1816.Image.163519.png,CAT003,,,$0.00,3d9eb8e3,5,1,FALSE,KITS
MTTO-1817,DADO LARGO 6X 1/2 X 10MM SURTEK F5810HLM,DADO LARGO,Items_Images/MTTO-1817.Image.154726.png,CAT001,PROV001,,$0.00,3d9eb8e3,1,1,FALSE,PIEZAS
MTTO-1818,DADO CON PUNTA 8MM X 1/2 54418M ARREA,DADO CON PUNTA,Items_Images/MTTO-1818.Image.155025.png,CAT001,PROV001,,$0.00,3d9eb8e3,1,1,FALSE,PIEZAS
MTTO-1819,LLAVE MIXTA 12MM,LLAVE USO GENERAL,Items_Images/MTTO-1819.Image.205659.png,CAT001,PROV001,,$0.00,84e30ac4,2,1,FALSE,PIEZAS
MTTO-1820,LLAVE MIXTA 12MM X 10MM,LLAVE USO GENERAL,Items_Images/MTTO-1820.Image.205942.png,CAT001,PROV001,,$0.00,84e30ac4,1,1,FALSE,PIEZAS
MTTO-1821,LLAVE  MIXTA 18MM,LLAVE USO GENRAL,Items_Images/MTTO-1821.Image.205147.png,CAT001,PROV001,,$0.00,84e30ac4,2,1,FALSE,PIEZAS
MTTO-1822,LLAVE  MIXTA 17MM,LLAVE USO GENERAL,Items_Images/MTTO-1822.Image.205133.png,CAT001,PROV001,,$0.00,84e30ac4,3,1,FALSE,PIEZAS
MTTO-1823,"DISCO DE LIJADORA 6"" D80-PUL-4X6 GRANO 80",LIJAS PARA LA LIJADORA DE BANCO,Items_Images/MTTO-1823.Image.160654.png,CAT001,PROV001,$117.00,$152.10,,0,1,FALSE,PIEZAS
MTTO-1824,"BANDA DE LIJADORA 4""X36"" B80-PUL-4X6 GRANO 80",BANDA PARA LA LIJADORA DE BANDA,Items_Images/MTTO-1824.Image.160909.png,CAT001,PROV001,$195.00,$253.50,LOC0106,0,1,FALSE,PIEZAS
MTTO-1825,"BROCA ROTOMARTILLO  DEWALT SDS PLUS 5/8"" (15,9)MM X 12"" (300MM)",BROCA 5/8 X 12,Items_Images/MTTO-1825.Image.161423.png,CAT001,PROV001,,$0.00,3d9eb8e3,3,1,FALSE,PIEZAS
MTTO-1826,JUEGO DE LAINA 0.05-1.00MM 13 BLATT,JUEGO DE GALGAS,Items_Images/MTTO-1826.Image.191541.png,CAT002,,,$0.00,3d9eb8e3,3,1,FALSE,KITS
MTTO-1827,GATO HIDRAULICO DE BOTELLA 5TON,HERRAMIENTA MULTIUSOS,Items_Images/MTTO-1827.Image.195043.png,CAT001,PROV001,,$0.00,920237d4,1,1,FALSE,PIEZAS
MTTO-1828,ARNES DE CUERPO COMPLETO,ARNES DE PROTECCION,Items_Images/MTTO-1828.Image.204359.png,CAT001,PROV001,,$0.00,a6a85d2b,10,1,FALSE,PIEZAS
MTTO-1829,ESLINGA MATRACA,MECANISMO DE TRINQUETE PARA APRETAR,Items_Images/MTTO-1829.Image.211636.png,CAT001,PROV001,,$0.00,15a6e401,50,1,FALSE,PIEZAS
MTTO-1830,ACOPLAMIENTO REDUCTOR UNION RECTA QLMAPA,TUBO PARA MANGUERA,Items_Images/MTTO-1830.Image.181250.png,CAT003,,,$0.00,LOC0070,6,1,FALSE,PIEZAS
MTTO-1831,TUERCA HEXAGONAL M14,TUERCA HEXAGONAL,Items_Images/MTTO-1831.Image.193440.png,CAT010,fc5645e9,,$0.00,LOC0041,22,1,FALSE,PIEZAS
MTTO-1832,CONTROLADOR DE PIGMENTADOR MOVACOLOR,MOVACOLOR/ PIGMENTO,Items_Images/MTTO-1832.Image.200959.png,CAT003,,,$0.00,LOC0005,3,1,FALSE,PIEZAS
MTTO-1833,ADHESIVO INSTANTANEO CIANOACRITATO 20G BASURTO,ADHESIVO ARTEFACTOS PERNOS Y SEGUROS,Items_Images/MTTO-1833.Image.212243.png,CAT002,,,$0.00,218b4280,7,1,FALSE,PIEZAS
MTTO-1834,CABEZAL RECEPTOR DEL ESCANER (MEMBRANA),SENSOR RECEPTOR DE XRAY DEL ESCANER,Items_Images/MTTO-1834.Image.214656.jpg,CAT003,ab7dd31c,,$0.00,LOC0054,2,1,FALSE,PIEZAS
MTTO-1835,"CONEXION PVC BLANCO TIPO CODO 90° 2""",CONEXION TIPO CODO PVC BLANCO,Items_Images/MTTO-1835.Image.181614.png,CAT007,PROV001,,$0.00,e3c7b211,1,1,FALSE,PIEZAS
MTTO-1836,"COPLE PVC BLANCO RECTO 3""",COPLE RECTO PVC BLANCO,Items_Images/MTTO-1836.Image.182105.png,CAT007,PROV001,,$0.00,e3c7b211,2,1,FALSE,PIEZAS
MTTO-1837,"MANGUERA ROJA DE ALTA TEMPERATURA REFORZADA DE 1""",MANGUERA DE USO GENERAL ALTA PRESION,Items_Images/MTTO-1837.Image.153632.png,CAT002,a5eff119,,$0.00,7066317f,2,1,FALSE,METROS
MTTO-1838,KIT DE CONECTOR RÁPIDO DE BATERÍA TSA/SY6325G1 175GRAY CONN 1/0,CONECTOR RAPIDO DE BATERIA,Items_Images/MTTO-1838.Image.192839.png,CAT006,2c6c8db2,,$0.00,LOC0083,4,1,FALSE,PIEZAS
MTTO-1839,LLAVE MIXTA 6MM,LLAVE USO GENERAL,Items_Images/MTTO-1839.Image.205158.png,CAT001,PROV001,,$0.00,84e30ac4,1,1,FALSE,PIEZAS
MTTO-1840,LLAVE MIXTA 8MM,LLAVE USO GENERAL,Items_Images/MTTO-1840.Image.205210.png,CAT001,PROV001,,$0.00,84e30ac4,1,1,FALSE,PIEZAS
MTTO-1841,LLAVE MIXTA 9MM,LLAVE USO GENERAL,Items_Images/MTTO-1841.Image.205223.png,CAT001,PROV001,,$0.00,84e30ac4,1,1,FALSE,PIEZAS
MTTO-1842,LLAVE MIXTA 10MM,LLAVE USO GENERAL,Items_Images/MTTO-1842.Image.205407.png,CAT001,PROV001,,$0.00,84e30ac4,2,1,FALSE,PIEZAS
MTTO-1843,LLAVE MIXTA 11MM,LLAVE USO GENERAL,Items_Images/MTTO-1843.Image.205646.png,CAT001,PROV001,,$0.00,84e30ac4,1,1,FALSE,PIEZAS
MTTO-1844,LLAVE MIXTA 14MM,LLAVE USO GENERAL,Items_Images/MTTO-1844.Image.210037.png,CAT001,PROV001,,$0.00,84e30ac4,1,1,FALSE,PIEZAS
MTTO-1845,LLAVE MIXTA 15MM,LLAVE USO GENERAL,Items_Images/MTTO-1845.Image.210200.png,CAT001,PROV001,,$0.00,84e30ac4,2,1,FALSE,PIEZAS
MTTO-1846,LLAVE MIXTA 21MM,LLAVE USO GENERAL,Items_Images/MTTO-1846.Image.210242.png,CAT001,PROV001,,$0.00,84e30ac4,2,1,FALSE,PIEZAS
MTTO-1847,LLAVE MIXTA 19MM,LLAVE USO GENERAL,Items_Images/MTTO-1847.Image.213057.png,CAT001,PROV001,,$0.00,84e30ac4,1,1,FALSE,PIEZAS
MTTO-1848,LLAVE MIXTA 5/8,LLAVE USO GENRAL,Items_Images/MTTO-1848.Image.213214.png,CAT001,PROV001,,$0.00,84e30ac4,2,1,FALSE,PIEZAS
MTTO-1849,LLAVE MIXTA 3/4,LLAVE USO GENRAL,Items_Images/MTTO-1849.Image.213358.png,CAT001,PROV001,,$0.00,84e30ac4,2,1,FALSE,PIEZAS
MTTO-1850,LLAVE MIXTA 11.1MM,LLAVE USO GENRAL,Items_Images/MTTO-1850.Image.213523.png,CAT001,PROV001,,$0.00,84e30ac4,1,1,FALSE,PIEZAS
MTTO-1851,LLAVE MIXTA 32MM X 27MM,LLAVE USO GENRAL,Items_Images/MTTO-1851.Image.213948.png,CAT001,PROV001,,$0.00,84e30ac4,1,1,FALSE,PIEZAS
MTTO-1852,LLAVE MIXTA 25MM,LLAVE USO GENERAL,Items_Images/MTTO-1852.Image.214132.png,CAT001,PROV001,,$0.00,84e30ac4,3,1,FALSE,PIEZAS
MTTO-1853,LLAVE MIXTA 20MM,LLAVE USO GENERAL,Items_Images/MTTO-1853.Image.214337.png,CAT001,PROV001,,$0.00,84e30ac4,3,1,FALSE,PIEZAS
MTTO-1854,LLAVE MIXTA 22MM,LLAVE USO GENERAL,Items_Images/MTTO-1854.Image.214531.png,CAT001,PROV001,,$0.00,84e30ac4,1,1,FALSE,PIEZAS
MTTO-1855,LLAVE MIXTA 13/16MM,LLAVE USO GENERAL,Items_Images/MTTO-1855.Image.214748.png,CAT001,PROV001,,$0.00,84e30ac4,1,1,FALSE,PIEZAS
MTTO-1856,LLAVE MIXTA 11/16MM,LLAVE USO GENERAL,Items_Images/MTTO-1856.Image.214929.png,CAT001,PROV001,,$0.00,84e30ac4,1,1,FALSE,PIEZAS
MTTO-1857,LLAVE MIXTA 22MM X 24MM,LLAVE USO GENERAL,Items_Images/MTTO-1857.Image.215245.png,CAT001,PROV001,,$0.00,84e30ac4,1,1,FALSE,PIEZAS
MTTO-1858,LLAVE MIXTA 30MM,LLAVE USO GENERAL,Items_Images/MTTO-1858.Image.215511.png,CAT001,PROV001,,$0.00,84e30ac4,1,1,FALSE,PIEZAS
MTTO-1859,LLAVE MIXTA 7/8MM,LLAVE USO GENERAL,Items_Images/MTTO-1859.Image.215915.png,CAT001,PROV001,,$0.00,84e30ac4,1,1,FALSE,PIEZAS
MTTO-1860,LLAVE MIXTA 24MM,LLAVE USO GENERAL,Items_Images/MTTO-1860.Image.135550.png,CAT001,PROV001,,$0.00,84e30ac4,4,1,FALSE,PIEZAS
MTTO-1861,LLAVE MIXTA 11/8MM,LLAVE USO GENRAL,Items_Images/MTTO-1861.Image.143024.png,CAT001,PROV001,,$0.00,84e30ac4,1,1,FALSE,PIEZAS
MTTO-1862,LLAVE MIXTA 10MM X 12MM,LLAVE USO GENRAL,Items_Images/MTTO-1862.Image.143120.png,CAT001,PROV001,,$0.00,84e30ac4,1,1,FALSE,PIEZAS
MTTO-1863,LLAVE MIXTA 23.8MM,LLAVE USO GENERAL,Items_Images/MTTO-1863.Image.143432.png,CAT001,PROV001,,$0.00,84e30ac4,1,1,FALSE,PIEZAS
MTTO-1864,LLAVE ALLEN CON MANGO EN T 3/8,LLAVE HEXAGONAL USO GENERAL,Items_Images/MTTO-1864.Image.162549.png,CAT001,PROV001,,$0.00,84e30ac4,1,1,FALSE,PIEZAS
MTTO-1865,LLAVE ALLEN CON MANGO EN T 1/4,LLAVE HEXAGONAL USO GENERAL,Items_Images/MTTO-1865.Image.163237.png,CAT001,PROV001,,$0.00,84e30ac4,1,1,FALSE,PIEZAS
MTTO-1866,LLAVE ALLEN CON MANGO EN T 6MM,LLAVE HEXAGONAL USO GENERAL,Items_Images/MTTO-1866.Image.163432.png,CAT001,PROV001,,$0.00,84e30ac4,2,1,FALSE,PIEZAS
MTTO-1867,LLAVE ALLEN CON MANGO EN T 5MM,LLAVE HEXAGONAL USO GENERAL,Items_Images/MTTO-1867.Image.163626.png,CAT001,PROV001,,$0.00,84e30ac4,1,1,FALSE,PIEZAS
MTTO-1868,LLAVE ALLEN CON MANGO EN T 8MM,LLAVE HEXAGONAL USO GENERAL,Items_Images/MTTO-1868.Image.163752.png,CAT001,PROV001,,$0.00,84e30ac4,0,1,FALSE,PIEZAS
MTTO-1869,LLAVE ALLEN CON MANGO EN T 10MM,LLAVE HEXAGONAL USO GENERAL,Items_Images/MTTO-1869.Image.163950.png,CAT001,PROV001,,$0.00,84e30ac4,0,1,FALSE,PIEZAS
MTTO-1870,LLAVE ALLEN CON PUNTA DE BOLA 19MM,LLAVE USO GENERAL,Items_Images/MTTO-1870.Image.164915.png,CAT001,PROV001,,$0.00,84e30ac4,1,1,FALSE,PIEZAS
MTTO-1871,LLAVE ALLEN CON PUNTA DE BOLA 147MM,LLAVE USO GENERAL,Items_Images/MTTO-1871.Image.165104.png,CAT001,PROV001,,$0.00,84e30ac4,2,1,FALSE,PIEZAS
MTTO-1872,LLAVE ALLEN CON PUNTA DE BOLA 17MM,LLAVE USO GENERAL,Items_Images/MTTO-1872.Image.165334.png,CAT001,PROV001,,$0.00,84e30ac4,2,1,FALSE,PIEZAS
MTTO-1873,LLAVE ALLEN CON PUNTA DE BOLA 10MM,LLAVE USO GENERAL,Items_Images/MTTO-1873.Image.165513.png,CAT001,PROV001,,$0.00,84e30ac4,9,1,FALSE,PIEZAS
MTTO-1874,LLAVE ALLEN CON PUNTA DE BOLA 12MM,LLAVE USO GENERAL,Items_Images/MTTO-1874.Image.165633.png,CAT001,PROV001,,$0.00,84e30ac4,1,1,FALSE,PIEZAS
MTTO-1875,LLAVE ALLEN CON PUNTA DE BOLA 8MM,LLAVE USO GENERAL,Items_Images/MTTO-1875.Image.165752.png,CAT001,PROV001,,$0.00,84e30ac4,2,1,FALSE,PIEZAS
MTTO-1876,LLAVE ALLEN CON PUNTA DE BOLA 7MM,LLAVE USO GENERAL,Items_Images/MTTO-1876.Image.170203.png,CAT001,PROV001,,$0.00,84e30ac4,1,1,FALSE,PIEZAS
MTTO-1877,LLAVE ALLEN CON PUNTA DE BOLA 3/8,LLEVE USO GENERAL,Items_Images/MTTO-1877.Image.170413.png,CAT001,PROV001,,$0.00,84e30ac4,1,1,FALSE,PIEZAS
MTTO-1878,LLAVE ALLEN CON PUNTA DE BOLA 5/16,LLAVE USO GENERAL,Items_Images/MTTO-1878.Image.170551.png,CAT001,PROV001,,$0.00,84e30ac4,1,1,FALSE,PIEZAS
MTTO-1879,LLAVE HEXAGONAL EN L 12MM,LLEVE ALLEN USO GENERAL,Items_Images/MTTO-1879.Image.165343.png,CAT001,PROV001,,$0.00,84e30ac4,1,1,FALSE,PIEZAS
MTTO-1880,LLAVE HEXAGONAL EN L 17MM,LLAVE ALLEN USO GENERAL,Items_Images/MTTO-1880.Image.165721.png,CAT001,PROV001,,$0.00,84e30ac4,1,1,FALSE,PIEZAS
MTTO-1881,LLAVE HEXAGONAL EN L 5/16MM,LLAVE ALLEN USO GENERAL,Items_Images/MTTO-1881.Image.211241.png,CAT001,PROV001,,$0.00,84e30ac4,1,1,FALSE,PIEZAS
MTTO-1882,LLAVE HEXAGONAL EN L 10MM,LLAVE ALLEN USO GENERAL,Items_Images/MTTO-1882.Image.211631.png,CAT001,PROV001,,$0.00,84e30ac4,2,1,FALSE,PIEZAS
MTTO-1883,LLAVE HEXAGONAL EN L 7/16MM,LLAVE ALLEN USO GENERAL,Items_Images/MTTO-1883.Image.212208.png,CAT001,PROV001,,$0.00,84e30ac4,2,1,FALSE,PIEZAS
MTTO-1884,LLAVE HEXAGONAL EN L 8MM,LLAVE ALLEN USO GENERAL,Items_Images/MTTO-1884.Image.212411.png,CAT001,PROV001,,$0.00,84e30ac4,1,1,FALSE,PIEZAS
MTTO-1885,LLAVE HEXAGONAL EN 14MM,LLAVE ALLEN USO GENERAL,Items_Images/MTTO-1885.Image.212704.png,CAT001,PROV001,,$0.00,84e30ac4,1,1,FALSE,PIEZAS
MTTO-1886,"LLAVE AJUSTABLE URREA 715- 15""",USO GENERAL,Items_Images/MTTO-1886.Image.213036.png,CAT001,PROV001,,$0.00,84e30ac4,1,1,FALSE,PIEZAS
MTTO-1887,LLAVE DE GANCHO 6: 70-75 NO.99,LLAVE USO GENERAL,Items_Images/MTTO-1887.Image.213700.png,CAT001,PROV001,,$0.00,84e30ac4,1,1,FALSE,PIEZAS
MTTO-1888,LLAVE DE TRINQUETE 16MM,USO GENERAL,Items_Images/MTTO-1888.Image.214002.png,CAT001,PROV001,,$0.00,84e30ac4,1,1,FALSE,PIEZAS
MTTO-1889,LLAVE STILLSON 250MM NIVEL,LLAVE USO GENERAL,Items_Images/MTTO-1889.Image.214509.png,CAT001,PROV001,,$0.00,84e30ac4,1,1,FALSE,PIEZAS
MTTO-1890,"LLAVE PERICAS AJUSTABLE 10"" URREA",USO GENERAL,Items_Images/MTTO-1890.Image.220737.png,CAT001,PROV001,,$0.00,84e30ac4,1,1,FALSE,PIEZAS
MTTO-1891,"LLAVE PERICA AJUSTABLE  12"" URREA",USO GENERAL,Items_Images/MTTO-1891.Image.220630.png,CAT001,PROV001,,$0.00,84e30ac4,1,1,FALSE,PIEZAS
MTTO-1892,"ESPATULA TAPIZADORA 10"" SURTEK HOJA DE ACERO",USO GENERAL,Items_Images/MTTO-1892.Image.231011.png,CAT001,PROV001,,$0.00,84e30ac4,1,1,FALSE,PIEZAS
MTTO-1893,"ESPATULA FLEXIBLE TRUPER 6""",USO GENERAL,Items_Images/MTTO-1893.Image.232055.png,CAT001,PROV001,,$0.00,84e30ac4,1,1,FALSE,PIEZAS
MTTO-1894,ENGRASADORA MANUAL AURREA,ENGRASADORA,Items_Images/MTTO-1894.Image.232748.png,CAT001,PROV001,,$0.00,84e30ac4,1,1,FALSE,PIEZAS
MTTO-1895,CEPILLO DE ALAMBRE URREA,USO GENERAL,Items_Images/MTTO-1895.Image.233333.png,CAT002,PROV001,,$0.00,84e30ac4,2,1,FALSE,PIEZAS
MTTO-1896,ESMALTE ALQUIDALICO AMARILLO CROMO,ESMALTE 100 TOTAL PET,Items_Images/MTTO-1896.Image.142244.png,CAT002,,,$0.00,26813a72,8,1,FALSE,LITROS
MTTO-1897,JUEGO DE PUNTA Y GANCHOS MULTI-USOS,EXTRACTOR DE RETENES,Items_Images/MTTO-1897.Image.164600.jpg,CAT001,PROV001,,$0.00,7066317f,1,1,,KITS
MTTO-1898,TORNILLO PERNO DE OJO EN ELEVACION M20,PERNO USO GENERAL,Items_Images/MTTO-1898.Image.194320.png,CAT010,fc5645e9,,$0.00,LOC0007,6,1,FALSE,PIEZAS
MTTO-1899,TORNILLO PERNO DE OJO EN ELEVACION M15,PERNO USO GENERAL,Items_Images/MTTO-1899.Image.194658.png,CAT010,fc5645e9,,$0.00,LOC0007,2,1,FALSE,PIEZAS
MTTO-1900,TORNILLO PERNO DE OJO EN ELEVACION M8,PERNO USO GENERAL,Items_Images/MTTO-1900.Image.194731.png,CAT010,fc5645e9,,$0.00,LOC0007,2,1,FALSE,PIEZAS
MTTO-1901,TORNILLO PERNO DE OJO EN ELEVACION M10,PERNO USO GENERAL,Items_Images/MTTO-1901.Image.194826.png,CAT010,fc5645e9,,$0.00,LOC0007,5,1,FALSE,PIEZAS
MTTO-1902,HOJAS DE SEGUETA U118B,USO GENERAL,Items_Images/MTTO-1902.Image.195852.png,CAT002,,,$0.00,LOC0106,6,1,FALSE,PIEZAS
MTTO-1903,"RESISTENCIA ALUMINIO EN L INFERIOR CAÑON LARGO 47CM, 260V, 6400W",RESISTENCIA CALEFACTORA,Items_Images/MTTO-1903.Image.153327.png,CAT003,ab7dd31c,,$0.00,68dab6aa,4,1,FALSE,PIEZAS
MTTO-1904,"EXTENSION USO RUDO 3 CONTACTOS, 125V- 12000W DE 20M",EXTENSION ELECTRICA EXT-2X16-20NA,Items_Images/MTTO-1904.Image.204049.png,CAT006,955f69ca,,$0.00,7066317f,2,1,FALSE,PIEZAS
MTTO-1905,ESMALTE ALQUIDALICO CHAYOTE CROMO,ESMALTE 100 TOTAL PET,Items_Images/MTTO-1905.Image.183805.png,CAT002,,,$0.00,26813a72,18,1,FALSE,LITROS
MTTO-1906,ESMALTE ALQUIDALICO GRIS CROMO,ESMALTE 100 TOTAL PET,Items_Images/MTTO-1906.Image.184042.png,CAT002,,,$0.00,26813a72,7,1,FALSE,LITROS
MTTO-1907,TIJERA PARA COSTURA,USO GENERAL,Items_Images/MTTO-1907.Image.163101.png,CAT001,PROV001,,$0.00,218b4280,2,1,FALSE,PIEZAS
MTTO-1908,"ASPIRADORA DE SOLIDOS Y LIQUIDOS DE 4 GAL, PLASTICA, TRUPER",ASPIRADORA USO GENERAL,Items_Images/MTTO-1908.Image.163714.png,CAT001,PROV001,,$0.00,7066317f,1,1,FALSE,KITS
MTTO-1909,BLOCK PARA LIJAR A MANON,MATERIAL PARA LIJAR,Items_Images/MTTO-1909.Image.164321.png,CAT002,PROV001,,$0.00,LOC0117,1,1,FALSE,PIEZAS
MTTO-1910,"VENTILADOR 10"" MYTEK 120V. USADOS",VENTILADORES REPARADOS,Items_Images/MTTO-1910.Image.183437.png,CAT003,1ce673ed,,$0.00,LOC0095,0,1,FALSE,PIEZAS
MTTO-1911,"CONECTOR RAPIDO NEUMATICO UNION CODO 90°, 6MM, 2 VIAS",CONECTOR RAPIDO NEUMATICO,Items_Images/MTTO-1911.Image.135538.png,CAT004,2c6c8db2,,$0.00,LOC0083,2,1,FALSE,PIEZAS
MTTO-1912,"CONECTOR RAPIDO NEUMATICO 3/8"" NPT, 90°, A MANGUERA DE 8MM",CONECTOR RAPIDO 90° 3/8,Items_Images/MTTO-1912.Image.140550.png,CAT004,2c6c8db2,,$0.00,LOC0083,4,1,FALSE,PIEZAS
MTTO-1913,"CONECTOR RAPIDO NEUMATICO 3/8"" NPT, 90°, A MANGUERA DE 6MM",CONECTOR RAPIDO 90° 3/8,Items_Images/MTTO-1913.Image.141054.png,CAT004,2c6c8db2,,$0.00,LOC0083,8,1,FALSE,PIEZAS
MTTO-1914,"CONECTOR RAPIDO NEUMATICO 1/4"" NPT, 90°, A MANGUERA DE 8MM",CONECTOR RAPIDO NEUMATICO,Items_Images/MTTO-1914.Image.142705.png,CAT004,2c6c8db2,,$0.00,LOC0083,1,1,FALSE,PIEZAS
MTTO-1915,"CONECTOR RAPIDO NEUMATICO RECTO MACHO 1/8"" NPT A MANGUERA 12MM",CONECTOR RAPIDO NEUMATICO,Items_Images/MTTO-1915.Image.143313.png,CAT004,2c6c8db2,,$0.00,LOC0083,2,1,FALSE,PIEZAS
MTTO-1916,"CONTACTO DE SEGURIDAD DE MEDIA VUELTA, ROYER 20A, 250V",CONEXION DUPLEX,Items_Images/MTTO-1916.Image.185805.png,CAT006,PROV001,,$0.00,LOC0071,4,1,FALSE,PIEZAS
MTTO-1917,"RELE TERMOMAGNETICO SIEMENS, 3RU2116-1GBO",RELE TERMOMAGNETICO,Items_Images/MTTO-1917.Image.200637.png,CAT006,1ce673ed,,$0.00,LOC0076,1,1,FALSE,PIEZAS
MTTO-1918,"CONEXIONES RAPIDAS CAMLOCK F200 HEMBRA 2"", HEMBRA 2"" NPT",SON ADAPTADORES DE ACOPLE RÁPIDO EN ALUMINIO,Items_Images/MTTO-1918.Image.202213.png,CAT003,,,$0.00,LOC0074,1,1,FALSE,PIEZAS
MTTO-1919,"CONEXIONES RAPIDAS CAMLOCK C200 HEMBRA 2"", HEMBRA 2"" NPT",SON ADAPTADORES DE ACOPLE RÁPIDO EN ALUMINIO,Items_Images/MTTO-1919.Image.202425.png,CAT003,,,$0.00,LOC0074,2,1,FALSE,PIEZAS
MTTO-1920,"RONDANA DE PRESION, 3MM GALVANIZADA",RONDANA USO GENERAL,Items_Images/MTTO-1920.Image.211948.png,CAT010,fc5645e9,,$0.00,LOC0062,129,1,FALSE,PIEZAS
MTTO-1921,"RONDANA DE PRESION, 4MM GALVANIZADA",RONDANA USO GENARAL,Items_Images/MTTO-1921.Image.212114.png,CAT010,fc5645e9,,$0.00,LOC0062,55,1,FALSE,PIEZAS
MTTO-1922,"RONDANA DE PRESION, 9/16"" GALVANIZADA",RONDANA USO GENARAL,Items_Images/MTTO-1922.Image.132649.png,CAT010,fc5645e9,,$0.00,LOC0062,115,1,FALSE,PIEZAS
MTTO-1923,"RONDANA DE PRESION, 15MM GALVANIZADA",RONDANA USO GENARAL,Items_Images/MTTO-1923.Image.132826.png,CAT010,fc5645e9,,$0.00,LOC0062,140,1,FALSE,PIEZAS
MTTO-1924,"RONDANA DE PRESION, 18MM GALVANIZADA",RONDANA USO GENARAL,Items_Images/MTTO-1924.Image.132901.png,CAT010,fc5645e9,,$0.00,LOC0062,253,1,FALSE,PIEZAS
MTTO-1925,"RONDANA DE PRESION, 19MM GALVANIZADA",RONDANA USO GENARAL,Items_Images/MTTO-1925.Image.133435.png,CAT010,fc5645e9,,$0.00,LOC0062,200,1,FALSE,PIEZAS
MTTO-1926,"RONDANA DE PRESION, 22MM GALVANIZADA",RONDANA USO GENERAL,Items_Images/MTTO-1926.Image.133730.png,CAT010,fc5645e9,,$0.00,LOC0062,143,1,FALSE,PIEZAS
MTTO-1927,"RONDANA DE PRESION, 36MM GALVANIZADA",RONDANA USO GENERAL,Items_Images/MTTO-1927.Image.133936.png,CAT010,fc5645e9,,$0.00,LOC0062,44,1,FALSE,PIEZAS
MTTO-1928,"RONDANA DE PRESION, 26",RONDANA USO GENERAL,Items_Images/MTTO-1928.Image.134132.png,CAT010,fc5645e9,,$0.00,LOC0062,25,1,FALSE,PIEZAS
MTTO-1929,"PINTURA , TONO DE COLOR, BLANCO",USO GENERAL,Items_Images/MTTO-1929.Image.142810.png,CAT002,,,$0.00,26813a72,8,1,FALSE,LITROS
MTTO-1930,"PINTURA, TONO DE COLOR, NEGRA",USO GENERAL,Items_Images/MTTO-1930.Image.143038.png,CAT002,,,$0.00,26813a72,17,1,FALSE,LITROS
MTTO-1931,"PINTURA, TONO DE COLOR, ROJA",USO GENERAL,Items_Images/MTTO-1931.Image.143249.png,CAT002,,,$0.00,26813a72,9,1,FALSE,LITROS
MTTO-1932,"ABRAZADERA LISA PARA MANGUERA M56, UO7, TBC325 2""",ABRAZADERA USO GENERAL,Items_Images/MTTO-1932.Image.151254.png,CAT002,a5eff119,,$0.00,LOC0052,10,1,FALSE,PIEZAS
MTTO-1933,"LIMPIADOR MULTIUSOS EN POLVO, AJAX BICLORO",LIMPIEZA GENERAL,Items_Images/MTTO-1933.Image.144127.png,CAT002,,,$0.00,26813a72,3,1,FALSE,PIEZAS
MTTO-1934,"LIQUIDO DE FRENO SINTETICO, ´PRESTONE DOT 4.",LIQUIDO DE FRENOS,Items_Images/MTTO-1934.Image.144830.png,CAT002,,,$0.00,26813a72,5,1,FALSE,PIEZAS
MTTO-1935,"SOLUCION FOSFATIZANTE Y DESOXIDANTE, COMEX",ELIMINA EL OXIDO DE LAS SUPERFICIES DE FIERRO O METAL,Items_Images/MTTO-1935.Image.150229.png,CAT002,,,$0.00,26813a72,4,1,FALSE,PIEZAS
MTTO-1936,PASADORES DE HORQUIDEA TORNILLO ALLEN CILINDRICO (ESPECIAL CABEZA BARRENADA),PASADORES DE HORQUIDEA,Items_Images/MTTO-1936.Image.164819.png,CAT003,PROV001,,$0.00,LOC0046,49,1,FALSE,PIEZAS
MTTO-1937,"TORNILLO HEXAGONAL M16 X 40MM, PASO 2.0, PAVONADO",TORNILLO USO GENERAL,Items_Images/MTTO-1937.Image.160419.png,CAT010,fc5645e9,,$0.00,LOC0044,3,1,FALSE,PIEZAS
MTTO-1938,"TORNILLO HEXAGONAL M16 X 75MM, PASO 2.0, PAVONADO",TORNILLO USO GENERAL,Items_Images/MTTO-1938.Image.160946.png,CAT010,fc5645e9,,$0.00,LOC0044,1,1,FALSE,PIEZAS
MTTO-1939,"TORNILLO HEXAGONAL M13 X 30MM, PASO 1.75, PAVONADO",TORNILLO USO GENERAL,Items_Images/MTTO-1939.Image.200321.png,CAT010,fc5645e9,,$0.00,LOC0044,2,1,FALSE,PIEZAS
MTTO-1940,"TORNILLO HEXAGONAL M12 X 45MM, PASO 1.75, PAVONADO",TORNILLO USO GENERAL,Items_Images/MTTO-1940.Image.200908.png,CAT010,fc5645e9,,$0.00,LOC0044,1,1,FALSE,PIEZAS
MTTO-1941,"TORNILLO HEXAGONAL M12 X 25MM, PASO 1.75, PAVONADO",TORNILLO USO GENERAL,Items_Images/MTTO-1941.Image.201056.png,CAT010,fc5645e9,,$0.00,LOC0044,3,1,FALSE,PIEZAS
MTTO-1942,"TORNILLO HEXAGONAL M10 X 35MM, PASO 1.75, PAVONADO",TORNILLO USO GENERAL,Items_Images/MTTO-1942.Image.203932.png,CAT010,fc5645e9,,$0.00,LOC0044,4,1,FALSE,PIEZAS
MTTO-1943,"TORNILLO HEXAGONAL M10 X 37MM, PASO 1.75, PAVONADO",TORNILLO USO GENERAL,Items_Images/MTTO-1943.Image.204100.png,CAT010,fc5645e9,,$0.00,LOC0044,4,1,FALSE,PIEZAS
MTTO-1944,"TORNILLO HEXAGONAL M10 X 30MM, PASO 1.75, PAVONADO",TORNILLO USO GENERAL,Items_Images/MTTO-1944.Image.204146.png,CAT010,fc5645e9,,$0.00,LOC0044,6,1,FALSE,PIEZAS
MTTO-1945,"TORNILLO HEXAGONAL M10 X 50MM, PASO 1.75, PAVONADO",TORNILLO USO GENERAL,Items_Images/MTTO-1945.Image.204238.png,CAT010,fc5645e9,,$0.00,LOC0044,4,1,FALSE,PIEZAS
MTTO-1946,"TORNILLO HEXAGONAL M10 X 20MM, PASO 1.75, PAVONADO",TORNILLO USO GENERAL,Items_Images/MTTO-1946.Image.204339.png,CAT010,fc5645e9,,$0.00,LOC0044,4,1,FALSE,PIEZAS
MTTO-1947,"TORNILLO HEXAGONAL M10 X 25MM, PASO 1.75, PAVONADO",TORNILLO USO GENERAL,Items_Images/MTTO-1947.Image.204423.png,CAT010,fc5645e9,,$0.00,LOC0044,7,1,FALSE,PIEZAS
MTTO-1948,"TORNILLO HEXAGONAL M10 X 45MM, PASO 1.75, PAVONADO",TORNILLO USO GENERAL,Items_Images/MTTO-1948.Image.204506.png,CAT010,fc5645e9,,$0.00,LOC0044,4,1,FALSE,PIEZAS
MTTO-1949,"TORNILLO HEXAGONAL M10 X 75MM, PASO 1.75, PAVONADO",TORNILLO USO GENERAL,Items_Images/MTTO-1949.Image.204547.png,CAT010,fc5645e9,,$0.00,LOC0044,2,1,FALSE,PIEZAS
MTTO-1950,LIMPIADOR DE 118 ML TRANSPARENTE OATEY,LIMPIADOR DE TUBOS DE PVC,Items_Images/MTTO-1950.Image.212737.png,CAT002,PROV001,,$0.00,26813a72,0,1,FALSE,PIEZAS
MTTO-1951,"TORNILLO HEXAGONAL M20 X 50MM, PASO 3.0, PAVONADO",TORNILLO USO GENERAL,Items_Images/MTTO-1951.Image.205621.png,CAT010,fc5645e9,,$0.00,LOC0043,4,1,FALSE,PIEZAS
MTTO-1952,"TORNILLO HEXAGONAL M25 X 125MM, PASO 3.0, PAVONADO",TORNILLO USO GENERAL,Items_Images/MTTO-1952.Image.210126.png,CAT010,fc5645e9,,$0.00,LOC0043,2,1,FALSE,PIEZAS